Actual,Predicted,Placement_Probability
-1,0,7.721352205822523e-65
0,0,0.40099927641806093
0,0,2.4259165318937102e-23
-1,0,1.5422148276679635e-47
0,0,0.006721767361545964
0,1,0.9992385207630187
0,0,2.72883898486737e-05
0,0,4.5041033413845324e-27
-1,0,3.0484237394158803e-37
0,0,2.4708944861360175e-15
-1,0,3.050906563393238e-40
0,0,1.8330517342265654e-25
0,0,1.2459753509623905e-13
0,0,1.7085051752687375e-18
0,0,3.936813215920681e-28
0,0,3.557351967066291e-23
-1,0,2.1342284028128434e-48
0,0,1.4745909316856036e-13
0,0,8.233765155922897e-57
-1,0,1.725986801643058e-48
0,0,8.405472868634772e-12
0,1,0.9999997544531459
-1,0,2.0393531310268578e-42
0,0,1.3828225274154256e-21
0,0,1.9368262475632567e-21
0,0,2.2922013815935168e-21
0,0,3.22951900331595e-05
0,0,6.0207725851785755e-24
-1,0,1.4324262895574716e-65
0,1,0.9999999969244722
0,0,1.1732003907905576e-36
0,0,2.4180293347943972e-11
0,0,0.0007922964240672709
-1,0,5.347918043748007e-39
0,0,4.3276931888805255e-11
-1,0,3.391509569312631e-54
0,0,4.2593059247390175e-28
0,0,4.7746173831635154e-35
0,0,2.5805907104100252e-06
-1,0,1.834544684415435e-28
-1,0,1.024366132663966e-71
0,0,5.040817129362813e-28
0,0,2.88039634311617e-35
0,0,8.881330911417573e-08
-1,0,5.673728419158291e-50
0,0,0.0005657986584485379
0,0,0.016183188969680833
0,0,1.3735294938815101e-34
-1,0,3.1423875028379696e-63
-1,0,4.04424245057965e-44
0,1,0.9999999956923156
0,0,4.6781568514475466e-43
0,0,5.066665722410725e-09
-1,0,6.658785895746253e-57
0,0,3.2322536041989854e-08
0,0,2.311470583498895e-14
-1,0,3.8182162984265083e-39
0,0,3.8284336306748464e-11
-1,0,2.130266177162592e-79
0,0,2.7238471855443807e-36
0,0,7.161508972972713e-05
-1,0,5.930457065491713e-44
-1,0,1.2302860793926403e-42
0,0,2.4358117161724606e-38
-1,0,5.61270512640593e-48
0,0,5.670415072970668e-10
0,0,9.980183981961464e-24
0,0,0.0001740593472809313
0,0,1.6352154498233975e-18
-1,0,2.156561987804129e-41
0,0,1.1076321234882641e-31
-1,0,6.189791665813323e-78
-1,0,6.589826801789e-64
0,0,1.5488616054856388e-25
0,0,4.7590940345236434e-23
0,1,0.9942793861958276
-1,0,7.946808723394632e-50
-1,0,4.007264512394356e-48
0,0,9.366708543598662e-35
0,1,0.9992385207630187
-1,0,3.786386353759154e-46
0,0,6.638662835248885e-08
0,0,2.171152866966102e-28
-1,0,4.738670879511787e-45
0,0,3.7965185110096325e-18
0,1,0.9992385207630187
0,0,8.362590651061912e-31
0,0,7.441840909876691e-15
0,0,2.446309799184338e-16
-1,0,2.4417681899442488e-47
0,0,2.171152866966102e-28
0,0,1.822215925710872e-41
0,1,0.9990989279903378
-1,0,1.4682628787079896e-35
0,0,1.084371699285859e-36
-1,0,6.671171020458928e-26
-1,0,8.641436821249569e-66
0,0,5.869040622255591e-51
-1,0,5.603573618581876e-42
0,0,5.970581385083449e-31
0,0,2.286609762586424e-12
0,0,5.366596101361117e-14
0,0,1.5589823265471226e-49
0,0,1.3933123116193668e-11
-1,0,2.4417681899442488e-47
0,0,4.281147042883472e-09
0,1,0.9999999999986742
0,0,3.389528996122073e-14
-1,0,1.2927734738035964e-63
-1,0,1.803344864049101e-48
-1,0,1.2406283778728978e-35
0,0,3.3291723129143553e-31
0,0,5.3532181883052404e-05
0,0,1.6365472699619638e-21
0,0,1.7465749979406465e-16
0,1,0.9994562134587761
-1,0,1.0252004395100904e-74
-1,0,1.3780097115544431e-46
-1,0,8.39670121276177e-46
0,1,0.996541059690446
-1,0,1.5184570476838378e-73
-1,0,3.1713845931159487e-59
0,0,1.0510906014108175e-07
0,0,2.189404484514647e-21
0,0,5.062516872573175e-06
-1,0,1.6165922038149602e-59
0,0,1.4733909111973786e-10
0,0,3.731951702380055e-38
-1,0,1.4670680081983107e-32
0,0,1.0357415715571812e-36
0,0,2.878052280144555e-32
0,0,7.272035496610606e-51
0,0,1.648961753639555e-11
0,0,9.818442758643129e-47
0,0,5.044922681183829e-31
0,0,2.2828843849904702e-06
0,0,2.1588143850292793e-07
0,0,3.0640556381560972e-18
0,1,0.9999999999986742
0,0,4.7746173831635154e-35
-1,0,7.434074866363372e-49
-1,0,7.077597730221838e-37
-1,0,4.673274891444642e-77
-1,0,2.663863208702285e-75
0,0,8.873316656119891e-05
-1,0,1.9019001108546558e-75
0,0,8.355785185161845e-28
0,0,1.2946554049266107e-23
-1,0,1.3009949834469345e-41
0,1,0.9998586465460247
0,0,1.5606109252365476e-15
0,1,0.9999999999994289
0,1,0.9998586465460247
0,0,6.236746049094215e-68
0,0,4.830459715038886e-40
-1,0,1.2788691610966072e-61
-1,0,1.7926846632103807e-64
0,1,0.99843726665314
0,0,1.2864739576252513e-45
0,0,2.2940682915239396e-24
-1,0,7.908084963096478e-32
0,0,5.3532181883052404e-05
0,0,0.0004781210924563133
0,0,7.81030267911309e-24
-1,0,3.1765526385806495e-65
0,0,2.1394473922035383e-57
0,0,7.8695498986209e-14
0,1,0.6084988841346733
-1,0,7.721352205822523e-65
-1,0,7.792602726892727e-61
0,0,1.4385998907419779e-43
0,0,6.644070211624141e-11
0,0,5.016253883786649e-10
0,1,0.9999999992008601
0,0,2.180505544568892e-06
0,0,2.4219697227718518e-17
0,0,1.2376019765855888e-26
-1,0,6.339485247183406e-45
0,1,0.9999998518682707
0,0,9.955838221224878e-15
-1,0,3.962537520976893e-52
-1,0,6.291757374706674e-55
0,0,1.3140695966477724e-40
-1,0,7.508785110922695e-48
0,0,1.3186590962312202e-15
-1,0,1.5250014320591752e-51
0,0,1.0510906014108175e-07
0,0,4.284633890939777e-12
0,0,7.108101405035189e-15
0,0,5.0326160462808525e-22
0,0,3.395052526757133e-20
0,0,1.4745909316856036e-13
0,0,7.167854559599728e-08
-1,0,6.5189504925254865e-62
0,0,5.96086763575867e-25
0,0,6.687484537200293e-35
-1,0,1.2155642390345623e-43
0,0,1.2345829579318831e-17
0,0,1.7140780261719892e-30
0,0,1.1763397953151616e-08
-1,0,2.7055420142482613e-49
-1,0,9.389613661181497e-44
0,0,4.666744908782098e-34
0,0,0.00010501250477290796
0,0,4.755221089700783e-20
0,0,3.834672394516415e-17
-1,0,3.8213260888581655e-42
0,0,4.71174242251871e-24
0,0,2.7194156625397087e-30
0,0,2.4443189953032195e-13
0,0,5.636895273758859e-26
-1,0,7.060332567451291e-28
0,0,1.834544684415435e-28
0,1,0.9989337726694621
-1,0,7.35109960937303e-53
-1,0,2.7327319079719024e-48
0,0,5.61856846690496e-14
0,0,7.113890680447932e-18
0,0,3.4089007651225375e-35
0,0,3.023705443043534e-07
0,0,5.911175823617494e-32
0,0,7.888793901454449e-23
0,0,1.1646355662276748e-09
-1,0,2.6731669770247307e-50
-1,0,2.3982880989711264e-64
0,0,1.733425616638832e-26
0,0,3.590178235642883e-19
0,0,5.931817588179307e-07
0,0,1.4524711049631427e-33
0,1,0.8348283043580801
-1,0,1.8988058425202777e-69
0,0,2.4318488082263972e-32
0,0,8.903049889243346e-17
0,0,2.2758624382669467e-40
0,0,7.020205869379454e-07
0,0,3.8058024235489005e-27
0,0,4.4931159865943484e-18
0,0,2.40569326978843e-30
0,0,4.4167022514272784e-38
-1,0,5.853377313273342e-79
-1,0,1.8266719275011704e-50
-1,0,6.184754421032488e-75
0,0,0.0005657986584485379
0,0,1.1615273855283039e-37
-1,0,3.978700500397644e-67
-1,0,6.71476243031286e-50
0,0,2.7105742342034227e-18
0,1,0.9998805588889411
0,0,3.22951900331595e-05
0,0,1.9305291886624823e-09
0,0,1.5606109252365476e-15
-1,0,1.0896815751854072e-54
0,1,0.9999999986753256
0,0,1.5488616054856388e-25
0,0,1.0431774000827103e-17
0,0,3.4291717963536734e-19
0,0,8.369401659752582e-34
0,0,8.376218215747831e-37
0,0,2.567431931143798e-25
0,0,3.0286337483300954e-13
-1,0,1.9100970930399043e-53
-1,0,8.286128528935902e-35
-1,0,1.843527955200596e-46
0,0,6.351276483097403e-14
0,0,1.4548380322424268e-39
0,0,5.028520509584165e-19
0,0,1.1142186588305453e-15
0,0,3.0590706180177383e-12
-1,0,9.760402516969332e-63
0,0,3.949654425536882e-40
0,0,1.6516488794511164e-17
0,0,8.405472868634772e-12
0,0,1.7390797537483555e-38
0,0,4.5456659720575575e-23
0,1,0.9999999999956888
-1,0,2.701140272571971e-43
-1,0,2.5758064538338843e-37
-1,0,3.196754211926447e-43
-1,0,1.0218672836630169e-62
0,0,4.2489157312181336e-19
0,0,3.5989575687722334e-28
-1,0,7.434074866363372e-49
-1,0,5.293751723703759e-09
0,0,7.948636537916661e-13
-1,0,2.0737845556125497e-28
0,0,2.691253105112919e-37
0,1,0.9959089985382366
-1,0,7.835778547123054e-36
-1,0,6.93461059941292e-45
0,0,6.727251669555139e-19
0,1,0.9920058436002613
0,0,3.054084380743287e-06
0,0,3.2053085466773564e-15
0,0,1.045728360315677e-26
0,0,4.79519546368602e-13
-1,0,1.3850759563141635e-27
0,0,1.1067307338399106e-28
-1,0,2.3090584140709314e-48
0,0,7.89521902090161e-26
-1,0,1.6966332085562339e-68
-1,0,1.6281980935014953e-40
0,0,0.2238077031810385
0,0,1.837534233635172e-34
0,0,7.89521902090161e-26
0,1,0.9998805588889411
-1,0,1.605728159251801e-72
0,1,0.9932368483549618
0,1,0.995161999928704
-1,0,3.9689948185585506e-58
-1,0,5.659887869242068e-41
-1,0,2.4298697726823984e-29
0,0,2.1605731223381834e-10
0,0,1.7612574335408236e-09
0,0,5.61856846690496e-14
-1,0,6.216468993253129e-56
-1,0,2.98372015528008e-79
0,0,5.627724410131389e-20
0,0,0.009389440805951459
-1,0,5.650679598150451e-35
-1,0,9.913113781281077e-37
0,0,8.328618659306361e-16
-1,0,4.9631634703840834e-54
0,0,1.088794793671015e-51
-1,0,5.027364185125254e-56
0,0,9.328657446911647e-20
0,0,1.4518748960900633e-39
0,0,5.040817129362813e-28
-1,0,2.460290900507704e-37
-1,0,2.8827423152369464e-38
-1,0,8.879289409418316e-45
0,0,3.0335691689485574e-19
0,0,5.3175274163539105e-18
0,0,2.1640939635609214e-16
-1,0,1.6445610007823005e-39
0,0,1.6312264862209458e-09
-1,0,3.607758370665844e-37
-1,0,5.873820730280801e-54
0,0,1.1133119090666612e-12
-1,0,6.69293123633942e-38
0,0,2.7194156625397087e-30
0,0,4.2523763097849655e-22
0,0,2.8424655955439566e-24
-1,0,1.313000208439796e-37
0,0,1.3076663072461031e-22
-1,0,1.6308513831059392e-46
-1,0,1.369301514923168e-68
-1,0,5.261248418401995e-62
-1,0,2.4115760926557816e-39
0,0,4.943001231727108e-39
0,0,7.025928484666469e-10
0,0,1.9368262475632567e-21
0,0,6.671171020458928e-26
-1,0,5.311978231710187e-52
0,1,0.9998805588889411
0,0,8.342190863693731e-22
-1,0,8.783788984118497e-43
0,0,2.3309012270511136e-07
0,1,0.9999999999995175
0,0,0.00010501250477290796
0,0,3.5660510276497356e-32
0,0,5.965722533357284e-28
0,0,4.288123560593319e-15
0,0,1.6378801748168368e-24
0,0,1.5606109252365476e-15
0,0,3.780226148326077e-40
0,0,1.462298242090953e-20
0,0,1.2480057755523227e-19
0,0,3.038512632260806e-25
0,0,1.7119920689845498e-18
0,0,6.615557878653684e-33
-1,0,1.7273925515591176e-51
-1,0,4.526158721285427e-45
-1,0,2.6797038734853426e-59
-1,0,1.8251853841521008e-47
-1,0,1.1770271692821696e-48
0,0,4.7668493898325065e-29
0,0,7.942167941059083e-10
-1,0,1.8988058425202777e-69
0,0,1.1693860540114773e-24
0,0,5.012169152926518e-07
0,0,3.4005850584630104e-26
0,0,1.2345829579318831e-17
-1,0,4.456433361922729e-71
0,0,1.3921784164260268e-08
-1,0,1.3556773600773454e-69
0,0,2.7194156625397087e-30
0,1,0.9998805588889411
0,0,2.5826991605843896e-09
0,0,5.716768061396451e-40
-1,0,3.226252983289404e-39
-1,0,8.25389980174494e-66
0,1,0.9999999999995923
0,0,1.8004109387199298e-42
0,0,9.864808473422628e-19
0,0,5.0831923429082335e-21
-1,0,7.30764469412992e-69
-1,0,7.345117293628129e-50
-1,0,4.0376627299728974e-38
0,0,0.03126115450602272
-1,0,1.3802552975535198e-52
0,0,3.226252983289404e-39
0,0,2.875710124768479e-29
0,0,1.7494211929484372e-22
-1,0,5.550059046208145e-52
0,0,1.3921784164260268e-08
-1,0,6.503048099420267e-53
-1,0,2.3171229965379114e-23
0,0,4.8671025083878075e-30
-1,0,6.226599267095101e-62
-1,0,7.478281598730571e-33
0,0,3.4061266059078197e-32
-1,0,1.2142957189347774e-77
0,0,6.67660443286578e-29
0,0,8.302981623771175e-50
-1,0,2.30155114889863e-36
0,0,1.037010814413511e-33
0,0,1.1067307338399106e-28
0,0,8.821646157274373e-21
-1,0,4.229918028516321e-10
-1,0,1.1019813144820102e-50
-1,0,5.930457065491713e-44
0,0,1.4781968599069606e-22
0,1,0.9998586465460247
0,0,0.2238077031810385
0,0,0.003598531040649123
-1,0,2.39438623952067e-58
-1,0,8.765898633360155e-43
0,0,1.2237885103634802e-30
0,0,4.7648926983064323e-35
-1,0,4.7125603914735406e-70
0,1,0.9989337726694621
0,0,1.6392141652714866e-27
0,0,7.048845863513023e-22
0,1,0.9999999999995923
0,0,0.016183188969680833
-1,0,1.1085342472838436e-34
0,0,3.242796765996822e-20
-1,0,5.0655006520026066e-46
0,0,1.238609955831449e-29
0,1,0.9993565019537479
0,0,5.91599024914494e-35
0,0,1.3839487832187658e-24
-1,0,1.6044214196673297e-69
-1,0,2.135966649823336e-51
0,0,6.671171020458928e-26
0,0,3.8377955878059175e-20
-1,0,2.580003953213287e-43
-1,0,5.303335987071985e-46
0,1,0.9844369487419621
0,0,1.8424479774331652e-06
0,0,3.799610629427391e-21
0,0,2.4278923476750363e-26
0,0,1.2155642390345623e-43
0,0,3.6567423032672505e-11
-1,0,2.567431931143798e-25
0,0,9.359085927803079e-32
-1,0,4.007264512394356e-48
0,1,0.9999999999998941
0,0,7.875959344567797e-17
0,0,1.244961377612252e-10
0,0,7.901649373361628e-29
-1,0,7.484372371684152e-36
0,1,0.6852339549890726
-1,0,7.854939966327717e-45
-1,0,4.034376885050959e-35
0,0,1.5631540757051585e-21
0,0,2.5590846358987305e-13
0,1,0.9998805588889411
0,0,3.2131467289810357e-24
0,0,5.024428305830088e-16
0,0,2.5549205181327333e-07
0,0,7.522751206468562e-17
0,0,8.355785185161845e-28
0,0,3.334597487114249e-37
0,0,0.19590697142702915
0,0,1.5513856094215994e-31
0,0,8.412318803314048e-15
-1,0,4.244481712155823e-53
-1,0,4.9712513744872054e-60
0,0,1.3175859730924498e-12
-1,0,5.006941138993312e-41
0,0,1.1058300777413428e-25
-1,0,6.313731871281273e-30
-1,0,6.339485247183406e-45
0,0,2.4180293347943972e-11
0,0,2.167620541831387e-22
0,0,1.3735294938815101e-34
-1,0,3.050906563393238e-40
0,0,7.968073937269382e-22
0,1,0.9996718776349768
0,0,4.034376885050959e-35
0,0,5.6094271051491705e-08
-1,0,1.9447264586313445e-36
0,0,1.9483056267653263e-05
0,0,1.849966633033214e-21
0,0,1.1130558994148668e-49
0,0,1.6405492422101055e-30
-1,0,7.030033887615479e-50
-1,0,1.3626290876023268e-50
0,0,9.422407683732956e-19
0,0,6.671171020458928e-26
-1,0,4.941864572701103e-76
-1,0,1.0858890156454254e-79
0,0,4.2523763097849655e-22
-1,0,1.605728159251801e-72
0,0,5.024428305830088e-16
0,0,2.065360061963513e-13
0,1,0.9998805588889411
0,0,4.2489157312181336e-19
-1,0,7.301697741941043e-66
0,0,2.388545349753177e-49
0,0,1.3862040474487271e-30
-1,0,4.040951251089242e-41
-1,0,3.050906563393238e-40
-1,0,9.31133866052048e-51
0,0,8.369401659752582e-34
0,0,5.592160560080905e-42
0,0,2.5549205181327333e-07
0,0,4.0278132150805935e-29
0,0,7.901649373361628e-29
0,0,0.001109364029501592
0,0,3.8409213248163756e-23
0,0,5.222839240479101e-35
0,0,4.5456659720575575e-23
-1,0,3.5254377582644595e-73
-1,0,3.962537520976893e-52
0,0,2.5805907104100252e-06
0,0,2.548102591453871e-35
-1,0,2.4417681899442488e-47
0,0,3.7965185110096325e-18
-1,0,4.5187949541097945e-39
0,0,1.6476198034902504e-08
0,0,6.282965881008664e-12
0,0,1.0491393469030375e-38
0,0,1.1636864344359053e-06
0,0,2.866360548190573e-17
0,0,6.69293123633942e-38
0,0,2.0704106424159127e-22
0,1,0.9998805588889411
0,0,7.441840909876691e-15
0,0,2.2513845976699784e-38
-1,0,2.8827423152369464e-38
0,0,6.010977178021069e-18
0,0,1.1067307338399106e-28
0,1,0.9328310141832646
0,0,1.4670680081983107e-32
-1,0,7.047224958743161e-59
-1,0,5.044922681183829e-31
-1,0,3.3859918028399486e-48
-1,0,1.9253769916830642e-37
0,0,2.065360061963513e-13
-1,0,2.0410141057747686e-45
-1,0,9.663289329114422e-64
-1,0,3.1449468566892876e-66
0,0,4.277644770719945e-06
-1,0,5.843854247384685e-73
-1,0,1.4694587223937558e-38
0,0,1.7203752326482014e-36
0,0,7.981058602851164e-28
0,1,0.9999999999999105
0,0,5.675033411334533e-13
0,0,3.799610629427391e-21
-1,0,4.959124454107521e-51
0,0,2.540843333381408e-32
-1,0,4.9712513744872054e-60
-1,0,1.2396187560376748e-32
0,0,1.7348374251838137e-29
0,0,1.6312264862209458e-09
-1,0,5.669111146007705e-47
0,0,1.726383789116261e-11
0,0,3.3790953961608714e-48
0,0,9.351469515282643e-29
0,1,0.9816338355075707
-1,0,1.6139621129719564e-53
0,0,1.5568015316844568e-06
0,0,1.1572757678372101e-31
-1,0,8.71408034733711e-59
0,0,4.694495711258202e-18
0,1,0.9844369487419621
-1,0,4.7746173831635154e-35
-1,0,1.392991914992902e-48
-1,0,1.54095977515394e-44
-1,0,9.85451390615333e-53
-1,0,5.290398976163224e-37
-1,0,3.778674444912373e-46
0,0,4.2593059247390175e-28
0,0,5.0707923525835785e-12
-1,0,2.058171722558276e-38
0,0,1.5225203534714357e-45
0,0,3.2348862549912824e-11
0,1,0.9999725424628295
-1,0,1.2819964761370286e-70
0,0,0.0004781210924563133
0,0,1.6405492422101055e-30
0,0,1.1684344090910377e-21
-1,0,2.976441638457528e-70
0,0,4.034376885050959e-35
-1,0,2.560579962957432e-53
-1,0,5.930457065491713e-44
-1,0,3.2019635993788986e-49
0,0,2.4259165318937102e-23
-1,0,9.92118763147067e-40
0,0,1.5501230937367589e-28
0,0,7.888793901454449e-23
0,1,0.9999999999994289
0,0,1.6298963422219067e-06
-1,0,5.299020138823171e-43
0,0,2.567431931143798e-25
-1,0,6.916103494848479e-73
0,0,7.441840909876691e-15
0,0,4.024535385681687e-26
0,0,1.8300694777430902e-19
0,0,5.702822520146e-31
-1,0,1.369301514923168e-68
-1,0,4.778506125521921e-38
0,0,2.866360548190573e-17
-1,0,7.5026744709122e-45
-1,0,6.703837946612276e-44
0,0,8.412318803314048e-15
-1,0,8.326703466667432e-53
0,0,7.516629200866322e-14
0,0,4.482155414377611e-09
0,0,3.018092803088923e-38
0,0,5.006037046657345e-10
0,1,0.9999999999999545
0,1,0.9990989279903378
-1,0,1.5472452679732114e-59
0,0,1.9499303994023235e-08
0,0,9.321065797051221e-17
0,0,3.4319647249903506e-22
-1,0,1.7203752326482014e-36
-1,0,6.154616921057528e-57
0,0,2.5491311286250326e-44
0,0,2.4076526144999838e-33
0,0,2.40569326978843e-30
0,0,1.1596376556796793e-31
0,1,0.9993263087946066
0,0,2.4219697227718518e-17
0,0,1.3933123116193668e-11
0,0,1.5413139677462272e-07
0,0,2.4007934826360617e-30
-1,0,2.0297679408163614e-70
-1,0,4.998795169954212e-35
0,0,1.3910261329170488e-05
0,0,3.5931022978364907e-22
-1,0,8.376218215747831e-37
0,0,1.8390308346475755e-37
-1,0,5.213142964495402e-66
0,0,2.3095895115515735e-11
0,0,3.223627462613011e-36
0,0,1.4757919293275348e-16
0,0,5.7964708155938246e-43
0,0,3.7471741345326087e-53
0,0,3.4061266059078197e-32
-1,0,2.976441638457528e-70
0,0,1.0448773478730175e-23
0,0,3.590178235642883e-19
0,0,8.206995344464125e-45
0,0,5.062516872573175e-06
0,0,5.0326160462808525e-22
0,0,1.3862040474487271e-30
0,1,0.9998586465460247
-1,0,2.30155114889863e-36
0,0,5.016253883786649e-10
0,0,1.504919319226008e-40
0,0,2.132491570385612e-45
-1,0,4.230681953112067e-41
-1,0,1.803344864049101e-48
-1,0,8.676684781620711e-81
0,0,5.684281369074064e-19
0,0,9.896985787022506e-31
0,0,2.4239423240288167e-20
0,0,3.802705266256765e-24
0,0,5.012169152926518e-07
0,0,2.5632548856303504e-19
-1,0,1.5422148276679635e-47
0,0,5.330530766479859e-27
0,0,1.9384037181049167e-24
0,0,3.834672394516415e-17
0,1,0.9999999999997922
0,0,1.1114993872453482e-06
0,1,0.9999999999988798
0,0,8.821646157274373e-21
-1,0,2.163596323195992e-53
0,1,0.9998248619036794
-1,0,2.0548232104301038e-32
0,0,2.5549205181327333e-07
0,1,0.9998805588889411
0,0,1.0414802179865633e-11
0,0,5.632307975376277e-23
0,1,0.9993565019537479
-1,0,1.8988058425202777e-69
0,0,5.970581385083449e-31
0,0,4.48396464869866e-18
0,0,4.288123560593319e-15
-1,0,1.2302860793926403e-42
0,0,7.05458687756448e-25
-1,0,4.3977484349933293e-60
-1,0,5.286093656037842e-34
0,0,8.843218392768287e-30
0,0,7.379803202771979e-22
0,0,5.091475844439491e-27
0,0,1.8390308346475755e-37
0,1,0.9426474162673102
-1,0,4.1587313933434144e-61
0,0,5.334872278923794e-30
-1,0,3.411677183783317e-38
0,0,1.3910261329170488e-05
0,0,1.2864739576252513e-45
-1,0,1.9100970930399043e-53
0,0,7.813455294180531e-33
0,0,1.2439480750013903e-07
-1,0,3.731093528087044e-75
-1,0,1.823700050550139e-44
0,0,1.0510906014108175e-07
-1,0,8.721177630876798e-62
0,1,0.996541059690446
-1,0,1.1741559174199063e-39
0,0,7.161508972972713e-05
0,0,2.167620541831387e-22
0,0,4.5041033413845324e-27
-1,0,6.524259927162587e-65
0,0,2.171152866966102e-28
-1,0,2.1216122339018415e-64
-1,0,3.2157637135027312e-27
0,1,0.9999999999956888
0,0,3.362629505927435e-30
-1,0,1.9003523469032475e-72
0,0,1.4745909316856036e-13
-1,0,3.411677183783317e-38
0,0,1.954698749125462e-17
0,0,6.716306866666559e-13
0,0,1.2307826822249051e-51
-1,0,1.147628324953917e-38
0,0,0.04324379515729852
0,0,7.048845863513023e-22
0,0,9.351469515282643e-29
0,0,9.336255279878986e-23
0,0,9.343859300989404e-26
0,0,3.617412516379185e-09
0,0,2.446309799184338e-16
0,0,1.244961377612252e-10
0,0,3.389528996122073e-14
-1,0,5.834346674907289e-67
-1,0,3.95609072900041e-46
-1,0,4.269721526182412e-37
-1,0,1.7376644928016494e-35
0,0,2.7149913493360288e-24
0,0,4.791293137271496e-10
0,0,3.5931022978364907e-22
0,0,9.336255279878986e-23
0,0,4.204913508633939e-26
0,1,0.9999999999996556
-1,0,9.846494314958708e-50
-1,0,1.1436340858557504e-63
0,0,6.293204517319474e-18
-1,0,5.626430296808982e-57
0,1,0.9999999999999545
-1,0,4.734814555027112e-42
-1,0,2.058171722558276e-38
0,0,1.4575439623153605e-08
0,0,4.674349773203925e-40
0,0,8.843218392768287e-30
0,0,1.849966633033214e-21
-1,0,4.9257974660543126e-64
-1,0,1.356781507185163e-72
0,0,2.388545349753177e-49
0,0,6.981528826602114e-32
0,0,1.5463417079406335e-19
-1,0,7.466114918780165e-27
0,0,3.787257231396363e-09
-1,0,3.166224955726774e-53
-1,0,1.1770271692821696e-48
-1,0,1.5447280001046604e-53
0,0,9.30590102566265e-11
0,0,8.762361721319106e-34
0,0,8.873316656119891e-05
-1,0,1.7245821957245615e-45
0,0,1.7960189982486137e-33
-1,0,1.9447264586313445e-36
-1,0,1.3052386059852205e-53
0,0,2.4318488082263972e-32
-1,0,4.794092793073832e-50
0,0,1.6392141652714866e-27
-1,0,3.1739675639830485e-62
0,0,1.3076663072461031e-22
-1,0,7.030033887615479e-50
-1,0,4.786293114511911e-44
0,0,3.250726621065573e-29
0,0,5.313200019137595e-15
0,0,1.6255491206274863e-34
0,0,1.2416388220063035e-38
0,0,4.045171014695277e-07
0,0,4.291616072430402e-18
0,0,1.3208079652698235e-21
-1,0,4.251398462180141e-59
-1,0,3.204571475671329e-52
-1,0,9.896985787022506e-31
0,0,8.286128528935902e-35
0,0,2.0687257448029567e-19
0,0,4.0212602237762793e-23
-1,0,1.0491393469030375e-38
0,0,5.670415072970668e-10
0,1,0.9999999999999105
-1,0,4.2593059247390175e-28
-1,0,9.389613661181497e-44
0,0,5.96086763575867e-25
-1,0,3.997489151218388e-39
0,0,4.7707318054588183e-32
-1,0,2.996579663946795e-57
-1,0,4.7746173831635154e-35
0,0,1.1085342472838436e-34
0,0,6.93461059941292e-45
0,0,3.632167762433703e-24
0,1,0.9783369542741867
-1,0,2.812381854943386e-68
0,1,0.9583694221824719
0,0,8.800126545230532e-12
0,0,0.002571865734129096
0,0,3.5960287415663755e-25
0,1,0.9993565019537479
0,0,4.7474846528831225e-14
0,0,1.3816971881576809e-18
0,0,2.873369875435543e-26
0,0,9.848759068762597e-13
-1,0,2.7033402475125777e-46
-1,0,3.223627462613011e-36
0,0,3.2157637135027312e-27
0,0,4.7590940345236434e-23
0,0,3.3978176665600345e-23
-1,0,3.1552051340329213e-78
-1,0,2.0410141057747686e-45
0,0,1.1655841184927064e-12
-1,0,1.837534233635172e-34
0,0,3.0409873840223374e-28
-1,0,8.87206345470935e-42
-1,0,4.050832893410165e-50
0,0,1.0482855586037235e-35
-1,1,0.9999999999999243
0,0,7.901649373361628e-29
0,0,1.3197330933858103e-18
0,0,3.58142031762407e-10
-1,0,3.94232183542897e-71
0,0,1.1004413912022586e-07
-1,0,3.209793602031066e-58
0,1,0.9999999928594738
0,0,2.4278923476750363e-26
0,0,1.2459753509623905e-13
0,0,6.602083664834883e-33
-1,0,7.854939966327717e-45
0,0,9.445449006616122e-28
0,0,1.5488616054856388e-25
0,0,5.016253883786649e-10
-1,0,1.3637388966250224e-53
0,0,2.8951666204187995e-16
0,1,0.9997657107404381
-1,0,1.7376644928016494e-35
0,0,3.6537663175497016e-08
-1,0,1.1722456417676111e-33
-1,0,1.228284483601201e-36
0,0,1.0482855586037235e-35
0,0,1.3910261329170488e-05
0,1,0.9999999999998941
0,0,3.134721931298972e-54
-1,0,3.94232183542897e-71
-1,0,7.434074866363372e-49
0,0,9.389613661181497e-44
-1,0,3.7441246888694135e-50
0,0,1.9384037181049167e-24
0,0,0.000404024767464273
0,0,1.5580719098814776e-09
0,0,1.8330517342265654e-25
0,0,2.7017542518317e-06
-1,0,3.9689948185585506e-58
0,0,1.81481339855295e-26
-1,0,2.2472048698631308e-69
0,1,0.9999999999997089
0,0,5.675033411334533e-13
-1,0,2.4338294556188213e-35
0,0,1.0934873805614342e-29
0,0,4.008186207539365e-11
0,0,6.701086161978628e-50
-1,1,0.9999999999939615
0,0,2.1640939635609214e-16
0,0,5.684281369074064e-19
-1,0,6.31887416323833e-33
0,0,3.395052526757133e-20
-1,0,2.1268003720248482e-73
0,0,1.8004109387199298e-42
-1,0,2.2786513792741297e-37
0,0,4.011450721321668e-14
-1,0,3.1713845931159487e-59
-1,0,1.0210356893349576e-59
-1,0,9.31133866052048e-51
0,0,1.0510906014108175e-07
-1,0,3.5741258726198483e-10
0,0,7.060332567451291e-28
0,0,4.5271995604720655e-08
0,0,4.4967754568839054e-21
-1,0,7.047224958743161e-59
0,0,1.1040309638061715e-19
0,0,1.5501230937367589e-28
0,0,3.054084380743287e-06
0,0,4.055064616264817e-16
0,0,4.500437907671498e-24
-1,0,1.171291669718219e-30
0,0,4.423899649714629e-44
-1,0,1.6993980190990698e-74
0,0,2.051480146114337e-26
-1,0,6.979923401601379e-69
0,0,4.048467287056211e-10
-1,0,1.5577136286633073e-46
-1,0,1.9178882773108434e-68
-1,0,3.350926112108043e-55
-1,0,1.6308513831059392e-46
0,0,6.660317457159918e-20
0,0,3.626258460663223e-18
0,0,1.1636864344359053e-06
0,0,5.074922318097523e-15
0,0,2.7083683722534117e-15
0,0,1.2843809477940155e-39
0,0,0.0009375332382084733
0,0,1.1485630241184224e-41
0,0,1.1142186588305453e-15
-1,0,4.46655560995002e-34
-1,0,1.7419137346075e-44
0,0,1.8439519744864257e-09
0,0,8.308294840773101e-07
0,0,5.379719442836943e-23
-1,0,3.4089007651225375e-35
-1,0,1.632179648879886e-49
0,0,3.9844924202137855e-27
0,0,5.028520509584165e-19
-1,0,4.280162597680134e-46
0,0,0.026543175832596553
0,1,0.9998805588889411
0,0,2.0619994296887393e-07
0,0,3.808902103356619e-30
0,0,4.934959288777231e-33
0,0,9.258425092762343e-30
0,0,1.2439480750013903e-07
0,0,4.5224753389315507e-42
-1,0,2.831409883831435e-55
0,0,4.7746173831635154e-35
0,0,5.370966987634598e-17
0,0,1.834544684415435e-28
-1,0,7.78626111645825e-58
0,0,7.935698323405924e-07
0,0,2.3171229965379114e-23
0,0,1.6462518977627758e-05
-1,0,9.20741036652676e-55
-1,0,1.84202769443709e-43
-1,0,4.481124748414085e-46
0,0,5.716768061396451e-40
0,1,0.9994562134587761
0,1,0.9998327148965551
0,0,1.935250060765139e-18
0,0,2.065360061963513e-13
-1,0,1.9238101222751823e-34
-1,0,7.75284719006975e-80
-1,0,2.8563843833277154e-42
-1,0,7.848547625925323e-42
0,1,0.9998805588889411
0,0,1.1674835386181039e-18
-1,0,1.9348050437914374e-55
-1,0,2.8429590538876965e-70
0,0,2.1478012210600403e-26
-1,0,4.241027558202691e-50
-1,0,9.160436902756637e-74
0,0,5.941487522317673e-13
0,0,3.4523609872403894e-06
-1,0,3.546401776822081e-57
0,0,6.671171020458928e-26
-1,0,2.4318488082263972e-32
0,0,4.709808351245023e-30
-1,0,3.032871589964606e-56
0,0,2.72883898486737e-05
0,0,1.4611082255951764e-17
0,0,0.004255991032254516
0,0,1.1693860540114773e-24
-1,0,1.2978213232575506e-32
0,0,1.730605445398026e-20
0,0,4.0278132150805935e-29
0,0,6.671171020458928e-26
0,0,3.340031502104686e-43
-1,0,2.8827423152369464e-38
0,0,1.102234776912776e-13
0,0,4.0310937141455423e-32
-1,0,7.472195782440466e-30
-1,0,4.419283023587467e-78
0,0,5.61270512640593e-48
0,0,3.4033547043003824e-29
0,0,5.0326160462808525e-22
0,0,9.351469515282643e-29
-1,0,2.299678149428189e-33
0,0,1.3548856718396287e-29
0,0,1.5606109252365476e-15
-1,0,2.178234795303713e-40
0,0,1.6392141652714866e-27
0,0,9.328657446911647e-20
0,0,0.029901125253882894
-1,0,9.838481250097315e-47
0,0,4.051764609707728e-13
-1,0,3.0279373042628576e-50
0,0,2.7172026054463096e-27
0,0,3.793428908954019e-15
0,0,1.8454538059016127e-12
0,0,4.7541276113221883e-57
0,0,9.896985787022506e-31
0,0,4.2420030204344476e-13
0,0,2.7149913493360288e-24
0,0,7.102316840877256e-12
0,1,0.9999963631396123
0,0,2.0531509978499514e-29
0,0,1.0975046514845704e-35
0,0,3.0409873840223374e-28
0,0,1.0879087338182883e-48
-1,0,7.012884752558738e-41
-1,1,0.999999999996922
-1,0,2.2800954630180686e-09
0,1,0.9932368483549618
0,0,3.3978176665600345e-23
0,0,1.2726373988168724e-43
0,0,4.5271995604720655e-08
-1,0,1.6405492422101055e-30
0,0,0.3233919406396295
-1,0,7.981058602851164e-28
0,0,5.911175823617494e-32
0,0,4.715579955638108e-27
0,0,7.875959344567797e-17
-1,0,1.3637388966250224e-53
0,0,3.395052526757133e-20
0,0,5.028520509584165e-19
0,0,1.2365948176319885e-23
-1,0,2.176462150528882e-37
-1,0,1.9332305018464156e-52
0,0,9.905046501580615e-34
0,0,1.3850759563141635e-27
0,1,0.9998805588889411
0,0,2.7172026054463096e-27
0,0,5.646081082101814e-32
0,1,0.999802026962188
-1,0,1.1741559174199063e-39
0,0,8.807293910168616e-15
-1,0,2.655202393814093e-63
0,0,4.051764609707728e-13
0,0,1.0519467847681646e-10
0,0,1.933675156665907e-15
0,1,0.7830138077937304
0,0,3.087298787622364e-08
0,0,2.4180293347943972e-11
0,0,7.447902003289706e-18
0,0,0.0003414075220388876
0,0,2.573710265736436e-34
0,0,7.108101405035189e-15
-1,0,2.858710798630123e-45
0,0,2.297806674202361e-30
0,0,4.284633890939777e-12
-1,0,1.9431438426512584e-33
0,0,2.565342558222492e-22
0,0,5.268907383677073e-22
0,0,4.778506125521921e-38
0,0,1.5618819828570632e-18
-1,0,1.7941447359713e-67
-1,0,1.3862040474487271e-30
0,0,2.571615783514225e-31
0,0,6.705375374063721e-07
0,0,5.679655507945882e-16
0,1,0.9993565019537479
0,1,0.8348283043580801
0,0,2.897524622362823e-19
-1,0,6.916103494848479e-73
-1,0,2.376359703194203e-68
0,0,2.167620541831387e-22
0,0,5.627724410131389e-20
0,0,1.9159948812404666e-19
-1,0,1.641885406517557e-33
0,0,8.29813284306692e-10
0,0,3.031100454121295e-16
0,0,9.80649414782779e-35
0,0,3.389528996122073e-14
0,0,2.048142520747752e-20
0,1,0.9998805588889411
0,0,7.901649373361628e-29
-1,0,7.74831968366598e-40
0,0,3.185052915055711e-37
0,0,7.955110396897695e-16
0,0,2.1693859854557384e-25
-1,0,7.484372371684152e-36
0,0,4.734814555027112e-42
0,0,1.251057618032513e-28
0,0,3.4291717963536734e-19
0,0,8.355785185161845e-28
0,0,3.4180216238487823e-07
-1,0,6.916103494848479e-73
-1,0,2.536126221278691e-63
0,0,7.856746033196594e-08
-1,0,1.7245821957245615e-45
-1,0,7.867740270319934e-51
0,0,9.351469515282643e-29
0,0,3.242796765996822e-20
0,0,0.03126115450602272
-1,0,1.0268710922884472e-80
-1,0,3.5989575687722334e-28
0,0,5.924560888225786e-10
-1,0,3.5835130182390754e-50
-1,0,1.809227065753809e-60
-1,0,8.34027255008252e-59
0,0,2.4502962725657256e-22
0,0,1.5724246471331162e-05
0,0,2.7105742342034227e-18
-1,0,5.86426440427628e-48
-1,0,8.606332051364746e-51
0,0,0.04324379515729852
0,0,3.411677183783317e-38
0,0,2.167620541831387e-22
-1,0,3.0156366829089596e-35
-1,0,1.8957166083601828e-63
0,0,2.5805907104100252e-06
0,1,0.9816338355075707
0,0,3.614455619298259e-06
0,0,8.585337678784102e-42
0,0,5.326192787153291e-24
0,0,0.4839107504998532
0,0,2.8951666204187995e-16
0,0,2.712781892743208e-21
0,0,4.762970133711148e-26
0,0,1.1058300777413428e-25
0,0,7.001475243143155e-35
-1,0,6.698382371605761e-41
-1,0,1.3589924999893074e-78
0,0,0.2876778230149282
0,0,2.2959367219807674e-27
0,0,2.1478012210600403e-26
0,0,2.892810537413019e-13
-1,0,1.050849010201309e-44
0,0,4.7590940345236434e-23
0,0,0.2876778230149282
0,0,4.2350997625793924e-07
0,1,0.5975154997676814
-1,0,2.2777160407559435e-43
0,0,5.03671491863485e-25
-1,0,2.5129375228298722e-67
0,0,5.303335987071985e-46
0,0,7.020205869379454e-07
0,0,1.3978570574708425e-23
-1,0,1.2840856002655384e-76
0,0,3.6018887813952376e-31
-1,1,0.999999999999936
-1,0,2.6731669770247307e-50
0,0,1.0287810390476614e-49
0,0,2.7355866700355753e-14
0,1,0.9844369487419621
0,0,5.330530766479859e-27
0,1,0.9999999963601642
0,0,1.827092073197547e-13
0,0,4.068291541670938e-28
-1,0,4.6895967005955524e-52
-1,0,2.2860839493247897e-49
0,0,9.328657446911647e-20
0,0,1.083489238941888e-33
-1,0,1.1010845234550333e-47
0,0,0.08144701269379574
0,0,6.201304476545959e-47
0,0,4.5041033413845324e-27
0,0,4.014717893764462e-17
0,0,1.3862040474487271e-30
-1,0,2.521134294104833e-79
-1,0,3.39427182351281e-57
0,0,4.0179877271934834e-20
0,0,8.348985257541485e-25
0,0,3.38677060151433e-11
0,0,0.0006395363169868893
0,0,2.171152866966102e-28
0,0,7.490468105338219e-39
0,0,0.44205127039921216
0,0,2.8686950886958535e-20
0,0,2.1822862362576766e-09
0,0,4.681967030410083e-46
-1,0,2.17469094833014e-34
0,0,9.250890597904618e-27
0,0,1.1674835386181039e-18
-1,0,1.7095034908311014e-58
-1,0,5.347918043748007e-39
-1,0,9.85451390615333e-53
0,0,9.931453215038383e-06
-1,0,2.4417681899442488e-47
-1,0,2.3034256738551888e-39
0,0,1.3907256073419733e-42
0,0,6.361626437402961e-20
0,0,9.880884031966044e-25
0,0,0.001109364029501592
-1,0,2.2898093208270896e-55
0,0,2.8222043372415925e-43
0,0,1.641885406517557e-33
0,0,1.9305291886624823e-09
-1,0,2.8850901980618946e-41
0,0,4.839444189232376e-09
0,0,3.0615621134779745e-15
0,0,1.648582569609714e-48
-1,0,2.17292118753352e-31
0,0,8.391727286915533e-06
0,0,2.0498106541157928e-23
0,1,0.9998805588889411
0,0,1.3839487832187658e-24
0,0,3.2027000705472315e-12
-1,0,1.1732003907905576e-36
-1,0,6.974243148594109e-66
0,0,6.671171020458928e-26
0,1,0.999999999998143
0,0,7.901649373361628e-29
-1,0,1.4658741100727708e-29
-1,0,1.2819964761370286e-70
0,0,0.0004781210924563133
0,0,1.6298963422219067e-06
0,0,6.288083115288434e-15
-1,0,2.2860839493247897e-49
-1,0,2.548102591453871e-35
0,0,2.3171229965379114e-23
-1,0,2.4233849306978964e-57
0,0,4.482155414377611e-09
-1,0,1.2406283778728978e-35
0,0,7.948636537916661e-13
0,0,1.003953014637748e-07
0,0,1.0440270279832206e-20
-1,0,1.8988058425202777e-69
0,1,0.7203891326023106
0,1,0.9998805588889411
0,0,0.03126115450602272
0,0,3.4005850584630104e-26
-1,0,3.5254377582644595e-73
-1,0,9.929268057501084e-43
0,0,3.0009418794828783e-17
0,0,6.430792264527065e-22
0,0,2.1693859854557384e-25
-1,0,3.3311176184233344e-71
0,0,8.328618659306361e-16
0,0,0.0050329637533209565
0,0,2.589014835969232e-18
0,0,3.58142031762407e-10
0,0,5.040817129362813e-28
-1,0,1.0896815751854072e-54
0,0,1.2365948176319885e-23
0,0,1.1124058959796477e-09
0,0,3.831551742877566e-14
-1,0,2.8563843833277154e-42
-1,0,2.075473573432472e-31
0,0,6.010977178021069e-18
0,0,4.482155414377611e-09
0,1,0.9999999999998745
-1,0,2.8827423152369464e-38
0,1,0.995161999928704
0,0,1.3066021300271093e-19
-1,0,1.632179648879886e-49
0,1,0.9999997093994294
0,0,1.9289544092547216e-06
0,0,1.6476198034902504e-08
0,0,1.933675156665907e-15
0,0,1.3805727646996069e-15
-1,0,2.571615783514225e-31
-1,0,1.7287994464044573e-54
-1,0,3.619526259804063e-49
0,0,5.326192787153291e-24
0,0,1.4611082255951764e-17
0,0,5.321858338068995e-21
0,0,5.020339432303906e-13
-1,0,8.676684781620711e-81
0,0,3.799610629427391e-21
0,0,2.2767970156078073e-34
0,0,0.007035147419301393
-1,0,7.861337513045917e-48
0,0,1.6405492422101055e-30
0,0,2.3866015545099764e-46
0,0,4.0049241903411934e-08
-1,0,2.728285930099117e-42
0,0,1.5568015316844568e-06
0,0,9.880884031966044e-25
-1,0,8.286128528935902e-35
-1,0,1.7245821957245615e-45
-1,0,4.2375762152357626e-47
0,0,3.1974792610078003e-06
0,0,4.0278132150805935e-29
-1,0,4.5187949541097945e-39
-1,0,4.000744952498749e-42
-1,0,1.0966115035603886e-32
-1,0,2.0144864941910728e-80
0,0,4.1980723866190693e-20
0,0,5.0326160462808525e-22
0,0,5.632307975376277e-23
0,0,3.2131467289810357e-24
0,0,2.888103287861588e-07
0,0,2.7194156625397087e-30
0,0,2.4403416510386304e-07
0,0,5.03671491863485e-25
0,0,2.569523005779067e-28
0,0,0.19590697142702915
0,0,3.1974792610078003e-06
0,0,1.1485630241184224e-41
0,0,9.366708543598662e-35
-1,0,7.908084963096478e-32
0,0,6.361626437402961e-20
0,0,8.362590651061912e-31
0,1,0.9959089985382366
-1,0,9.15298215056628e-71
0,0,0.021532464321695137
0,0,5.3622287718225436e-11
-1,0,6.291757374706674e-55
0,0,5.0790556472839706e-18
0,0,1.0510906014108175e-07
0,0,9.366708543598662e-35
0,1,0.9998805588889411
0,0,5.941487522317673e-13
0,0,1.7465749979406465e-16
0,0,5.975444194157522e-34
0,0,3.7441246888694135e-50
0,0,3.210531874158143e-21
0,0,5.61399608254021e-11
0,0,0.0007922964240672709
-1,0,8.39670121276177e-46
-1,0,1.2152847161294544e-80
0,0,8.426027404324643e-21
0,0,7.528878198208516e-20
0,0,1.8454538059016127e-12
0,0,1.5438259101055568e-13
0,0,5.632307975376277e-23
-1,0,5.848613842075371e-76
-1,0,1.6993980190990698e-74
-1,0,7.746537932642273e-77
0,0,5.266744607892479e-28
0,0,1.464681183540055e-26
-1,0,2.534062324905282e-60
0,0,1.641885406517557e-33
0,0,2.274944161020272e-31
-1,0,4.7541276113221883e-57
-1,0,6.647952482243084e-51
0,0,1.5618819828570632e-18
0,0,7.935698323405924e-07
0,0,6.0305839547991784e-30
0,0,0.0225206881308616
0,0,0.0005657986584485379
-1,0,1.4634892278094616e-23
-1,0,2.7077455742382554e-52
0,1,0.9998805588889411
0,1,0.6852339549890726
-1,0,3.3148855176304347e-53
0,0,2.2959367219807674e-27
0,0,3.0615621134779745e-15
-1,0,1.030457526722625e-55
0,0,4.670545793155856e-37
-1,0,1.6295241982730549e-43
0,0,5.0326160462808525e-22
0,0,1.228284483601201e-36
0,0,3.568955439159674e-35
0,0,7.856746033196594e-08
0,0,2.0564967849631063e-35
0,1,0.9999999928594738
0,1,0.999999999996922
-1,0,1.2406283778728978e-35
0,0,3.026169049027137e-10
0,0,6.293204517319474e-18
0,0,0.000669543714908849
0,0,1.0406326518585444e-08
0,0,4.1868685614705244e-48
0,0,1.0431774000827103e-17
-1,0,1.0482855586037235e-35
0,1,0.9942793861958276
0,0,4.0212602237762793e-23
0,0,2.2513845976699784e-38
-1,0,2.30155114889863e-36
-1,1,0.9999999999988798
0,1,0.9083862650298209
0,0,5.659887869242068e-41
-1,0,1.1436340858557504e-63
-1,0,2.2435488130439572e-63
0,0,4.46655560995002e-34
-1,0,6.573751512305377e-55
-1,0,2.4135402287004693e-42
0,0,4.045171014695277e-07
0,0,1.941562514602094e-30
0,0,4.709808351245023e-30
-1,0,3.939113578808932e-68
0,0,4.507771760452391e-30
0,0,3.2348862549912824e-11
-1,0,3.33383068570062e-74
-1,0,1.806283570463279e-54
0,0,2.8222043372415925e-43
-1,0,1.5299757252197186e-63
0,0,8.321840839764251e-13
0,0,4.787391699239578e-07
0,0,8.814467112572634e-18
0,0,1.9384037181049167e-24
-1,0,9.80649414782779e-35
0,0,7.927423198623883e-41
0,0,1.849966633033214e-21
-1,0,2.011209055100853e-74
0,0,5.650679598150451e-35
-1,0,2.5299395695805016e-54
0,0,8.193643094432786e-39
0,0,0.007035147419301393
0,0,2.569523005779067e-28
0,0,6.638662835248885e-08
0,0,3.95609072900041e-46
-1,0,2.1250695845198295e-70
-1,0,2.059848024325774e-41
0,0,1.0448773478730175e-23
-1,0,2.6616953601270146e-72
0,1,0.9993565019537479
-1,0,1.809227065753809e-60
0,0,8.910301081212357e-20
0,1,0.9942793861958276
-1,0,2.1817844172824416e-46
-1,0,1.3757677789784075e-40
0,0,1.1684344090910377e-21
0,0,6.671171020458928e-26
-1,0,8.805268644616782e-52
0,0,1.3218837125956576e-24
0,0,1.1655841184927064e-12
0,0,2.7149913493360288e-24
0,0,5.727401030840721e-09
0,1,0.7830138077937304
0,0,1.6476198034902504e-08
-1,0,4.6580810299037905e-65
0,0,9.336255279878986e-23
-1,0,4.273199050269684e-40
0,0,1.4745909316856036e-13
-1,0,7.001475243143155e-35
0,0,2.0498106541157928e-23
0,0,8.355785185161845e-28
0,0,2.0531509978499514e-29
0,0,3.423592755874988e-13
-1,0,2.4338294556188213e-35
-1,0,1.7390797537483555e-38
0,0,4.302110684310445e-27
0,0,3.2157637135027312e-27
-1,0,1.165316088678415e-49
-1,0,1.0210356893349576e-59
-1,0,1.92694513724586e-40
-1,0,3.756337381553088e-62
-1,0,3.231510441540973e-45
-1,0,1.7376644928016494e-35
0,0,2.7105742342034227e-18
-1,1,0.999999999998431
-1,0,6.2983300905356005e-21
0,0,8.807293910168616e-15
-1,0,6.642542386758255e-48
0,0,4.288123560593319e-15
0,0,4.024535385681687e-26
0,0,1.6281980935014953e-40
0,0,3.578504482923117e-07
0,0,1.244961377612252e-10
0,0,8.792964935923594e-09
0,1,0.9959089985382366
-1,0,1.4694587223937558e-38
-1,0,6.610174145857078e-30
0,0,1.3816971881576809e-18
0,0,4.787391699239578e-07
-1,0,4.941864572701103e-76
-1,0,1.3119316904986356e-34
0,0,1.309797262584376e-28
-1,0,5.617276459021372e-51
0,1,0.9773428762556952
0,0,6.705375374063721e-07
-1,0,1.3119316904986356e-34
0,1,0.9999999999998745
0,0,1.2198097002969922e-18
0,0,8.391727286915533e-06
0,0,7.472195782440466e-30
-1,0,8.376218215747831e-37
0,0,4.011450721321668e-14
0,0,7.484372371684152e-36
-1,0,1.1622634989115188e-09
0,0,8.792964935923594e-09
0,0,2.892810537413019e-13
0,0,2.584802676460368e-12
0,0,5.028520509584165e-19
0,0,2.9844064291340276e-42
-1,0,1.032977382091652e-64
0,0,3.557351967066291e-23
0,0,9.880884031966044e-25
0,0,1.641885406517557e-33
-1,0,6.276409198767929e-46
0,0,6.015872887916066e-21
0,0,3.5931022978364907e-22
0,1,0.9999999999994289
0,0,2.051480146114337e-26
-1,0,4.3977484349933293e-60
-1,0,1.243662179847111e-44
-1,0,4.050832893410165e-50
-1,0,3.3175853644854162e-56
0,0,1.2500395088945742e-25
0,0,8.355785185161845e-28
0,0,4.5456659720575575e-23
0,0,1.3119316904986356e-34
0,0,2.5258235217116905e-48
0,0,7.031650838329069e-13
-1,0,7.484372371684152e-36
0,0,1.3165137215302193e-09
-1,0,5.655281859513757e-38
0,0,1.9285145600029494e-43
-1,0,3.997489151218388e-39
0,0,1.2406283778728978e-35
0,0,1.0510906014108175e-07
0,0,0.1643213601119542
0,0,2.5549205181327333e-07
0,0,6.441271796674802e-28
0,0,2.0636792740812146e-10
0,0,3.8669082503085305e-10
0,0,2.0636792740812146e-10
0,0,0.0002437761885866907
0,0,5.641486308319674e-29
-1,0,6.642542386758255e-48
-1,0,3.52256876138916e-70
0,1,0.9998805588889411
0,0,1.537200742448939e-35
0,0,8.814467112572634e-18
0,0,8.881330911417573e-08
0,0,1.0448773478730175e-23
0,0,2.4259165318937102e-23
0,0,2.2940682915239396e-24
-1,0,8.213679626757244e-48
-1,1,0.9999999999928537
0,1,0.9999990550019013
-1,0,5.545542415039804e-49
0,0,4.799100966102376e-16
-1,0,1.6938728961810846e-62
-1,0,1.9348050437914374e-55
0,0,6.620945996293836e-36
0,1,0.9998805588889411
-1,1,0.9999999999998517
0,1,0.9932368483549618
0,1,0.9998586465460247
0,0,2.0636792740812146e-10
-1,0,5.646081082101814e-32
0,0,1.4448000994747344e-21
-1,0,1.0896815751854072e-54
0,0,6.0207725851785755e-24
-1,0,3.777149804974997e-37
0,0,1.5568015316844568e-06
0,0,1.5526491533769437e-34
0,0,5.61856846690496e-14
-1,0,3.4144558637304897e-41
0,0,8.265915264033926e-26
0,0,1.7565569887838494e-37
0,0,1.7161785320796936e-27
0,0,1.11512614710601e-18
0,0,4.826528692913768e-37
0,0,8.348985257541485e-25
-1,0,2.878052280144555e-32
0,0,8.286128528935902e-35
0,0,5.62314457498621e-17
-1,0,2.4115760926557816e-39
0,0,1.5476011438320488e-22
-1,0,3.1500718195759823e-72
-1,0,4.0310937141455423e-32
0,0,1.954698749125462e-17
0,0,0.0004781210924563133
-1,0,6.658785895746253e-57
0,0,2.871031530594612e-23
-1,0,3.2019635993788986e-49
0,0,4.485805977788359e-12
-1,0,1.0474324651162831e-32
-1,0,1.5312218316471928e-66
-1,0,6.5508720357872715e-80
0,0,2.4135402287004693e-42
0,0,5.641486308319674e-29
0,0,4.277644770719945e-06
0,0,2.5758064538338843e-37
-1,0,6.189791665813323e-78
0,0,3.844049607619445e-26
0,0,5.675033411334533e-13
0,1,0.9998805588889411
0,0,3.560249293525761e-26
0,0,1.706722239340052e-52
0,0,0.000404024767464273
0,0,7.863145668055775e-11
0,0,5.0326160462808525e-22
-1,0,1.1722456417676111e-33
-1,0,8.286128528935902e-35
0,0,1.537200742448939e-35
-1,0,1.837534233635172e-34
0,0,5.684281369074064e-19
0,0,2.1858424651799486e-15
0,0,5.627724410131389e-20
-1,0,2.6989420879682804e-40
-1,0,4.0040034055041814e-45
-1,0,6.313731871281273e-30
-1,0,3.3832362869102754e-45
-1,0,1.0841223445271137e-73
0,0,5.61856846690496e-14
0,0,2.997268895566148e-20
0,0,7.5105121767817e-11
0,0,2.3095895115515735e-11
-1,0,3.952871267271693e-43
-1,0,7.733934817005848e-71
-1,0,2.4214127830469333e-54
0,0,2.2786513792741297e-37
-1,0,4.244481712155823e-53
0,0,7.901649373361628e-29
0,0,7.863145668055775e-11
-1,0,6.5455409442495484e-77
-1,0,2.4358117161724606e-38
0,1,0.9990989279903378
0,0,7.908084963096478e-32
0,0,3.207919147300771e-18
0,0,2.7311359730587322e-08
-1,0,1.8957166083601828e-63
0,0,7.955110396897695e-16
0,0,6.346107821770395e-11
0,0,3.031100454121295e-16
-1,0,1.4694587223937558e-38
0,0,6.0207725851785755e-24
-1,0,7.345117293628129e-50
0,0,7.466114918780165e-27
-1,0,4.473834248596477e-40
0,0,1.462298242090953e-20
-1,0,8.762361721319106e-34
0,0,3.0615621134779745e-15
0,0,8.3150685291029e-10
0,0,3.031100454121295e-16
-1,0,4.276679406666676e-43
0,0,6.2983300905356005e-21
0,0,6.340942965422647e-08
-1,0,3.374983186435948e-36
0,0,1.1684344090910377e-21
-1,0,5.985181697244789e-40
0,0,9.697039187161338e-39
0,1,0.8102720095590155
0,0,2.1822862362576766e-09
0,0,2.051480146114337e-26
0,0,0.000669543714908849
0,0,7.497730858498214e-05
-1,0,1.7433324563983726e-47
0,0,5.074922318097523e-15
0,0,8.335401999115264e-19
0,0,3.5960287415663755e-25
0,1,0.995161999928704
-1,0,2.019877146921995e-52
-1,0,6.653366984042856e-54
-1,0,2.396336375090696e-61
-1,1,0.9999999999988798
0,0,1.1049301545955912e-22
0,0,0.4839107504998532
0,0,2.13993947816689e-20
-1,0,4.7668493898325065e-29
-1,0,1.0966115035603886e-32
-1,0,3.815109038738394e-36
-1,0,7.805301446961855e-67
0,1,0.9999999999859805
0,0,1.4073146863725478e-10
0,1,0.9996116960617352
0,0,7.385813768856711e-25
0,0,3.1974792610078003e-06
-1,0,2.1548069803331313e-38
0,0,2.4443189953032195e-13
0,0,0.000404024767464273
0,0,2.167620541831387e-22
-1,0,6.189791665813323e-78
-1,0,1.4312605828196176e-62
0,1,0.9998805588889411
0,0,5.0326160462808525e-22
0,1,0.9999990550019013
-1,0,1.042088776826831e-51
0,0,3.056581140809558e-09
0,0,3.031100454121295e-16
0,0,7.888793901454449e-23
0,0,7.066082936981593e-31
-1,0,2.571615783514225e-31
-1,0,1.5447280001046604e-53
0,0,5.321858338068995e-21
-1,0,1.6405492422101055e-30
-1,0,1.9463103635912954e-39
0,0,1.721069659113185e-45
0,0,4.266246832099989e-34
0,0,1.2480057755523227e-19
0,0,2.873369875435543e-26
-1,0,3.5406320107568845e-51
0,0,1.3108640421160316e-31
-1,0,1.7883115702929056e-55
0,0,1.3066021300271093e-19
0,0,1.1753686901971918e-05
0,0,1.313000208439796e-37
-1,0,1.8360388505548685e-31
-1,0,5.311978231710187e-52
0,0,4.5493682422907134e-26
-1,0,1.2332945905657682e-51
-1,0,6.69293123633942e-38
0,0,3.802705266256765e-24
-1,0,1.6295241982730549e-43
0,0,5.053143818991641e-37
0,1,0.9999999999999243
0,0,5.670415072970668e-10
-1,0,1.5539137264402565e-37
0,0,4.273199050269684e-40
0,0,2.0531509978499514e-29
0,0,5.049031576818981e-34
0,0,2.68250323954754e-25
0,1,0.9996718776349768
-1,0,4.078240041262729e-37
0,0,1.7437334332038353e-10
0,0,1.834544684415435e-28
0,0,3.043464151374046e-31
0,0,3.218382829457698e-30
0,0,5.3175274163539105e-18
-1,0,9.830474706258167e-44
-1,0,4.959124454107521e-51
0,0,1.9695262713069681e-07
-1,0,2.4076526144999838e-33
-1,0,1.0914573055508697e-60
-1,0,3.043464151374046e-31
0,0,5.589904204988553e-33
0,0,4.538270467848025e-17
-1,0,2.28794587684177e-52
0,0,1.1753686901971918e-05
-1,0,8.213679626757244e-48
0,0,3.2480811837730646e-26
0,0,9.235839997887156e-21
0,0,1.5463417079406335e-19
-1,0,7.381084353006928e-68
0,0,3.0846912867959524e-05
-1,0,2.8494164906622272e-33
0,0,8.873316656119891e-05
0,0,1.1732003907905576e-36
0,0,3.8058024235489005e-27
-1,0,1.5577136286633073e-46
-1,0,9.913113781281077e-37
0,0,5.321858338068995e-21
0,0,3.056581140809558e-09
-1,0,4.959124454107521e-51
0,0,3.0665511937142283e-21
0,0,5.3609957103631824e-48
0,0,1.3208079652698235e-21
-1,0,3.777149804974997e-37
-1,0,1.1643677558907325e-46
0,0,2.2959367219807674e-27
-1,0,1.834544684415435e-28
0,0,5.641486308319674e-29
-1,0,8.362590651061912e-31
-1,0,3.962537520976893e-52
0,0,3.221004078581996e-33
0,0,1.733425616638832e-26
0,0,5.965722533357284e-28
0,0,2.9046101574646024e-28
0,0,4.538270467848025e-17
0,0,3.2131467289810357e-24
0,0,3.844049607619445e-26
0,0,8.18031256764782e-33
-1,0,4.738670879511787e-45
0,0,6.340942965422647e-08
-1,0,2.046005151227194e-54
0,0,3.844049607619445e-26
0,1,0.9999999999999545
-1,0,2.437795591201068e-41
-1,0,4.665671775785643e-71
0,0,3.7618056003632636e-22
0,0,5.675033411334533e-13
0,0,2.297806674202361e-30
0,0,6.308593764115123e-27
0,1,0.9298983773614691
-1,0,2.2716372669978404e-71
0,0,1.2345829579318831e-17
0,0,1.6305569046791803e-15
0,0,2.4403416510386304e-07
0,1,0.9998805588889411
0,1,0.99991071685414
-1,0,1.641885406517557e-33
0,0,9.273512497145126e-36
0,0,9.313480325265302e-14
-1,0,6.703837946612276e-44
-1,0,1.7362503835925713e-32
-1,0,2.183561396838995e-49
0,0,6.335381719604879e-05
-1,0,2.5758064538338843e-37
0,0,1.0983985268434265e-38
0,1,0.9998805588889411
-1,0,7.415940109697541e-40
0,0,4.739760578094409e-08
-1,0,1.2322909369575776e-48
-1,0,2.5129375228298722e-67
-1,0,2.058171722558276e-38
0,0,0.0009375332382084733
0,0,1.9384037181049167e-24
0,0,1.1235852334860016e-08
0,1,0.9999999999963571
-1,0,5.82485457063504e-61
0,0,2.584802676460368e-12
0,0,1.1753686901971918e-05
-1,0,1.3479734489142179e-48
-1,0,3.226252983289404e-39
0,0,2.565342558222492e-22
0,0,5.931817588179307e-07
0,0,0.05077542812779524
-1,0,3.134721931298972e-54
-1,0,4.9338244790217234e-70
0,0,1.7348374251838137e-29
0,0,6.716306866666559e-13
-1,0,2.1216122339018415e-64
0,0,2.2940682915239396e-24
0,0,5.3753414338266377e-20
0,0,2.167620541831387e-22
0,1,0.9999999999244293
-1,0,1.1760693060315997e-45
0,0,3.153362557866984e-38
0,0,1.3615201817408373e-47
0,1,0.9999999999999545
0,0,1.8285801694718732e-16
0,0,1.1031325047771163e-16
-1,0,1.1732003907905576e-36
-1,0,4.786293114511911e-44
-1,0,8.798102927914407e-49
0,0,4.4894594943768996e-15
0,0,1.0319575962473642e-15
-1,0,1.042088776826831e-51
0,0,1.244961377612252e-10
0,0,2.446309799184338e-16
0,0,4.0049241903411934e-08
0,0,9.85678050452192e-16
0,0,5.066665722410725e-09
0,0,3.77407596514832e-34
-1,0,2.55641406515253e-47
-1,0,3.7956454893714345e-55
0,0,1.2469901500000268e-16
0,1,0.9932368483549618
0,0,3.632167762433703e-24
0,1,0.9083862650298209
0,1,0.9998805588889411
0,0,3.038512632260806e-25
0,0,1.5501230937367589e-28
-1,0,1.7970684499811737e-73
-1,0,2.051480146114337e-26
0,0,5.286093656037842e-34
0,1,0.999802026962188
0,0,1.244961377612252e-10
0,0,5.3110190621566956e-21
0,1,0.9999999999998745
0,0,4.0212602237762793e-23
0,0,4.048467287056211e-10
0,0,4.4931159865943484e-18
-1,0,4.507771760452391e-30
0,1,0.9998805588889411
0,0,8.299631491980926e-41
0,0,1.0948273876485244e-26
0,0,2.279571152932993e-46
-1,0,6.658785895746253e-57
0,0,2.189404484514647e-21
-1,0,5.311978231710187e-52
0,0,1.6529940839865263e-20
-1,0,1.700782113473643e-77
-1,0,1.615276623084498e-56
0,0,7.04310952149158e-19
0,0,1.3581988757767206e-38
-1,0,5.2484140763295925e-53
-1,0,1.0378554198669982e-36
0,0,8.895804598284825e-14
0,0,7.811658565013762e-70
-1,0,5.286093656037842e-34
0,1,0.99991071685414
-1,0,1.556445963244256e-43
0,1,0.9489259063869788
0,0,1.2551383534482136e-40
0,0,7.838941445480228e-45
0,0,1.641885406517557e-33
0,0,3.22951900331595e-05
0,0,6.076330623784086e-20
0,0,5.86426440427628e-48
0,0,1.0431774000827103e-17
-1,0,3.2019635993788986e-49
0,0,5.956016689069616e-22
-1,0,3.812004307734413e-33
0,0,4.470193447833645e-37
-1,0,3.380483013416048e-42
0,0,1.042328463608328e-14
-1,0,4.050832893410165e-50
0,0,1.8469568571046376e-15
0,0,0.08144701269379574
-1,0,1.8077547190115675e-57
-1,0,2.3827187083106673e-40
-1,1,0.9999999999997922
0,1,0.9999999999999545
0,0,2.1693859854557384e-25
0,1,0.9993565019537479
0,0,1.042328463608328e-14
-1,0,1.8330517342265654e-25
0,0,3.2027000705472315e-12
0,1,0.9998586465460247
-1,0,5.023272922386519e-53
0,0,1.4560229419066967e-42
0,0,9.217028933845396e-21
-1,0,2.1285325691897113e-76
0,0,1.4670680081983107e-32
0,1,0.9998805588889411
0,0,7.466114918780165e-27
-1,0,1.3063016726663136e-56
0,0,5.970581385083449e-31
-1,0,8.165125700000763e-64
0,0,5.028520509584165e-19
-1,0,4.4156866165438274e-75
-1,0,5.541029459500228e-46
-1,0,1.228284483601201e-36
0,0,4.500437907671498e-24
0,0,4.482155414377611e-09
0,1,0.9942793861958276
0,0,3.4033547043003824e-29
0,0,1.2967651578743072e-29
-1,0,2.7260656543929215e-39
0,0,7.935698323405924e-07
0,0,4.0049241903411934e-08
-1,0,1.1741559174199063e-39
0,0,1.228284483601201e-36
-1,0,3.0279373042628576e-50
0,0,2.1623328265769424e-13
0,0,4.4967754568839054e-21
-1,0,2.176462150528882e-37
-1,0,2.8169648743985127e-74
0,0,2.2940682915239396e-24
-1,0,1.4595834644245115e-51
0,0,0.19590697142702915
-1,0,1.2322909369575776e-48
0,0,2.561168911983429e-16
0,0,5.956016689069616e-22
0,0,5.946326635562243e-16
0,0,1.1133119090666612e-12
0,0,6.2650663777235255e-09
0,0,5.044922681183829e-31
-1,0,8.178431478471379e-70
-1,0,6.236746049094215e-68
0,1,0.9998749515923812
0,0,1.4634892278094616e-23
-1,0,1.1067307338399106e-28
0,0,0.44205127039921216
0,0,3.77407596514832e-34
-1,0,2.4298697726823984e-29
0,0,1.7465749979406465e-16
0,0,1.7348374251838137e-29
0,0,1.1112450295357047e-43
0,0,4.0310937141455423e-32
-1,1,0.9999999999956888
0,0,1.3910261329170488e-05
0,0,1.2967651578743072e-29
0,0,2.875710124768479e-29
0,0,7.472195782440466e-30
0,0,1.2116121679129527e-31
-1,0,7.071837989966978e-34
-1,0,7.440129634632307e-52
-1,0,2.437795591201068e-41
0,1,0.9998805588889411
-1,0,5.839098526045923e-70
0,0,2.3077099172696056e-08
-1,0,6.568401801477762e-52
0,0,6.631735400392461e-42
0,0,1.2864739576252513e-45
0,0,2.7378147002431125e-17
0,0,4.024535385681687e-26
-1,0,1.4607722390609358e-54
0,0,1.2376019765855888e-26
0,0,3.3585373344631023e-18
0,0,3.0119457133801283e-38
0,0,1.1674835386181039e-18
0,0,9.92118763147067e-40
0,0,3.2131467289810357e-24
-1,0,3.792556597779789e-52
-1,0,6.313731871281273e-30
0,0,3.822058930262882e-05
-1,0,5.888184426328327e-63
0,1,0.991633642291994
0,0,8.200316501831415e-42
0,0,4.5308869954397336e-11
-1,0,2.999020262917093e-60
0,0,1.3933123116193668e-11
0,1,0.6372817761160452
0,0,5.334872278923794e-30
0,0,2.548102591453871e-35
0,0,1.309797262584376e-28
-1,0,5.970581385083449e-31
-1,0,4.7502587081684027e-54
-1,0,3.610696751203857e-40
0,0,1.5501230937367589e-28
0,0,2.7105742342034227e-18
0,0,6.710841139969479e-10
0,0,1.6365472699619638e-21
0,1,0.7203891326023106
-1,0,4.5187949541097945e-39
-1,0,1.5488616054856388e-25
0,0,1.0992931302294082e-41
-1,0,1.470655540048266e-41
-1,0,1.3063016726663136e-56
0,0,4.5114431673065613e-33
0,0,2.0619994296887393e-07
-1,0,1.7362503835925713e-32
0,1,0.8762257613636502
-1,0,7.319553133144161e-75
0,0,0.001837569110905776
0,0,1.9447264586313445e-36
0,0,3.831551742877566e-14
0,0,1.3850759563141635e-27
-1,0,8.306391222856199e-44
0,0,6.324020643394645e-36
0,0,1.5513856094215994e-31
-1,0,8.843218392768287e-30
-1,0,1.2312881001214309e-45
-1,0,8.790943042663647e-46
0,0,9.359085927803079e-32
0,0,8.850420854282638e-33
0,0,2.866360548190573e-17
-1,0,2.7172026054463096e-27
0,0,4.5271995604720655e-08
-1,0,4.3798831250899856e-45
0,0,4.2558397068601e-25
-1,0,4.283648625618804e-49
0,0,2.7105742342034227e-18
0,0,3.1889560176929733e-34
0,0,0.00045668889231978215
-1,0,3.231510441540973e-45
-1,0,8.805268644616782e-52
0,0,1.0431774000827103e-17
0,0,4.024535385681687e-26
0,0,2.17292118753352e-31
-1,0,1.4335929457187036e-68
-1,0,9.366708543598662e-35
-1,0,4.1868685614705244e-48
-1,0,2.3744258246149914e-65
0,0,1.9499303994023235e-08
-1,0,8.206995344464125e-45
0,0,1.3119316904986356e-34
-1,0,8.403540003193874e-49
0,0,2.063204724822749e-47
0,0,1.3839487832187658e-24
-1,0,2.8100931420778514e-65
0,0,7.060332567451291e-28
-1,0,2.4358117161724606e-38
0,0,1.37241171728291e-31
-1,0,2.058171722558276e-38
0,0,1.4730521004371203e-47
0,0,5.641486308319674e-29
0,1,0.9998805588889411
0,0,5.0326160462808525e-22
0,0,0.08144701269379574
0,0,2.4278923476750363e-26
0,0,5.334872278923794e-30
-1,0,9.752459513506505e-60
0,1,0.9044956248999949
-1,0,3.0230110463245424e-44
-1,0,1.837534233635172e-34
-1,0,3.965764855497756e-55
0,0,2.892810537413019e-13
-1,0,2.1618355911915764e-50
0,0,9.864808473422628e-19
0,0,4.284633890939777e-12
0,0,0.000669543714908849
-1,0,4.7541276113221883e-57
-1,0,2.8827423152369464e-38
0,0,3.614455619298259e-06
0,0,2.593233859549622e-24
0,0,7.020205869379454e-07
0,0,1.0510906014108175e-07
0,0,2.1513012488975897e-32
0,0,8.910301081212357e-20
0,0,3.038512632260806e-25
-1,0,5.641486308319674e-29
-1,0,3.589352662614432e-56
0,0,3.223627462613011e-36
-1,0,3.5741258726198483e-10
0,0,1.1840263623218691e-32
-1,0,1.5397057440001177e-41
-1,0,1.0517048863334147e-47
-1,0,2.3724935198237685e-62
0,0,1.3772030849828618e-06
-1,0,9.288624487758152e-42
-1,0,9.3819724052295e-41
-1,0,1.2799107508782804e-64
0,0,2.3034256738551888e-39
0,0,1.5488616054856388e-25
0,0,2.326574417782538e-38
-1,0,1.605728159251801e-72
-1,0,8.369401659752582e-34
0,0,9.880884031966044e-25
0,0,1.1031325047771163e-16
0,0,7.048845863513023e-22
0,1,0.9999999999994289
0,0,6.313731871281273e-30
0,0,9.896985787022506e-31
0,0,8.810848959009355e-24
-1,0,2.2472048698631308e-69
0,0,1.0861387767492994e-42
-1,0,9.694809321822127e-76
-1,0,1.5422148276679635e-47
0,0,3.3585373344631023e-18
-1,0,2.1600762920686823e-47
0,0,1.2967651578743072e-29
0,0,7.154547847598111e-39
0,0,4.5271995604720655e-08
0,0,3.2131467289810357e-24
0,0,1.8360388505548685e-31
-1,0,2.978865835780189e-73
0,0,2.8951666204187995e-16
0,1,0.9999997544531459
0,1,0.9998805588889411
0,0,5.664497630388201e-44
-1,0,4.15196540663988e-55
0,0,3.58142031762407e-10
-1,0,2.8291056859796304e-52
0,1,0.9999999999999105
0,0,4.5224753389315507e-42
-1,0,6.5189504925254865e-62
-1,0,1.0412407262726855e-48
0,0,1.6215837398261287e-25
-1,0,4.66947178613395e-74
0,0,2.573710265736436e-34
0,0,2.7333604529216362e-11
0,0,5.646081082101814e-32
0,0,3.0484237394158803e-37
0,1,0.999999999999754
0,0,2.1548069803331313e-38
-1,0,5.935287194849555e-47
-1,0,4.203946575252904e-63
-1,0,2.1618355911915764e-50
0,0,2.1588143850292793e-07
0,0,1.4757919293275348e-16
-1,0,1.517221329221678e-70
0,0,5.2484140763295925e-53
-1,0,6.169667269170348e-66
0,1,0.9997657107404381
0,0,3.4291717963536734e-19
-1,0,7.460039003719166e-24
-1,0,5.985181697244789e-40
0,0,3.578504482923117e-07
0,0,1.3501700882256837e-54
0,0,1.9431438426512584e-33
0,0,3.952871267271693e-43
0,1,0.991633642291994
0,1,0.999802026962188
0,0,4.051764609707728e-13
0,0,1.733425616638832e-26
0,0,1.5413139677462272e-07
0,1,0.9989337726694621
-1,0,1.93008526099453e-46
0,0,1.1703384740101137e-27
0,0,1.8529813136519563e-27
0,0,4.26277496571918e-31
0,0,1.085254878359865e-39
0,0,2.4239423240288167e-20
0,0,5.066665722410725e-09
-1,0,1.2165542693901602e-46
0,0,1.2325743713820692e-11
0,0,1.7423140818364473e-07
0,0,2.7333604529216362e-11
0,1,0.9998805588889411
-1,0,3.0230110463245424e-44
-1,0,2.6753441687911963e-53
-1,0,2.999020262917093e-60
-1,0,2.167122090518353e-59
0,0,2.40569326978843e-30
0,0,1.464681183540055e-26
0,0,4.5114431673065613e-33
-1,0,1.0412407262726855e-48
0,0,0.004255991032254516
0,0,2.01659093758885e-46
0,0,6.738214307941951e-25
0,0,8.800126545230532e-12
0,1,0.9982338331721738
0,0,3.802705266256765e-24
-1,0,3.0230110463245424e-44
0,0,8.910301081212357e-20
0,0,1.2355884783030694e-20
0,0,1.5413139677462272e-07
0,0,2.3171229965379114e-23
-1,0,1.4670680081983107e-32
0,0,9.258425092762343e-30
0,0,1.7423140818364473e-07
-1,0,1.0474324651162831e-32
0,0,6.671171020458928e-26
-1,0,1.5147529083575233e-64
-1,0,2.6753441687911963e-53
0,0,4.0278132150805935e-29
-1,0,3.8213260888581655e-42
0,0,8.426027404324643e-21
-1,0,1.2406283778728978e-35
0,0,4.034376885050959e-35
0,0,1.5501230937367589e-28
0,0,3.4061266059078197e-32
-1,0,1.45720881663437e-45
-1,0,5.86426440427628e-48
0,0,5.571730176605943e-21
0,0,2.4219697227718518e-17
0,0,2.0360352355286525e-36
-1,0,3.607758370665844e-37
0,0,3.2322536041989854e-08
0,0,1.1076321234882641e-31
-1,0,1.2205224607992876e-58
0,0,1.2439480750013903e-07
-1,0,4.681967030410083e-46
0,0,3.0615621134779745e-15
0,0,5.9963139041497264e-09
0,0,6.67660443286578e-29
0,0,6.250912061522801e-31
-1,0,3.018092803088923e-38
-1,0,3.1688037242674274e-56
0,0,7.968073937269382e-22
-1,0,4.23412768096746e-44
-1,0,1.5539137264402565e-37
0,1,0.9987383846518522
0,0,7.020205869379454e-07
-1,0,1.570808419837649e-39
0,0,7.955110396897695e-16
0,0,0.007035147419301393
-1,0,4.941864572701103e-76
0,0,7.060332567451291e-28
0,0,1.7098966870719646e-21
0,0,7.5105121767817e-11
0,0,3.5718622162012146e-38
-1,0,5.664497630388201e-44
0,0,9.697039187161338e-39
-1,0,3.223627462613011e-36
0,0,1.9289544092547216e-06
0,0,1.0545191895486363e-19
-1,0,1.6205453784374715e-68
0,0,1.3828225274154256e-21
-1,0,3.0230110463245424e-44
0,0,3.825317909950347e-08
-1,0,6.31887416323833e-33
0,1,0.9990989279903378
0,0,2.3788421792507483e-34
0,0,1.9499303994023235e-08
-1,0,5.049031576818981e-34
0,0,3.822058930262882e-05
0,0,7.466114918780165e-27
-1,0,1.8048136191339054e-51
-1,0,7.721352205822523e-65
-1,0,2.4096135550225368e-36
0,0,2.3077099172696056e-08
0,1,0.9744636507167992
-1,0,1.43476055207646e-71
0,0,3.7965185110096325e-18
0,0,3.3291723129143553e-31
0,1,0.9985072449447319
-1,0,1.4607722390609358e-54
0,0,3.587256553047487e-16
0,0,1.9038869403235808e-41
0,0,1.9399824734357346e-27
0,0,0.0002059897396796882
0,0,5.61399608254021e-11
0,0,2.0376935079781657e-39
-1,0,1.7287994464044573e-54
0,0,1.0517048863334147e-47
0,0,1.8315599989987084e-22
-1,0,2.2823646387607427e-43
0,0,7.8695498986209e-14
0,0,0.0007922964240672709
0,0,0.44205127039921216
0,0,8.391727286915533e-06
0,0,1.6205453784374715e-68
0,0,2.571615783514225e-31
0,1,0.9999999999995175
-1,0,9.744522974049765e-57
0,0,3.0484237394158803e-37
-1,0,4.210797269766108e-69
0,0,9.704937052898433e-42
-1,0,8.326703466667432e-53
0,0,1.3850759563141635e-27
0,0,3.1974792610078003e-06
0,0,7.060332567451291e-28
0,0,2.7172026054463096e-27
-1,0,1.2906702150674437e-57
-1,0,9.85451390615333e-53
-1,0,9.130654274260077e-62
0,0,1.6610883504216074e-38
0,0,3.392289637221622e-17
0,0,7.066082936981593e-31
-1,0,4.72711131832029e-36
0,0,7.031650838329069e-13
0,0,1.1665334419623471e-15
0,0,1.045728360315677e-26
0,0,5.951169690075005e-19
0,0,5.665797289302094e-07
0,0,1.8285801694718732e-16
0,0,3.2348862549912824e-11
0,1,0.9999993253060184
-1,0,6.276409198767929e-46
-1,0,3.207181475978727e-55
0,0,1.7437334332038353e-10
-1,0,7.428025025457241e-46
-1,0,1.4658741100727708e-29
-1,0,8.326703466667432e-53
0,0,1.3066021300271093e-19
-1,0,1.45720881663437e-45
0,1,0.7203891326023106
-1,0,3.9487461898028304e-77
0,1,0.9998805588889411
0,0,1.8285801694718732e-16
0,1,0.9999999999928537
0,1,0.995161999928704
0,0,5.321858338068995e-21
-1,0,2.39438623952067e-58
0,0,4.320465640164111e-05
0,0,3.2157637135027312e-27
0,0,2.5549205181327333e-07
0,0,9.30590102566265e-11
-1,0,2.384110981042134e-80
-1,0,8.836021792608121e-27
0,0,6.716306866666559e-13
0,0,1.5425695462569408e-10
0,0,1.641885406517557e-33
-1,0,3.3148855176304347e-53
0,0,6.604794794335545e-27
0,0,5.941487522317673e-13
0,0,9.872842980795741e-22
0,0,1.3119316904986356e-34
0,0,2.075473573432472e-31
0,1,0.9994306961340124
0,0,0.0002059897396796882
0,1,0.9985072449447319
0,0,5.03671491863485e-25
0,0,7.090711552747985e-06
0,0,2.7333604529216362e-11
0,0,1.7390797537483555e-38
0,0,7.333167263379825e-44
0,0,2.299678149428189e-33
0,1,0.9999999999999105
0,0,1.8424479774331652e-06
0,0,1.1049301545955912e-22
0,0,7.968073937269382e-22
0,0,2.7194156625397087e-30
0,0,6.615557878653684e-33
0,0,7.466114918780165e-27
0,1,0.9997657107404381
0,0,3.6048223813783205e-34
-1,0,1.0499938305801231e-41
0,0,3.4089007651225375e-35
0,0,6.308593764115123e-27
-1,0,1.5513856094215994e-31
0,0,5.03671491863485e-25
-1,0,1.8251853841521008e-47
-1,0,1.3108640421160316e-31
-1,0,4.434717744585261e-53
-1,0,2.4622947128911927e-40
-1,1,0.9999999999994289
0,0,3.6292119088134575e-21
0,0,4.245457968865787e-16
0,0,2.8199076308522256e-40
0,0,2.1290221446771257e-39
0,0,2.567431931143798e-25
0,0,5.878604731520454e-57
-1,0,3.3392634511217903e-80
0,0,8.398632434772676e-09
0,0,5.636895273758859e-26
-1,0,3.616580693822902e-46
-1,0,1.2064126608344895e-53
0,0,4.485805977788359e-12
0,0,2.048142520747752e-20
0,0,5.650679598150451e-35
-1,0,3.5550740600809275e-66
0,1,0.999999999999946
-1,0,2.0426764333227763e-48
0,0,1.534699816373066e-29
0,0,1.8439519744864257e-09
-1,0,1.5526491533769437e-34
0,0,6.335381719604879e-05
0,0,0.00019675366646229302
0,0,1.3757677789784075e-40
0,0,1.6298963422219067e-06
-1,0,1.6295241982730549e-43
0,0,4.5041033413845324e-27
0,0,1.0570978847132386e-28
0,0,2.4403416510386304e-07
-1,0,7.301697741941043e-66
0,0,1.7249788304040985e-08
0,1,0.9985072449447319
0,0,2.4403416510386304e-07
0,0,0.12310559770582999
0,1,0.999792733660719
0,0,2.7311359730587322e-08
0,1,0.9998805588889411
0,0,7.048845863513023e-22
0,0,1.530327628978311e-26
0,0,1.1741559174199063e-39
-1,0,1.3031150672860942e-47
0,1,0.9990989279903378
0,0,3.936813215920681e-28
-1,0,3.815109038738394e-36
-1,0,2.5237680096623396e-45
0,0,2.7083683722534117e-15
0,0,1.817770793935984e-32
0,1,0.999997403413078
-1,0,3.997489151218388e-39
0,0,4.4894594943768996e-15
0,0,6.638662835248885e-08
-1,0,4.7707318054588183e-32
0,0,0.0001662547162411652
0,0,1.6956424089791341e-28
-1,0,6.703837946612276e-44
-1,0,4.168901052313315e-70
0,0,1.1636864344359053e-06
-1,0,6.703837946612276e-44
0,0,7.472195782440466e-30
-1,0,1.9478955585809903e-42
0,0,1.926154166750931e-46
-1,0,5.568162387079456e-64
0,0,1.9178882773108434e-68
0,0,3.936813215920681e-28
0,0,5.641486308319674e-29
0,0,1.8469568571046376e-15
-1,0,7.490468105338219e-39
0,0,2.7333604529216362e-11
0,0,1.3921784164260268e-08
0,0,6.90643960026432e-30
-1,0,1.2396187560376748e-32
0,0,7.948636537916661e-13
-1,0,6.647952482243084e-51
0,0,1.7437334332038353e-10
0,0,1.9431438426512584e-33
0,0,2.1513012488975897e-32
-1,0,2.6709915570542244e-47
-1,0,5.980310963802781e-37
-1,0,4.477478014651607e-43
0,1,0.9905529069063999
0,0,2.0297679408163614e-70
0,0,4.0376627299728974e-38
-1,0,2.974019413943727e-67
-1,0,1.1770271692821696e-48
0,0,9.770598770304933e-29
0,0,3.340031502104686e-43
0,1,0.9990989279903378
-1,0,1.3063016726663136e-56
-1,0,3.4033547043003824e-29
0,0,5.411707020313103e-07
0,0,1.2125989794584923e-34
0,0,1.2175451060874158e-49
0,0,6.2983300905356005e-21
-1,0,5.015100382593375e-47
0,0,3.1772832650830097e-28
0,0,8.946645724574202e-35
0,0,1.1040309638061715e-19
0,0,1.1067307338399106e-28
0,0,3.6233074160254164e-15
0,0,2.1693859854557384e-25
0,0,3.1974792610078003e-06
0,1,0.999999999999936
0,0,4.7590940345236434e-23
0,0,1.5580719098814776e-09
-1,1,0.9999999999998941
0,0,9.437762311929394e-25
0,0,4.024535385681687e-26
-1,0,4.7232644009922426e-33
0,0,1.6312264862209458e-09
0,0,6.303459838334123e-24
0,0,7.11968467100295e-21
0,0,0.0003414075220388876
-1,0,4.0475363306255544e-47
0,0,4.790191366304773e-47
-1,0,4.998795169954212e-35
-1,0,1.1482989083581427e-78
-1,0,2.878052280144555e-32
0,0,3.1974792610078003e-06
-1,0,5.655281859513757e-38
0,0,1.1133119090666612e-12
0,0,5.366596101361117e-14
0,0,4.4967754568839054e-21
-1,0,4.034376885050959e-35
0,0,1.2459753509623905e-13
0,0,1.5606109252365476e-15
-1,0,1.228284483601201e-36
0,0,3.342751829397648e-46
0,0,1.648961753639555e-11
-1,0,1.7203752326482014e-36
0,1,0.8102720095590155
0,0,3.7903418211983894e-12
0,1,0.6852339549890726
-1,0,1.1840263623218691e-32
0,0,3.423592755874988e-13
0,1,0.9993565019537479
0,0,8.22706452805082e-54
-1,0,5.655281859513757e-38
0,0,2.2940682915239396e-24
-1,0,5.053143818991641e-37
0,0,3.2647358326476795e-07
0,1,0.999999999999946
-1,0,2.280507253248423e-40
0,0,7.968073937269382e-22
-1,0,3.607758370665844e-37
-1,0,2.7033402475125777e-46
-1,0,7.289818352492173e-60
-1,0,3.221004078581996e-33
-1,0,4.1621185202331704e-64
0,1,0.9511043990131253
0,0,1.0474324651162831e-32
0,0,2.519662002521949e-39
0,0,4.7668493898325065e-29
-1,0,1.02353250477566e-68
0,0,2.59112348905098e-21
-1,0,1.1504347068971367e-47
0,0,0.44205127039921216
-1,0,4.040951251089242e-41
-1,0,6.687484537200293e-35
0,0,1.7451536373732212e-13
0,0,6.31887416323833e-33
-1,0,3.207181475978727e-55
-1,0,7.440129634632307e-52
0,0,1.7011733037444624e-40
-1,0,3.589352662614432e-56
-1,0,1.3108640421160316e-31
-1,0,1.1732003907905576e-36
0,0,1.0382743483988122e-45
0,0,6.2983300905356005e-21
-1,0,1.809227065753809e-60
-1,0,2.5068074378748294e-58
0,0,5.641486308319674e-29
0,0,2.0464757449046067e-17
0,0,5.0831923429082335e-21
0,0,4.538270467848025e-17
-1,0,7.409905026833893e-37
0,1,0.9401158554375478
0,0,7.504399568690652e-08
0,1,0.9645951737984841
-1,0,9.296189715418824e-45
0,0,2.8686950886958535e-20
0,0,5.985181697244789e-40
0,0,3.614455619298259e-06
0,0,2.0498106541157928e-23
-1,0,2.163596323195992e-53
-1,0,8.76949832818233e-37
0,0,6.610174145857078e-30
0,0,1.8285801694718732e-16
0,0,3.218382829457698e-30
-1,0,1.9363808681403326e-58
0,0,5.040817129362813e-28
-1,0,2.5299395695805016e-54
0,0,1.4658741100727708e-29
0,0,6.351276483097403e-14
-1,0,5.307655350413329e-49
-1,0,1.8360388505548685e-31
0,0,7.516629200866322e-14
0,0,4.2523763097849655e-22
0,1,0.9982338331721738
0,0,3.4005850584630104e-26
0,0,1.932101534217952e-12
0,1,0.9999999999999243
0,0,4.835482496950456e-06
0,0,1.0474324651162831e-32
0,0,6.0305839547991784e-30
0,0,3.054084380743287e-06
-1,0,1.438269080071747e-80
0,0,1.2376019765855888e-26
0,0,8.821646157274373e-21
0,0,4.0212602237762793e-23
0,1,0.9932368483549618
0,0,0.002571865734129096
0,0,1.3297442775082991e-08
-1,0,3.1993578453729615e-46
-1,0,3.1526374320080455e-75
0,1,0.9998805588889411
-1,0,8.369401659752582e-34
0,0,5.560381975121344e-21
0,1,0.6372817761160452
-1,0,3.353655312642099e-58
-1,0,2.0014086962310463e-56
0,1,0.999802026962188
-1,0,2.059848024325774e-41
0,0,7.948636537916661e-13
0,0,9.343859300989404e-26
-1,0,7.854939966327717e-45
-1,0,2.17292118753352e-31
0,0,2.2959367219807674e-27
-1,0,8.171775881077619e-67
0,1,0.9998586465460247
0,0,8.483035548057378e-08
-1,0,5.990056397712162e-43
0,0,7.497730858498214e-05
0,0,0.009825961931031822
0,0,1.1523094397447906e-53
-1,0,3.5283090918273513e-76
0,0,4.2558397068601e-25
0,0,1.3805727646996069e-15
-1,0,7.5026744709122e-45
0,0,4.2593059247390175e-28
0,1,0.9999999999999545
-1,0,1.5274865537790655e-57
-1,0,1.0966115035603886e-32
-1,0,2.0231687114174485e-58
-1,0,3.52256876138916e-70
0,0,1.9238101222751823e-34
0,0,2.74004454509555e-20
0,0,1.71687126455383e-36
-1,0,1.9348050437914374e-55
0,0,4.011450721321668e-14
0,0,0.0005657986584485379
0,1,0.9844369487419621
0,0,2.262929389032482e-19
0,0,1.2480057755523227e-19
0,0,0.19590697142702915
0,0,5.669111146007705e-47
0,0,1.6352154498233975e-18
-1,0,1.9253769916830642e-37
0,0,1.3873330573701548e-33
0,0,1.055378054900774e-22
0,0,2.4423298109405263e-10
0,1,0.9583694221824719
-1,0,4.701064524468073e-61
-1,0,3.231510441540973e-45
0,0,4.269721526182412e-37
0,0,2.8222043372415925e-43
0,0,0.3612910141493116
0,0,1.6476198034902504e-08
0,0,1.849966633033214e-21
-1,0,1.5472452679732114e-59
-1,0,5.031458780040253e-59
0,0,6.660317457159918e-20
0,0,1.249022228292607e-22
0,0,2.2959367219807674e-27
0,0,2.72883898486737e-05
0,0,5.062516872573175e-06
0,0,7.447902003289706e-18
0,0,5.96086763575867e-25
0,0,3.023705443043534e-07
0,0,5.3175274163539105e-18
0,0,5.8499590589699737e-39
-1,0,1.2999362353429834e-38
-1,0,1.538452733375293e-38
0,0,9.929268057501084e-43
0,1,0.8567681313055961
0,0,3.7903418211983894e-12
0,0,6.665742029756449e-23
0,0,8.426027404324643e-21
0,0,1.8424479774331652e-06
0,1,0.9990989279903378
0,0,4.787391699239578e-07
0,0,5.3175274163539105e-18
0,0,1.5488616054856388e-25
0,0,6.765699125086448e-40
0,0,2.207809532781084e-14
0,0,6.615557878653684e-33
-1,0,4.9257974660543126e-64
-1,0,1.376888288960277e-43
0,0,9.754702638741596e-23
0,0,2.1840636292880275e-12
0,0,8.888565202746492e-11
0,0,9.414739740046072e-16
0,0,7.914525794371943e-35
0,0,7.504399568690652e-08
0,1,0.9959089985382366
0,0,4.2523763097849655e-22
0,0,4.0749211745752464e-34
-1,0,1.2843809477940155e-39
0,0,1.3165137215302193e-09
0,0,5.313200019137595e-15
-1,0,3.234142382600741e-48
0,0,0.013708596884222312
-1,0,3.2288806423515285e-42
0,0,5.576268136699541e-24
0,0,0.0005657986584485379
-1,0,2.437795591201068e-41
0,0,1.2073952375813435e-56
-1,0,6.291757374706674e-55
0,0,1.171291669718219e-30
0,0,3.4180216238487823e-07
0,0,1.37241171728291e-31
-1,0,3.923111416368223e-53
-1,0,1.6165922038149602e-59
0,0,3.207919147300771e-18
-1,0,4.200525408743969e-60
0,0,0.000385912718123985
0,0,2.1623328265769424e-13
0,0,3.2131467289810357e-24
0,0,3.1974792610078003e-06
0,0,8.426027404324643e-21
0,0,1.6352154498233975e-18
0,1,0.999802026962188
0,0,4.055064616264817e-16
-1,0,1.042088776826831e-51
0,0,0.002173999232643639
0,0,4.5271995604720655e-08
0,0,6.313731871281273e-30
-1,0,1.622904457460779e-28
0,1,0.5259972233889277
-1,0,5.356632938703143e-45
0,0,2.7194156625397087e-30
-1,0,7.035759580035607e-53
0,0,8.412318803314048e-15
-1,0,6.211410038496398e-53
0,0,5.906365316063573e-29
-1,0,2.8897917020501907e-47
-1,0,1.1643677558907325e-46
0,0,3.023705443043534e-07
-1,0,2.0564967849631063e-35
0,0,5.61399608254021e-11
0,0,1.1067307338399106e-28
0,0,6.2983300905356005e-21
0,0,2.051480146114337e-26
0,0,1.5644272046239888e-24
0,1,0.9998805588889411
-1,0,1.7376644928016494e-35
0,0,4.702145798012629e-24
0,0,6.682042270578171e-32
-1,0,1.612648672606137e-50
-1,0,5.985181697244789e-40
-1,0,7.792602726892727e-61
0,0,5.96086763575867e-25
0,0,5.062516872573175e-06
-1,0,2.0443401147727133e-51
-1,0,1.725986801643058e-48
-1,0,1.4409442136780676e-49
0,0,6.687484537200293e-35
0,0,6.660317457159918e-20
0,1,0.8933691021372158
-1,0,2.171152866966102e-28
0,0,1.8315599989987084e-22
0,0,2.2513845976699784e-38
-1,0,1.7287994464044573e-54
-1,0,1.304176404426511e-50
0,0,2.8686950886958535e-20
-1,0,1.2416388220063035e-38
0,0,4.051764609707728e-13
0,0,7.1254833805406e-24
-1,0,1.2342990616112674e-54
-1,0,2.8563843833277154e-42
0,0,8.888565202746492e-11
0,1,0.7830138077937304
-1,0,2.0281161181835173e-67
-1,0,1.1028788359108285e-53
0,0,1.6312264862209458e-09
0,0,4.229918028516321e-10
0,0,2.5543336585569023e-44
0,0,7.441840909876691e-15
0,0,7.04310952149158e-19
0,0,2.2959367219807674e-27
-1,0,1.3780097115544431e-46
0,0,1.7451536373732212e-13
0,0,7.528878198208516e-20
0,0,1.8315599989987084e-22
0,0,2.9022463893209224e-25
0,0,3.578504482923117e-07
0,0,9.955838221224878e-15
-1,0,5.617276459021372e-51
-1,0,2.5108924973905008e-64
0,1,0.9999999999999105
-1,0,1.3907256073419733e-42
-1,0,7.861337513045917e-48
-1,0,9.30376110466694e-48
0,0,0.007035147419301393
0,0,3.2348862549912824e-11
-1,0,2.3034256738551888e-39
-1,0,1.7376644928016494e-35
0,0,8.821646157274373e-21
-1,0,7.773593373773789e-52
-1,0,1.3218837125956576e-24
-1,0,1.8311388258880687e-59
0,0,5.931817588179307e-07
0,0,6.015872887916066e-21
-1,0,5.994935068435635e-46
-1,0,2.0564967849631063e-35
0,0,4.302110684310445e-27
-1,0,7.914525794371943e-35
-1,0,3.3392634511217903e-80
-1,0,8.721177630876798e-62
0,0,8.814467112572634e-18
0,0,1.9399824734357346e-27
0,1,0.9999999999998517
-1,0,3.411677183783317e-38
0,1,0.9083862650298209
0,0,2.2922013815935168e-21
0,0,2.6731669770247307e-50
0,0,2.7017542518317e-06
-1,0,2.6967456922444562e-37
0,0,1.3772030849828618e-06
0,0,5.330530766479859e-27
-1,0,3.6018887813952376e-31
0,0,8.321840839764251e-13
0,0,1.238609955831449e-29
-1,0,2.75122104080313e-35
-1,0,2.712781892743208e-21
0,0,1.1693860540114773e-24
0,0,6.705375374063721e-07
-1,0,1.5434709023740468e-50
0,0,1.3862040474487271e-30
-1,0,8.319927205713574e-50
-1,0,5.057259410427577e-40
-1,0,1.5274865537790655e-57
0,0,6.313731871281273e-30
-1,0,6.2650663777235255e-09
0,0,5.0696263076042e-49
0,0,4.045171014695277e-07
-1,0,3.420020014852044e-47
0,0,1.622904457460779e-28
0,0,3.0409873840223374e-28
-1,0,1.0465800658752501e-29
0,0,5.334872278923794e-30
-1,0,9.374337367722121e-38
0,1,0.9989337726694621
0,0,8.321840839764251e-13
0,0,1.309797262584376e-28
-1,0,2.0343783125791728e-33
0,0,0.3612910141493116
-1,0,1.325116214357229e-33
-1,0,1.9178882773108434e-68
0,0,1.9289544092547216e-06
0,1,0.995161999928704
0,0,6.732730757495317e-22
0,0,0.12310559770582999
0,1,0.9999999999995175
-1,0,4.000744952498749e-42
0,0,2.6923582616145903e-31
0,0,8.242366599899177e-23
0,0,1.0306945382456049e-18
0,0,3.8284336306748464e-11
-1,0,2.176462150528882e-37
0,0,2.0360352355286525e-36
-1,0,1.1624734049434722e-40
-1,0,9.896985787022506e-31
0,0,9.840744151173174e-10
0,1,0.9982338331721738
0,0,1.462298242090953e-20
0,1,0.6852339549890726
-1,0,1.7053333108984401e-49
0,0,5.044922681183829e-31
-1,0,3.5747713607009416e-41
0,0,7.453968033230256e-21
-1,0,1.641885406517557e-33
0,0,1.935250060765139e-18
-1,0,5.659887869242068e-41
0,0,2.712781892743208e-21
0,0,7.414600978457624e-09
0,0,1.3873330573701548e-33
-1,1,0.9999999999939615
-1,0,4.155347022893321e-58
0,1,0.9999997925218902
-1,0,4.2375762152357626e-47
-1,0,2.5108924973905008e-64
-1,0,5.563631023435004e-61
0,0,7.888793901454449e-23
0,0,5.3392173273628344e-33
0,0,9.399422559248497e-10
-1,0,1.5472452679732114e-59
-1,0,7.460039003719166e-24
-1,0,4.0376627299728974e-38
-1,0,5.970581385083449e-31
-1,0,2.558496166159374e-50
0,0,7.266117523142608e-48
0,0,7.453968033230256e-21
0,0,8.671617772694442e-41
0,0,1.2365948176319885e-23
0,0,3.614455619298259e-06
-1,0,4.230681953112067e-41
-1,0,1.8330517342265654e-25
0,1,0.9987383846518522
0,0,2.7149913493360288e-24
-1,0,7.0833621615637765e-40
-1,0,6.2815210928426245e-49
0,0,1.1693860540114773e-24
0,0,3.031100454121295e-16
0,0,1.1133119090666612e-12
0,0,1.0474324651162831e-32
-1,0,3.949654425536882e-40
0,0,1.9368262475632567e-21
-1,1,0.9999999999963571
-1,0,3.5406320107568845e-51
0,0,4.2523763097849655e-22
-1,0,1.0983985268434265e-38
0,0,4.008186207539365e-11
0,0,2.4423298109405263e-10
-1,0,1.2396187560376748e-32
-1,0,4.738670879511787e-45
0,0,3.423592755874988e-13
-1,0,4.975300267674349e-63
0,0,7.037377847698305e-16
0,0,1.4575439623153605e-08
-1,0,1.151371691751895e-50
0,0,4.5419667147272617e-20
0,0,3.2322536041989854e-08
-1,0,7.283885907358011e-57
0,1,0.9999999999999545
0,1,0.9998805588889411
-1,0,4.419283023587467e-78
-1,0,8.864843380473486e-39
-1,0,1.3031150672860942e-47
0,0,1.3172829899633617e-49
0,0,9.321065797051221e-17
-1,0,9.913113781281077e-37
-1,0,1.3052386059852205e-53
0,0,0.0007922964240672709
0,0,3.7903418211983894e-12
0,0,1.1859558356771534e-38
0,0,9.258425092762343e-30
0,0,3.6233074160254164e-15
0,0,0.00028849212691758126
0,0,5.244142923463623e-50
-1,0,2.974019413943727e-67
0,0,1.1693860540114773e-24
0,0,0.0486090220850911
0,0,1.1169433416019267e-24
0,1,0.9783369542741867
0,0,3.2157637135027312e-27
-1,0,1.0268710922884472e-80
-1,0,7.490468105338219e-39
-1,0,5.26553350303626e-65
0,0,3.4180216238487823e-07
0,0,6.716306866666559e-13
0,0,1.1142186588305453e-15
0,0,3.365368238425967e-33
0,0,1.1124058959796477e-09
-1,0,8.191758939858734e-76
0,0,3.5558917488214954e-29
0,0,4.0310937141455423e-32
0,1,0.9732966851099843
-1,0,2.046005151227194e-54
0,0,2.17292118753352e-31
0,0,2.0548232104301038e-32
-1,0,2.550177923084855e-38
-1,0,2.1429338067544124e-63
-1,0,1.941562514602094e-30
0,0,2.3171229965379114e-23
-1,0,1.3140695966477724e-40
-1,0,5.5990134373209084e-39
-1,0,1.3907256073419733e-42
-1,0,2.1530534010850364e-35
0,0,0.0007922964240672709
0,0,3.537750648817801e-48
0,1,0.9989337726694621
0,0,1.2962328630212233e-35
0,0,1.2175451060874158e-49
0,0,3.0409873840223374e-28
0,0,8.82883104903205e-24
-1,0,2.1272895490963384e-36
0,0,2.3190102041658915e-26
0,0,2.2922013815935168e-21
-1,0,1.725986801643058e-48
-1,0,5.550059046208145e-52
-1,0,6.921736395342027e-76
0,0,8.405472868634772e-12
0,1,0.8762257613636502
0,0,4.803009649398123e-19
0,0,2.374971957052608e-28
0,0,1.941562514602094e-30
-1,0,6.927373883616935e-79
0,0,6.233103915180779e-28
0,0,8.405472868634772e-12
0,0,2.326574417782538e-38
0,0,1.8469568571046376e-15
-1,0,8.790943042663647e-46
-1,0,1.0429375180855304e-54
0,0,7.05458687756448e-25
-1,0,4.251398462180141e-59
0,0,6.615557878653684e-33
-1,0,5.303335987071985e-46
0,0,1.1646355662276748e-09
0,0,4.2489157312181336e-19
0,0,2.567431931143798e-25
0,0,7.096536933930317e-09
0,1,0.9998805588889411
-1,0,7.42198010790424e-43
-1,0,4.786293114511911e-44
-1,0,2.8337159583637932e-58
0,0,1.6268730679124004e-37
-1,0,3.3563867360051475e-61
-1,0,6.979923401601379e-69
0,0,4.913781426393847e-55
-1,0,1.0879087338182883e-48
-1,0,5.508274500607548e-62
0,0,1.1693860540114773e-24
0,0,7.863145668055775e-11
0,0,1.7348374251838137e-29
-1,0,1.8048136191339054e-51
0,0,4.4894594943768996e-15
-1,0,1.4324262895574716e-65
0,0,1.8241191799559045e-07
-1,0,1.837534233635172e-34
-1,0,7.071837989966978e-34
0,0,3.0665511937142283e-21
0,0,0.05953719298058312
-1,0,3.753280478850726e-59
0,0,3.587256553047487e-16
-1,0,1.0491393469030375e-38
0,0,2.180505544568892e-06
0,0,3.607758370665844e-37
-1,0,2.7172026054463096e-27
0,0,4.0616726947501898e-22
-1,0,1.718975193417544e-33
0,1,0.995161999928704
0,1,0.9999999999999545
0,0,7.048845863513023e-22
-1,1,0.9999999999995923
0,0,2.274944161020272e-31
0,0,3.9464402016639966e-37
0,0,1.534699816373066e-29
0,0,5.308876143523601e-12
-1,0,4.0212602237762793e-23
0,0,2.8470976390561568e-30
-1,0,2.996579663946795e-57
-1,0,5.32063455963313e-58
0,0,3.8058024235489005e-27
0,0,1.462298242090953e-20
-1,0,4.419283023587467e-78
-1,0,8.812440197519765e-55
0,0,3.054084380743287e-06
0,0,1.8484611324816868e-18
0,0,5.9963139041497264e-09
-1,0,1.0429375180855304e-54
0,1,0.9996564769293487
-1,0,7.472195782440466e-30
-1,0,8.38304032356608e-40
0,1,0.7830138077937304
0,0,1.1124058959796477e-09
-1,0,6.324020643394645e-36
0,0,4.095816811343649e-15
0,0,2.6923582616145903e-31
0,0,6.705375374063721e-07
0,0,6.366807737643373e-23
0,0,1.4781968599069606e-22
-1,0,4.7541276113221883e-57
0,0,1.3076663072461031e-22
0,0,1.309797262584376e-28
0,0,5.650679598150451e-35
-1,0,2.567431931143798e-25
0,0,3.200093706971642e-09
0,0,3.6292119088134575e-21
0,0,1.2064126608344895e-53
0,0,4.0212602237762793e-23
0,0,4.4967754568839054e-21
-1,0,8.319927205713574e-50
-1,0,2.3724935198237685e-62
0,1,0.9985072449447319
0,0,6.69293123633942e-38
0,0,5.86426440427628e-48
0,0,7.927423198623883e-41
0,0,1.2999362353429834e-38
0,0,3.1974792610078003e-06
-1,0,5.888184426328327e-63
0,0,3.7903418211983894e-12
-1,0,1.3020545938605258e-44
0,0,3.054084380743287e-06
0,0,0.000404024767464273
-1,0,9.838481250097315e-47
-1,0,1.2312881001214309e-45
0,0,6.754691770681564e-34
-1,0,4.040951251089242e-41
0,0,2.5549205181327333e-07
0,0,4.507771760452391e-30
0,0,4.7436211555359496e-11
-1,0,1.2113335537993578e-68
-1,0,9.30376110466694e-48
-1,0,8.77664074753732e-40
-1,0,6.698382371605761e-41
0,0,7.9745636272587315e-25
0,0,1.1187634973733985e-30
0,0,9.880884031966044e-25
-1,0,6.206355200710775e-50
0,0,7.955110396897695e-16
0,0,8.328618659306361e-16
0,0,2.0464757449046067e-17
-1,0,9.822474678134604e-41
0,1,0.9999999999994289
-1,0,4.0105282753307606e-51
0,0,1.3794492562940689e-12
-1,0,2.059848024325774e-41
-1,0,2.3724935198237685e-62
-1,0,6.271301464746202e-43
-1,0,9.846494314958708e-50
0,0,9.864808473422628e-19
0,0,1.6392141652714866e-27
0,0,4.0310937141455423e-32
0,0,8.775055896235424e-09
-1,0,4.526158721285427e-45
-1,0,5.839098526045923e-70
-1,0,1.4409442136780676e-49
0,0,7.441840909876691e-15
-1,0,1.243662179847111e-44
0,0,1.9431438426512584e-33
0,0,9.192430506030582e-49
0,0,7.1254833805406e-24
-1,0,1.0226995552926959e-65
-1,0,1.2185367497830813e-52
-1,0,9.281065416670235e-39
0,1,0.9996116960617352
0,0,3.5960287415663755e-25
0,0,2.0489692499074872e-29
0,0,2.8998845448087845e-22
0,0,2.2922013815935168e-21
0,0,7.35708679748409e-56
0,0,1.3076663072461031e-22
-1,0,9.85451390615333e-53
0,0,1.1040309638061715e-19
0,0,7.04310952149158e-19
-1,0,8.198430812686105e-79
0,0,3.0846912867959524e-05
-1,0,2.854059861259195e-39
0,0,6.765699125086448e-40
-1,0,1.1010845234550333e-47
0,1,0.9999939714632199
0,1,0.9426474162673102
0,0,1.1124058959796477e-09
0,0,2.3133531874537935e-17
-1,0,3.8182162984265083e-39
0,0,7.096536933930317e-09
0,0,1.2376019765855888e-26
0,0,6.293204517319474e-18
-1,0,6.709297964975058e-47
0,0,1.2967651578743072e-29
-1,0,8.775055896235424e-09
0,0,1.4587310970960578e-11
-1,0,2.299678149428189e-33
0,0,2.897524622362823e-19
0,0,4.461088797336754e-37
-1,0,5.5591033474083484e-58
0,0,8.881330911417573e-08
0,0,2.72883898486737e-05
-1,0,4.9338244790217234e-70
-1,0,7.94034162031168e-47
0,0,4.500437907671498e-24
0,0,0.0002059897396796882
-1,0,4.0278132150805935e-29
0,1,0.9999999999998244
0,0,7.090711552747985e-06
-1,0,2.1233402055275958e-67
-1,0,2.0531509978499514e-29
0,0,1.954698749125462e-17
-1,0,6.174692226045827e-69
-1,0,2.4542892422502834e-28
0,0,7.472195782440466e-30
-1,0,4.975300267674349e-63
-1,0,2.1250695845198295e-70
0,0,5.020339432303906e-13
0,0,7.108101405035189e-15
0,1,0.9999999999992002
0,0,4.4931159865943484e-18
0,0,7.460039003719166e-24
0,0,5.965722533357284e-28
-1,0,9.77630793697739e-69
0,0,1.6352154498233975e-18
-1,0,1.2302860793926403e-42
0,0,9.697039187161338e-39
0,1,0.999540481540717
0,0,5.727401030840721e-09
0,0,0.002571865734129096
0,0,4.46655560995002e-34
0,1,0.9862075999373869
-1,0,3.1993578453729615e-46
0,0,2.498657246412726e-46
0,1,0.9998805588889411
-1,0,1.43476055207646e-71
-1,0,2.376359703194203e-68
0,0,6.377183001471131e-29
-1,0,2.996579663946795e-57
0,0,7.961589528581696e-19
0,0,0.3233919406396295
0,0,2.167620541831387e-22
0,0,3.0409873840223374e-28
-1,0,3.1993578453729615e-46
0,0,9.281065416670235e-39
0,0,0.1281449658119556
0,0,2.7194156625397087e-30
-1,0,1.641885406517557e-33
0,0,0.00028849212691758126
-1,0,1.7245821957245615e-45
-1,0,2.0564967849631063e-35
-1,0,4.52984510361254e-48
0,0,0.0009375332382084733
0,0,9.078767482121022e-41
-1,0,3.999102730748837e-48
0,0,1.3108640421160316e-31
0,1,0.9992385207630187
0,0,3.58142031762407e-10
0,0,4.0278132150805935e-29
0,0,3.617412516379185e-09
-1,0,1.5287306328720662e-60
-1,0,7.77992466681859e-55
-1,0,1.2830406129966118e-73
0,0,1.1058300777413428e-25
0,0,2.521714170386181e-42
0,0,1.037010814413511e-33
0,1,0.9998805588889411
0,0,1.1703384740101137e-27
0,0,1.3034147915383434e-10
-1,0,8.178431478471379e-70
0,0,3.4033547043003824e-29
-1,0,3.5747713607009416e-41
0,0,4.803009649398123e-19
0,0,1.622904457460779e-28
0,0,2.4180293347943972e-11
0,0,3.1974792610078003e-06
-1,0,5.0613783538544955e-43
0,0,0.0013126465350361259
0,1,0.9957177404184739
0,0,2.7105742342034227e-18
-1,0,6.286637150358493e-52
0,1,0.9994562134587761
0,1,0.995161999928704
0,0,1.309797262584376e-28
0,0,1.9144356469824538e-16
0,0,2.2605678754882195e-53
0,0,0.00028849212691758126
-1,0,1.1076321234882641e-31
-1,0,5.526241547456501e-74
0,0,1.1722456417676111e-33
0,0,2.7333604529216362e-11
-1,0,1.360412178305582e-44
0,0,3.3978176665600345e-23
0,0,1.2967651578743072e-29
-1,0,4.693416196875625e-55
-1,0,9.752459513506505e-60
-1,0,2.4174733012327844e-48
0,0,6.716306866666559e-13
-1,0,6.5508720357872715e-80
0,0,2.1876227498605745e-18
0,0,3.802705266256765e-24
0,1,0.999999999999946
-1,0,7.060332567451291e-28
0,0,7.89521902090161e-26
-1,0,2.4338294556188213e-35
0,0,2.3807796547810463e-37
0,0,2.1513012488975897e-32
-1,0,9.679036494783978e-70
0,0,2.464860885831504e-06
0,1,0.9083862650298209
0,0,2.7105742342034227e-18
-1,0,2.02646563980194e-64
0,0,8.873316656119891e-05
-1,0,1.2896198692471762e-54
-1,0,4.665671775785643e-71
-1,0,1.6445610007823005e-39
-1,0,1.8266719275011704e-50
0,0,4.183461293028025e-45
0,0,3.617412516379185e-09
-1,0,2.5842082927809394e-49
0,0,1.228284483601201e-36
0,0,1.729197080832945e-17
0,0,1.9447264586313445e-36
0,0,1.9399824734357346e-27
-1,0,4.017063777996954e-57
0,0,2.0687257448029567e-19
0,1,0.9816338355075707
0,0,1.3087313511965429e-25
-1,0,6.276409198767929e-46
-1,0,2.580003953213287e-43
0,0,2.44830222449811e-19
0,0,2.4403416510386304e-07
0,0,4.0278132150805935e-29
0,0,4.762970133711148e-26
0,0,4.0278132150805935e-29
0,1,0.8762257613636502
0,0,3.936813215920681e-28
-1,0,1.6165922038149602e-59
0,0,4.5243008282220334e-51
0,0,7.516629200866322e-14
0,0,3.389528996122073e-14
0,0,4.269721526182412e-37
0,0,1.5476011438320488e-22
0,0,0.09497189825294017
0,0,5.6889109977883495e-22
-1,0,1.1436340858557504e-63
0,0,8.678680472098775e-44
-1,0,2.7238471855443807e-36
0,0,2.712781892743208e-21
0,1,0.6084988841346733
0,0,7.89521902090161e-26
-1,0,3.4172368068055896e-44
-1,0,4.52984510361254e-48
-1,0,3.54929018477239e-60
0,0,2.7378147002431125e-17
0,0,8.213679626757244e-48
0,0,1.4611082255951764e-17
0,1,0.9999999999999545
-1,0,1.9478955585809903e-42
0,0,1.1703384740101137e-27
0,0,5.951169690075005e-19
0,0,2.712781892743208e-21
-1,0,8.627377763065363e-60
0,0,1.464681183540055e-26
0,0,3.1974792610078003e-06
-1,0,2.8563843833277154e-42
0,0,2.8107394806586363e-28
0,0,7.484372371684152e-36
-1,0,1.1722456417676111e-33
0,1,0.9981510614485615
0,0,0.1281449658119556
0,0,7.037377847698305e-16
-1,0,7.071837989966978e-34
0,0,5.61856846690496e-14
0,0,2.4318488082263972e-32
-1,0,1.040393365861044e-45
0,0,4.482155414377611e-09
0,0,6.243261297066578e-34
-1,0,8.706988839558214e-56
-1,1,0.999999999998431
0,0,1.055378054900774e-22
0,0,7.472195782440466e-30
0,0,7.025928484666469e-10
0,1,0.9999999969244722
0,0,8.348985257541485e-25
-1,0,2.2823646387607427e-43
0,1,0.9996718776349768
0,0,2.1840636292880275e-12
0,0,2.4115760926557816e-39
0,0,1.933675156665907e-15
-1,1,0.9999999999998517
-1,0,4.441944500676616e-59
0,0,1.6516488794511164e-17
0,0,8.335401999115264e-19
0,0,1.4599191775333057e-14
-1,0,2.6731669770247307e-50
-1,0,3.7502260638520987e-56
-1,0,1.5209315047633687e-79
0,1,0.9993565019537479
0,0,1.2044499055492314e-47
0,0,1.3828225274154256e-21
0,1,0.7530330563243364
0,0,6.335381719604879e-05
-1,0,1.5472452679732114e-59
0,0,4.0179877271934834e-20
0,1,0.7830138077937304
0,1,0.9998805588889411
0,0,1.1058300777413428e-25
0,0,1.3921784164260268e-08
0,0,1.8256051876014938e-10
0,0,4.281147042883472e-09
0,0,0.2876778230149282
0,0,9.336255279878986e-23
0,0,0.03678605105793915
0,0,3.5989575687722334e-28
0,0,6.5886829917807504e-18
-1,0,1.3063016726663136e-56
-1,0,1.8077547190115675e-57
-1,0,5.521744298939026e-71
0,0,4.713644309137766e-33
-1,0,2.655202393814093e-63
0,0,8.792964935923594e-09
0,0,3.045942935957553e-34
-1,0,1.2215165294359735e-61
0,1,0.9992027963000287
0,1,0.9999999999994289
-1,0,8.326703466667432e-53
0,0,1.1160343744958126e-21
0,0,4.2523763097849655e-22
0,0,2.8563843833277154e-42
0,0,1.6405492422101055e-30
-1,0,7.066082936981593e-31
0,0,1.3772030849828618e-06
0,0,8.82883104903205e-24
0,0,2.311470583498895e-14
-1,0,2.8291056859796304e-52
-1,0,4.477478014651607e-43
0,0,2.2959367219807674e-27
0,0,0.2238077031810385
0,0,2.4443189953032195e-13
0,0,3.218382829457698e-30
-1,0,2.176462150528882e-37
0,0,4.988613891792671e-35
0,1,0.9999999999998517
0,0,9.414739740046072e-16
0,0,1.8424479774331652e-06
0,0,7.060332567451291e-28
0,0,6.235663524050107e-22
0,1,0.9999767992875764
0,0,6.698382371605761e-41
-1,0,1.4421178073611107e-52
-1,0,5.563631023435004e-61
-1,0,8.843218392768287e-30
0,0,1.0870233950399864e-45
-1,0,1.2245035957683518e-70
0,0,2.4278923476750363e-26
-1,0,3.7410777248412105e-47
0,0,7.961589528581696e-19
0,0,8.355785185161845e-28
-1,0,1.538452733375293e-38
0,0,6.698382371605761e-41
0,0,2.1929723084679308e-27
0,0,1.3978570574708425e-23
0,0,1.5631540757051585e-21
0,1,0.9932368483549618
-1,0,1.6308513831059392e-46
0,0,6.665742029756449e-23
-1,0,1.8004109387199298e-42
0,0,3.0690487818064522e-24
0,0,1.0519467847681646e-10
-1,0,4.742530344824412e-48
0,0,8.321840839764251e-13
0,0,4.0212602237762793e-23
0,0,5.665797289302094e-07
0,0,6.0060854522486336e-15
0,1,0.9999999999990534
-1,0,1.3780097115544431e-46
0,0,8.426027404324643e-21
0,1,0.9990989279903378
0,0,6.671171020458928e-26
0,0,6.015872887916066e-21
0,0,1.6378801748168368e-24
-1,0,4.7541276113221883e-57
0,0,2.74004454509555e-20
-1,0,2.0426764333227763e-48
-1,0,8.676684781620711e-81
0,0,7.05458687756448e-25
-1,0,6.962896506566074e-60
-1,0,9.192430506030582e-49
0,0,1.1655841184927064e-12
0,0,2.888103287861588e-07
0,0,3.010730437285135e-29
-1,0,2.1600762920686823e-47
-1,0,6.324020643394645e-36
0,0,1.3772030849828618e-06
0,0,4.2523763097849655e-22
0,0,0.008315245403464249
-1,0,2.2490351318641068e-72
0,1,0.995161999928704
-1,0,2.577904349196013e-40
0,0,8.412318803314048e-15
0,0,5.044922681183829e-31
0,0,2.2959367219807674e-27
0,0,9.872842980795741e-22
0,0,1.648961753639555e-11
0,0,5.313200019137595e-15
0,0,7.077597730221838e-37
0,0,1.8192512983862577e-35
-1,0,1.0858890156454254e-79
-1,0,1.3757677789784075e-40
0,0,7.5105121767817e-11
0,0,3.8284336306748464e-11
0,0,3.0615621134779745e-15
0,0,1.953108017707715e-14
0,0,0.004065901351258498
0,0,1.9305291886624823e-09
0,0,0.0001242781436448449
-1,0,1.4607722390609358e-54
0,0,8.82883104903205e-24
0,0,1.2896198692471762e-54
-1,1,0.9999999999992002
0,0,4.481124748414085e-46
-1,0,1.8296486473826578e-56
0,0,1.4806057095287084e-28
0,0,7.942167941059083e-10
-1,0,2.156561987804129e-41
0,0,2.9844064291340276e-42
0,1,0.995161999928704
0,0,3.3978176665600345e-23
0,0,1.1085342472838436e-34
0,0,7.060332567451291e-28
0,0,6.67660443286578e-29
-1,0,7.011618449995408e-10
0,0,1.6281980935014953e-40
-1,0,1.2322909369575776e-48
-1,0,1.538452733375293e-38
-1,0,5.213142964495402e-66
-1,0,3.9263066398420673e-56
-1,0,1.2152847161294544e-80
0,0,1.7277898623931465e-14
-1,0,9.94544865851154e-49
-1,0,2.437795591201068e-41
-1,0,1.3009949834469345e-41
-1,0,5.307655350413329e-49
0,1,0.9998327148965551
-1,0,1.3907256073419733e-42
0,1,0.999999999999936
0,0,6.308593764115123e-27
0,0,2.288472118363293e-15
0,0,1.3839487832187658e-24
-1,0,2.1394473922035383e-57
0,0,9.888931632263629e-28
-1,0,2.8680354230367197e-57
0,0,1.7437334332038353e-10
0,0,3.1974792610078003e-06
0,0,4.302110684310445e-27
0,0,5.675033411334533e-13
0,1,0.999999999999936
0,1,0.9999999999999545
-1,0,3.1500718195759823e-72
-1,0,5.002866496504259e-38
0,0,1.2247852390720141e-33
-1,0,2.7077455742382554e-52
0,0,6.732730757495317e-22
0,0,2.746744982308341e-29
-1,0,2.659529275744074e-69
0,0,1.3076663072461031e-22
-1,0,1.2312881001214309e-45
-1,0,1.3108640421160316e-31
-1,0,2.807806291764087e-62
0,0,5.264619553382926e-19
0,0,0.4839107504998532
-1,0,1.139915875744528e-51
-1,0,5.853377313273342e-79
-1,0,1.9384037181049167e-24
0,0,1.1076321234882641e-31
-1,0,1.7231787328725944e-42
0,0,3.5960287415663755e-25
0,0,1.4733909111973786e-10
0,0,2.2823646387607427e-43
0,0,3.210531874158143e-21
0,0,1.2335782558518951e-14
0,0,7.435784748918798e-12
0,0,1.534699816373066e-29
0,0,1.2365948176319885e-23
-1,0,4.269721526182412e-37
0,1,0.9992385207630187
0,1,0.7830138077937304
-1,0,2.7238471855443807e-36
0,1,0.9982338331721738
-1,0,3.0409873840223374e-28
0,0,8.807293910168616e-15
0,0,7.57981137908397e-07
0,0,4.284633890939777e-12
0,0,1.313000208439796e-37
0,0,1.37241171728291e-31
-1,0,8.706988839558214e-56
0,1,0.9328310141832646
0,0,1.2376019765855888e-26
0,0,3.36675021865746e-27
0,0,3.0484237394158803e-37
0,0,1.5463417079406335e-19
0,0,1.1049301545955912e-22
0,0,1.4611082255951764e-17
0,0,3.207919147300771e-18
-1,0,3.1791398186219792e-68
0,0,1.954698749125462e-17
0,0,8.369401659752582e-34
0,0,5.326192787153291e-24
0,0,4.284633890939777e-12
0,0,9.298327031225707e-08
0,0,1.1142186588305453e-15
0,0,8.405472868634772e-12
-1,0,6.910475178401975e-70
0,0,2.3152373247171415e-20
0,1,0.9959089985382366
-1,0,2.6967456922444562e-37
-1,0,4.175694637116057e-76
-1,0,5.994935068435635e-46
-1,0,4.269721526182412e-37
0,0,1.7126831116001767e-27
-1,0,6.184754421032488e-75
0,0,1.3794492562940689e-12
0,0,3.834672394516415e-17
0,0,8.405472868634772e-12
0,0,1.045728360315677e-26
0,0,1.4842263461389245e-37
-1,0,7.773593373773789e-52
-1,0,2.165358489248956e-56
0,1,0.9998805588889411
0,0,9.430081872665136e-22
0,0,3.2348862549912824e-11
0,0,1.9368262475632567e-21
0,1,0.7751169676811511
0,0,0.019095830652564257
-1,0,1.840528654583933e-40
-1,0,4.017063777996954e-57
0,0,7.020205869379454e-07
-1,0,4.738670879511787e-45
0,0,2.9892697775100403e-48
0,0,8.489945373971715e-11
0,0,1.5631540757051585e-21
0,0,2.586907898906741e-15
0,0,1.4587310970960578e-11
0,0,4.284633890939777e-12
0,0,1.2957098519971428e-26
0,0,4.26277496571918e-31
0,1,0.999999999976761
0,0,9.896985787022506e-31
-1,0,1.2988783488468895e-35
0,0,4.65915241698228e-28
0,0,4.5041033413845324e-27
0,1,0.999999999999946
-1,0,1.435929109404802e-74
0,0,9.782572087811901e-26
0,0,1.6462518977627758e-05
-1,0,3.4061266059078197e-32
0,0,1.6432226590795316e-36
0,0,5.920808595836946e-38
-1,0,1.3020545938605258e-44
0,0,4.2593059247390175e-28
0,0,1.6462518977627758e-05
0,0,1.3921784164260268e-08
0,0,7.75463039226141e-43
0,0,1.7320149570218684e-23
0,0,1.1427033978550573e-60
0,0,8.391727286915533e-06
-1,0,7.012884752558738e-41
0,1,0.9996718776349768
0,0,5.313200019137595e-15
0,0,3.831551742877566e-14
0,0,1.1763397953151616e-08
0,0,2.5805907104100252e-06
0,0,3.221004078581996e-33
0,0,4.288123560593319e-15
0,0,7.048845863513023e-22
0,1,0.9982338331721738
-1,0,2.996579663946795e-57
0,0,2.662307566311719e-35
0,0,1.1801768278888284e-20
0,1,0.9995934718308531
0,0,1.3839487832187658e-24
-1,0,3.226252983289404e-39
0,0,1.6365472699619638e-21
0,0,1.3772030849828618e-06
-1,0,8.676684781620711e-81
-1,0,1.5472452679732114e-59
0,0,3.2322536041989854e-08
-1,0,1.4670680081983107e-32
-1,0,2.0410141057747686e-45
0,0,2.7216305220830375e-33
-1,0,5.530742458809897e-77
0,0,7.888793901454449e-23
-1,0,1.0474324651162831e-32
-1,0,3.7280571688013246e-72
0,0,4.79519546368602e-13
-1,0,3.5254377582644595e-73
-1,0,1.4682628787079896e-35
-1,0,9.145533465044529e-68
-1,0,7.874148242393679e-54
-1,0,6.226599267095101e-62
0,0,3.808902103356619e-30
0,0,2.0133100747054827e-40
0,0,1.309797262584376e-28
0,0,6.270169072750124e-12
0,0,8.342190863693731e-22
-1,0,7.077597730221838e-37
0,0,5.594456967129876e-36
0,0,2.569523005779067e-28
0,0,2.8998845448087845e-22
0,0,8.412318803314048e-15
-1,0,1.725986801643058e-48
0,0,4.4894594943768996e-15
0,0,3.0335691689485574e-19
0,0,2.2922013815935168e-21
-1,0,1.2312881001214309e-45
-1,0,2.2472048698631308e-69
0,0,9.177475016797238e-43
0,0,1.045728360315677e-26
0,1,0.999999518293281
0,0,4.7668493898325065e-29
-1,0,4.967205776284315e-57
-1,0,1.7433324563983726e-47
0,0,0.019095830652564257
0,0,4.7590940345236434e-23
-1,0,2.4174733012327844e-48
0,0,2.171152866966102e-28
0,0,5.040817129362813e-28
0,0,2.1822862362576766e-09
-1,0,1.0814777256246403e-64
0,0,5.370966987634598e-17
0,0,1.462298242090953e-20
0,0,4.0310937141455423e-32
0,0,1.045728360315677e-26
-1,0,4.7463929535232734e-51
0,0,3.7410777248412105e-47
0,1,0.9685511617237953
-1,0,5.384101017567405e-26
-1,0,9.905046501580615e-34
0,1,0.99999999843227
0,0,1.5463417079406335e-19
-1,0,1.9132097614434487e-59
-1,0,8.87206345470935e-42
-1,0,8.676684781620711e-81
0,0,5.384101017567405e-26
0,0,1.464681183540055e-26
-1,0,2.8100931420778514e-65
0,0,5.3578647099187223e-08
-1,0,2.653041593399161e-60
0,0,1.3910261329170488e-05
0,0,2.4096135550225368e-36
0,0,8.25918847244398e-23
-1,0,3.3284067590369294e-68
-1,0,6.250912061522801e-31
-1,0,5.3392173273628344e-33
-1,0,1.1076321234882641e-31
0,0,2.3057787916287177e-05
0,0,1.933675156665907e-15
0,0,2.565342558222492e-22
0,0,2.4443189953032195e-13
0,0,3.1974792610078003e-06
0,0,7.819819053227401e-36
-1,0,4.247938679384538e-56
0,0,8.362590651061912e-31
-1,0,2.7172026054463096e-27
0,0,9.273512497145126e-36
0,0,8.328618659306361e-16
0,0,1.6462518977627758e-05
0,0,1.5618819828570632e-18
0,0,5.61856846690496e-14
-1,0,8.178431478471379e-70
0,0,1.9431438426512584e-33
0,0,1.5501230937367589e-28
0,0,1.7161785320796936e-27
0,1,0.9999834354368436
0,0,2.1822862362576766e-09
0,1,0.9783369542741867
0,0,5.03671491863485e-25
-1,0,1.243662179847111e-44
0,0,1.7989457665309342e-39
-1,0,2.8337159583637932e-58
-1,0,3.4487701311009865e-40
-1,0,5.006941138993312e-41
0,0,7.429733461366722e-09
0,0,3.4089007651225375e-35
0,0,0.0015531210928189873
-1,0,1.0202047717573024e-56
0,0,1.1448287889268934e-29
-1,0,8.296224667623644e-47
0,0,1.545083296976562e-16
0,1,0.9583694221824719
-1,0,5.930457065491713e-44
-1,0,1.2864739576252513e-45
-1,0,2.2860839493247897e-49
0,0,2.875710124768479e-29
0,0,7.167854559599728e-08
-1,0,1.3780097115544431e-46
0,0,2.538775598227984e-29
0,0,1.034481119849306e-24
0,0,0.09497189825294017
0,0,9.336255279878986e-23
-1,0,1.1770271692821696e-48
0,0,4.034376885050959e-35
0,0,1.3319112285194648e-14
-1,0,5.508274500607548e-62
0,0,1.1636864344359053e-06
0,0,1.2469901500000268e-16
0,1,0.9998805588889411
0,0,1.1133119090666612e-12
0,0,1.2376019765855888e-26
0,0,1.3066021300271093e-19
0,0,3.4061266059078197e-32
0,0,2.5590846358987305e-13
-1,0,7.880561433514291e-57
-1,0,1.556445963244256e-43
-1,0,1.1130558994148668e-49
-1,0,3.0063539929500583e-69
-1,0,2.0410141057747686e-45
-1,0,8.233765155922897e-57
0,0,2.873369875435543e-26
0,0,3.0156366829089596e-35
0,1,0.9949359965058682
-1,1,0.999999999998431
0,0,2.2828843849904702e-06
0,1,0.999999967477107
-1,0,2.171152866966102e-28
0,0,1.3044763729624926e-13
-1,0,1.1436340858557504e-63
-1,0,4.730961368814654e-39
0,0,1.238609955831449e-29
-1,0,4.0376627299728974e-38
0,0,9.288624487758152e-42
0,0,1.3978570574708425e-23
0,0,1.951518580787216e-11
-1,0,3.3591203840075493e-64
-1,0,3.786386353759154e-46
0,1,0.9993263087946066
-1,0,5.61270512640593e-48
-1,0,9.736592893339271e-54
0,0,5.3175274163539105e-18
-1,0,1.3589924999893074e-78
-1,0,2.0360352355286525e-36
0,0,2.2847489171827793e-09
0,1,0.9998805588889411
0,0,2.3095895115515735e-11
-1,0,1.1662651938467067e-52
0,0,2.286609762586424e-12
0,0,3.0131825615165963e-32
-1,0,7.880561433514291e-57
0,0,1.3023539047547187e-07
0,0,2.712781892743208e-21
-1,0,2.1268003720248482e-73
0,0,5.96086763575867e-25
0,0,4.787391699239578e-07
0,0,6.654897299073648e-17
0,0,1.0361668962988945e-30
-1,0,1.3884629868267925e-36
-1,0,4.230681953112067e-41
0,1,0.9975279983946974
0,0,3.0665511937142283e-21
0,0,0.00010501250477290796
-1,0,6.69293123633942e-38
0,0,3.183767792733652e-28
-1,0,2.98372015528008e-79
-1,0,4.266246832099989e-34
0,0,4.0212602237762793e-23
-1,0,1.5434709023740468e-50
0,0,4.455659849471828e-25
0,0,2.8686950886958535e-20
0,0,9.872842980795741e-22
-1,0,7.880561433514291e-57
0,0,4.0179877271934834e-20
0,0,5.611691655409789e-17
0,0,8.910301081212357e-20
0,0,1.6312264862209458e-09
0,0,9.437762311929394e-25
0,0,7.131286812904309e-27
0,0,1.2365948176319885e-23
0,0,6.313731871281273e-30
0,0,1.1124058959796477e-09
0,0,3.0665511937142283e-21
-1,0,1.634839426773155e-55
-1,0,1.3637388966250224e-53
0,0,2.2922013815935168e-21
0,0,2.7333604529216362e-11
0,0,9.414739740046072e-16
0,0,4.213495330158964e-26
0,1,0.9985072449447319
0,0,2.70616430542383e-12
0,0,1.8360388505548685e-31
-1,0,2.978865835780189e-73
0,0,4.639158150984153e-50
0,0,1.4881980502767487e-09
0,0,2.4278923476750363e-26
-1,0,7.478281598730571e-33
0,0,2.0548232104301038e-32
0,0,0.0005657986584485379
0,0,9.407078036513417e-13
-1,0,3.0279373042628576e-50
-1,0,8.676684781620711e-81
0,0,1.3805727646996069e-15
-1,0,7.490468105338219e-39
0,0,8.362590651061912e-31
0,0,1.730605445398026e-20
0,1,0.9990989279903378
0,0,2.3057787916287177e-05
-1,0,4.4884271287316484e-52
-1,0,2.3821707944827585e-77
0,0,3.617412516379185e-09
0,0,2.892810537413019e-13
-1,0,6.540214191147135e-74
-1,0,9.237443360233979e-67
-1,0,1.369301514923168e-68
-1,0,5.334872278923794e-30
0,0,2.4017793626045652e-24
0,0,3.799610629427391e-21
-1,0,6.513645378700078e-59
-1,0,2.380232186844663e-74
0,0,2.4204188439718236e-60
0,0,4.79519546368602e-13
0,0,7.391829230316622e-28
0,0,2.1658565349228067e-19
0,0,5.587609666752712e-39
-1,0,1.0429375180855304e-54
0,0,4.284633890939777e-12
0,0,7.04310952149158e-19
0,0,2.72883898486737e-05
0,0,3.0590706180177383e-12
-1,0,2.688444607998727e-71
0,1,0.7530330563243364
0,1,0.9993565019537479
0,0,2.176462150528882e-37
-1,0,7.472195782440466e-30
0,0,0.002571865734129096
-1,0,1.3108640421160316e-31
0,0,8.643424404482021e-29
0,0,0.003598531040649123
-1,0,5.659887869242068e-41
0,0,1.9447264586313445e-36
-1,0,7.3978495911386e-31
-1,0,1.2917214163539962e-60
-1,0,2.8897917020501907e-47
-1,0,6.568401801477762e-52
-1,0,1.1094371058245837e-37
-1,0,7.733934817005848e-71
0,0,6.277852771795202e-09
0,1,0.9998586465460247
0,0,8.335401999115264e-19
0,0,3.0484237394158803e-37
0,0,4.46655560995002e-34
0,0,3.1585012348666055e-44
-1,0,2.59534594886391e-27
0,0,7.497730858498214e-05
-1,0,5.343565914676839e-36
0,0,0.0001740593472809313
0,0,1.6503047696414617e-14
-1,0,8.25389980174494e-66
0,1,0.6852339549890726
-1,0,7.848547625925323e-42
0,1,0.9999999725193459
0,1,0.9999999999997089
-1,0,7.760946240686562e-46
0,0,3.578504482923117e-07
0,0,1.648961753639555e-11
0,1,0.9999999999998244
0,0,3.808902103356619e-30
0,0,5.095622655836962e-30
0,0,0.0015531210928189873
0,0,4.576421062227674e-10
0,0,8.138579050759866e-52
0,1,0.9994562134587761
-1,0,3.0484237394158803e-37
0,0,7.948636537916661e-13
0,0,6.710841139969479e-10
-1,0,7.409905026833893e-37
0,0,5.0790556472839706e-18
-1,0,4.495741408909597e-58
0,0,4.7436211555359496e-11
0,0,5.028520509584165e-19
0,0,1.1665334419623471e-15
0,0,2.701140272571971e-43
-1,0,5.930457065491713e-44
0,0,4.288123560593319e-15
-1,0,5.0696263076042e-49
0,0,6.31887416323833e-33
0,0,3.5960287415663755e-25
-1,0,2.0079369481918803e-68
0,0,1.7989457665309342e-39
0,0,3.5989575687722334e-28
0,0,1.5568015316844568e-06
-1,0,1.9447264586313445e-36
0,0,2.5805907104100252e-06
-1,0,5.356632938703143e-45
0,0,1.7039455127650956e-46
-1,0,2.5068074378748294e-58
0,0,1.1076321234882641e-31
0,0,1.6378801748168368e-24
0,1,0.9998805588889411
0,0,1.6365472699619638e-21
0,0,3.3978176665600345e-23
-1,0,2.5237680096623396e-45
0,0,8.77664074753732e-40
-1,0,5.985181697244789e-40
-1,0,2.821555362280354e-80
0,0,2.567431931143798e-25
-1,0,4.040951251089242e-41
-1,0,5.311978231710187e-52
0,0,1.9483056267653263e-05
0,0,3.043464151374046e-31
0,0,2.7083683722534117e-15
0,0,5.627724410131389e-20
0,0,4.7746173831635154e-35
-1,0,1.6044214196673297e-69
0,0,4.485805977788359e-12
0,0,7.948636537916661e-13
0,0,8.821646157274373e-21
-1,0,2.1250695845198295e-70
0,0,3.7965185110096325e-18
-1,0,1.2225114077033248e-64
-1,0,4.7463929535232734e-51
-1,0,7.478281598730571e-33
0,0,1.462298242090953e-20
-1,0,3.589352662614432e-56
0,1,0.8102720095590155
0,0,4.998795169954212e-35
-1,1,0.9999999999998941
-1,0,4.91778351251712e-58
0,0,1.4757919293275348e-16
0,0,1.3921784164260268e-08
0,0,1.4385998907419779e-43
-1,0,1.5397057440001177e-41
0,1,0.999999518293281
0,0,1.2365948176319885e-23
0,0,3.5989575687722334e-28
-1,0,8.648474939429124e-69
0,0,3.221004078581996e-33
0,0,2.0531509978499514e-29
0,0,4.782398035111524e-41
-1,0,3.0205509236843773e-41
0,0,1.2302860793926403e-42
-1,0,3.5718622162012146e-38
0,0,1.2396187560376748e-32
0,0,9.328657446911647e-20
-1,0,6.573751512305377e-55
0,0,5.012169152926518e-07
0,1,0.9932368483549618
-1,0,2.8169648743985127e-74
-1,0,7.901649373361628e-29
0,0,1.3921784164260268e-08
0,0,3.392289637221622e-17
0,0,9.336255279878986e-23
-1,0,2.3821707944827585e-77
-1,0,1.718975193417544e-33
0,0,8.76949832818233e-37
0,0,2.0343783125791728e-33
-1,0,4.230681953112067e-41
-1,0,4.9712513744872054e-60
0,0,3.056581140809558e-09
0,0,2.3034256738551888e-39
0,0,7.460039003719166e-24
0,0,2.7311359730587322e-08
0,0,7.385813768856711e-25
-1,0,5.5990134373209084e-39
0,0,1.8241191799559045e-07
0,1,0.9888388702745163
0,0,1.3910261329170488e-05
0,0,3.0360398944491674e-22
0,0,8.69990310283943e-53
-1,0,9.94544865851154e-49
0,0,2.593233859549622e-24
0,0,0.016183188969680833
0,0,8.398632434772676e-09
-1,0,7.490468105338219e-39
0,0,5.3609957103631824e-48
-1,0,2.0476715437898758e-57
0,0,7.842160487601622e-39
-1,0,5.954647083882141e-59
-1,0,2.5088491361902244e-61
0,1,0.9645951737984841
-1,0,3.738033240428609e-44
-1,0,8.306391222856199e-44
0,0,1.8315599989987084e-22
-1,0,3.7502260638520987e-56
-1,0,1.5250014320591752e-51
0,0,4.500437907671498e-24
-1,0,1.0210356893349576e-59
-1,0,2.6840706826954803e-65
-1,0,2.7099509289432115e-55
0,0,2.146919593782753e-32
0,1,0.9992385207630187
0,0,2.3152373247171415e-20
-1,0,2.30155114889863e-36
0,0,3.0409873840223374e-28
-1,0,4.050832893410165e-50
0,0,4.5041033413845324e-27
-1,0,1.9478955585809903e-42
0,1,0.9989337726694621
0,1,0.9996116960617352
-1,0,1.3140695966477724e-40
0,0,7.089131287813501e-43
0,0,7.472195782440466e-30
-1,0,7.10068364033461e-49
-1,0,2.2624090211436402e-56
0,0,7.04310952149158e-19
0,0,3.82755327019883e-48
0,0,9.298327031225707e-08
0,0,4.694495711258202e-18
0,0,3.2375209456260595e-14
0,0,2.1548069803331313e-38
0,0,1.3218837125956576e-24
0,0,1.5580719098814776e-09
0,0,5.532014563345307e-40
-1,0,5.664497630388201e-44
0,0,3.221004078581996e-33
-1,0,1.4554252750791742e-48
0,1,0.999999999998431
0,0,1.3218837125956576e-24
-1,0,2.9691808769217926e-61
0,0,4.0179877271934834e-20
0,0,7.490468105338219e-39
-1,0,8.178431478471379e-70
0,0,2.878052280144555e-32
0,0,3.0409873840223374e-28
-1,0,8.676684781620711e-81
0,0,1.6503047696414617e-14
-1,0,1.5472452679732114e-59
-1,0,4.473834248596477e-40
-1,0,4.7746173831635154e-35
-1,0,3.939113578808932e-68
-1,0,8.34027255008252e-59
0,0,1.3165137215302193e-09
0,0,8.76949832818233e-37
0,0,9.321065797051221e-17
0,1,0.9868179853383249
0,0,5.650679598150451e-35
-1,0,1.6279040915220123e-09
0,0,4.423899649714629e-44
0,0,1.249022228292607e-22
0,0,2.4443189953032195e-13
-1,0,3.7410777248412105e-47
-1,0,8.333485246625526e-56
0,0,2.888103287861588e-07
0,0,1.6503047696414617e-14
0,0,1.1067307338399106e-28
0,0,4.694495711258202e-18
0,1,0.9982338331721738
0,0,1.9368262475632567e-21
-1,0,1.2064126608344895e-53
0,1,0.999999999996922
0,0,0.0015531210928189873
0,0,3.5843372481124813e-13
-1,0,6.5508720357872715e-80
0,0,3.218382829457698e-30
0,0,1.1782567566050088e-14
-1,0,5.655281859513757e-38
0,0,1.2406283778728978e-35
-1,0,4.2272390293857294e-38
-1,0,2.4115760926557816e-39
0,0,4.7668493898325065e-29
0,0,5.044922681183829e-31
0,0,5.62314457498621e-17
-1,0,1.1722456417676111e-33
0,0,1.0440270279832206e-20
0,0,7.856746033196594e-08
0,0,6.732730757495317e-22
-1,0,1.5472452679732114e-59
-1,0,9.359085927803079e-32
0,0,1.0519467847681646e-10
0,0,1.8300694777430902e-19
0,0,1.6516488794511164e-17
-1,0,4.477478014651607e-43
-1,0,2.55641406515253e-47
-1,0,6.524259927162587e-65
-1,0,7.490468105338219e-39
0,0,1.171291669718219e-30
0,0,5.975444194157522e-34
-1,0,5.940121258162209e-50
0,0,2.072096912313219e-25
0,0,1.933675156665907e-15
-1,0,2.812381854943386e-68
-1,0,1.1001884622354663e-44
-1,0,1.9085426583946145e-50
0,0,2.3095895115515735e-11
0,0,5.313200019137595e-15
0,0,1.1753686901971918e-05
0,0,2.5826991605843896e-09
0,0,1.0510906014108175e-07
-1,0,2.8850901980618946e-41
-1,0,1.3907256073419733e-42
0,0,2.051480146114337e-26
-1,0,1.7404961673706858e-41
0,0,4.7668493898325065e-29
0,1,0.9999999999996556
-1,0,2.264251666341438e-59
-1,0,1.7390797537483555e-38
-1,0,4.438329651751152e-56
0,0,1.5737300475293907e-08
0,0,3.183767792733652e-28
-1,0,2.307179305197371e-45
0,0,5.965722533357284e-28
0,0,0.00014707774493512014
0,0,6.547046458632819e-40
0,0,2.567431931143798e-25
0,0,3.0335691689485574e-19
0,0,4.5114431673065613e-33
-1,0,3.0304034428262135e-53
0,0,1.9499303994023235e-08
0,0,8.342190863693731e-22
-1,0,1.6993980190990698e-74
0,0,3.808902103356619e-30
0,0,3.1974792610078003e-06
0,0,2.446309799184338e-16
0,0,1.1133119090666612e-12
0,0,2.065360061963513e-13
0,0,4.730961368814654e-39
0,0,1.730605445398026e-20
0,0,9.281065416670235e-39
-1,0,1.2446750948956284e-47
-1,0,5.617276459021372e-51
0,0,4.2489157312181336e-19
0,0,1.3794492562940689e-12
0,1,0.99991071685414
0,0,2.2847489171827793e-09
0,0,2.7194156625397087e-30
0,0,2.4239423240288167e-20
0,0,6.705375374063721e-07
0,0,2.051480146114337e-26
-1,0,1.0879087338182883e-48
-1,0,9.929268057501084e-43
0,0,7.154547847598111e-39
-1,0,2.011209055100853e-74
0,0,1.4745909316856036e-13
0,0,1.2242910561204467e-24
0,1,0.9998805588889411
0,0,3.245437899334121e-23
-1,0,4.6580810299037905e-65
-1,0,3.54929018477239e-60
0,0,6.313731871281273e-30
-1,0,5.626430296808982e-57
0,0,1.3839487832187658e-24
-1,0,2.1268003720248482e-73
0,0,9.298327031225707e-08
0,0,1.042328463608328e-14
0,0,1.5315740220178826e-29
0,0,5.627724410131389e-20
-1,0,3.218382829457698e-30
0,1,0.9942793861958276
-1,0,1.6100249976330933e-44
0,0,3.5348716317274903e-45
0,0,6.0060854522486336e-15
0,1,0.9997547130917483
0,1,0.999540481540717
0,0,3.7587442476313225e-19
0,1,0.9999999999998517
0,0,4.0179877271934834e-20
-1,0,5.040817129362813e-28
-1,0,4.9712513744872054e-60
0,0,1.845029437868835e-49
0,0,4.5493682422907134e-26
-1,0,1.6044214196673297e-69
0,0,7.942167941059083e-10
0,0,4.5308869954397336e-11
0,0,2.7172026054463096e-27
0,0,1.9384037181049167e-24
0,0,1.4721916509832738e-07
0,0,4.0278132150805935e-29
-1,0,3.218382829457698e-30
-1,0,2.4338294556188213e-35
-1,0,1.4595834644245115e-51
-1,0,1.1417734672471377e-57
-1,0,5.049031576818981e-34
-1,0,3.546401776822081e-57
0,0,8.886521249389432e-48
0,0,7.888793901454449e-23
0,0,4.2385508818428615e-10
-1,0,1.1001884622354663e-44
-1,0,3.76552303615137e-71
0,0,5.326192787153291e-24
0,0,3.1974792610078003e-06
0,0,3.2027000705472315e-12
-1,0,1.0387007132191521e-39
-1,0,2.7077455742382554e-52
0,0,1.4658741100727708e-29
0,0,0.0007922964240672709
0,0,1.2365948176319885e-23
0,0,8.903049889243346e-17
-1,0,8.69990310283943e-53
0,0,0.25442472219196505
0,0,3.038512632260806e-25
0,1,0.7203891326023106
0,0,0.0225206881308616
-1,0,1.2175451060874158e-49
0,1,0.9997227345096903
0,0,3.578504482923117e-07
0,0,1.1693860540114773e-24
0,0,5.61399608254021e-11
0,0,2.130756151390456e-42
0,0,3.045942935957553e-34
0,0,1.3548856718396287e-29
0,0,2.4239423240288167e-20
0,0,0.1281449658119556
0,0,3.1974792610078003e-06
0,0,1.3850759563141635e-27
-1,0,2.558496166159374e-50
0,0,4.523310923200747e-05
-1,0,1.3757677789784075e-40
0,1,0.9995934718308531
-1,0,1.4682628787079896e-35
0,0,1.3816971881576809e-18
0,0,3.1974792610078003e-06
0,0,8.355785185161845e-28
0,0,7.142907861499534e-33
-1,0,1.2446750948956284e-47
-1,0,4.0376627299728974e-38
-1,0,2.54025905828756e-69
-1,0,6.921736395342027e-76
-1,0,2.1583184246612324e-44
0,0,1.1133119090666612e-12
0,0,3.2348862549912824e-11
0,0,0.04324379515729852
0,0,8.321840839764251e-13
-1,0,7.415940109697541e-40
0,0,2.873369875435543e-26
-1,0,1.798532093167938e-76
0,0,5.343565914676839e-36
0,0,2.2959367219807674e-27
0,0,9.848759068762597e-13
0,0,1.1214992939806215e-39
0,0,4.799100966102376e-16
0,0,8.015391848533844e-06
0,0,7.75463039226141e-43
0,0,2.59534594886391e-27
0,0,6.303459838334123e-24
0,0,2.3095895115515735e-11
-1,0,1.5577136286633073e-46
0,0,1.0519467847681646e-10
-1,0,1.0338187024694834e-67
-1,0,9.822474678134604e-41
0,0,4.755221089700783e-20
-1,0,5.716768061396451e-40
0,0,9.298327031225707e-08
0,0,0.00014707774493512014
0,0,1.2262861442764783e-30
0,1,0.9999860035146343
0,0,1.394447110968193e-14
0,0,0.0009375332382084733
-1,0,8.191758939858734e-76
0,0,3.1974792610078003e-06
0,0,7.901649373361628e-29
0,0,0.013708596884222312
-1,0,4.183461293028025e-45
0,0,1.3884629868267925e-36
-1,0,3.8182162984265083e-39
-1,0,7.35109960937303e-53
0,1,0.9645951737984841
0,1,0.999999999996922
0,0,7.04310952149158e-19
0,0,3.1585012348666055e-44
-1,0,2.7216305220830375e-33
-1,0,2.297806674202361e-30
-1,0,3.962537520976893e-52
0,0,1.941562514602094e-30
-1,0,5.299020138823171e-43
0,0,5.27103416896174e-31
0,0,5.589904204988553e-33
-1,1,0.9999999999978024
0,0,1.1636864344359053e-06
-1,0,6.334326181951797e-42
0,0,7.102316840877256e-12
0,0,2.1588143850292793e-07
-1,0,1.5394277232580818e-10
-1,0,1.3862040474487271e-30
0,0,1.1665334419623471e-15
0,0,0.002173999232643639
0,0,1.932101534217952e-12
0,1,0.9999999999999545
-1,0,9.702705371419467e-79
0,0,7.882374010761638e-20
-1,0,1.0387007132191521e-39
-1,0,5.530742458809897e-77
0,0,2.2922013815935168e-21
0,1,0.9999999998941533
0,0,7.060332567451291e-28
0,0,1.2376019765855888e-26
0,0,9.872842980795741e-22
0,0,3.620358772930996e-12
0,0,0.004255991032254516
0,0,3.9844924202137855e-27
-1,0,6.201304476545959e-47
0,0,5.040817129362813e-28
-1,0,9.68691969802016e-73
0,0,1.3933123116193668e-11
0,0,2.1693859854557384e-25
0,0,6.641342960831183e-17
0,1,0.9979104483238262
0,1,0.9999949061023707
0,0,5.8499590589699737e-39
0,0,2.1623328265769424e-13
-1,0,6.313731871281273e-30
0,0,2.0426764333227763e-48
-1,0,5.316304633827571e-55
-1,0,5.031458780040253e-59
0,0,2.873369875435543e-26
0,0,4.2523763097849655e-22
-1,0,3.7502260638520987e-56
-1,0,1.5472452679732114e-59
0,0,1.251057618032513e-28
-1,0,1.3009949834469345e-41
0,0,2.1588143850292793e-07
-1,0,2.2842235370421456e-46
-1,0,2.4298697726823984e-29
0,0,8.843218392768287e-30
0,1,0.9992385207630187
-1,0,1.0992931302294082e-41
-1,1,0.9999999999995923
0,0,4.288123560593319e-15
0,0,7.04310952149158e-19
-1,0,5.61270512640593e-48
0,0,2.189404484514647e-21
-1,0,1.9431438426512584e-33
0,0,1.3055388188342253e-16
0,0,1.9238101222751823e-34
0,0,4.4967754568839054e-21
-1,0,2.88039634311617e-35
-1,0,5.0655006520026066e-46
-1,0,2.3090584140709314e-48
0,0,2.4219697227718518e-17
0,0,5.61856846690496e-14
-1,0,3.54351571945448e-54
0,0,9.351469515282643e-29
-1,0,4.6781568514475466e-43
-1,0,4.9631634703840834e-54
-1,0,8.233765155922897e-57
-1,0,3.32569810574453e-65
0,0,1.5606109252365476e-15
0,0,4.0212602237762793e-23
0,0,6.644070211624141e-11
0,1,0.9996116960617352
0,0,3.923111416368223e-53
0,0,1.7423140818364473e-07
0,0,2.3077099172696056e-08
0,0,0.008315245403464249
-1,0,4.507771760452391e-30
0,0,1.9368262475632567e-21
0,0,6.665742029756449e-23
0,0,0.0004781210924563133
0,0,6.0011977073207086e-12
0,0,1.6312264862209458e-09
-1,0,4.247938679384538e-56
0,0,1.6405492422101055e-30
0,0,3.5843372481124813e-13
0,0,7.901649373361628e-29
0,0,7.090711552747985e-06
0,0,2.1605731223381834e-10
-1,0,1.2416388220063035e-38
-1,0,2.5626654569279695e-56
0,0,9.343859300989404e-26
-1,1,0.9999999999999105
0,0,2.2922013815935168e-21
-1,0,2.5088491361902244e-61
0,0,6.65063591667898e-60
0,1,0.9998805588889411
0,0,6.0207725851785755e-24
-1,0,2.6709915570542244e-47
-1,0,8.857629181925211e-36
0,0,1.2335782558518951e-14
0,0,2.7083683722534117e-15
0,0,2.567431931143798e-25
0,0,5.632307975376277e-23
0,0,0.19590697142702915
0,1,0.9998805588889411
0,0,1.3884629868267925e-36
-1,0,1.171291669718219e-30
0,0,5.012169152926518e-07
0,0,3.6018887813952376e-31
0,0,1.93008526099453e-46
-1,0,5.636895273758859e-26
0,0,3.4180216238487823e-07
0,0,5.293751723703759e-09
0,0,7.803946664479337e-21
0,0,1.8454538059016127e-12
-1,0,4.7746173831635154e-35
0,0,6.051280078974687e-05
0,0,7.504399568690652e-08
-1,0,3.380483013416048e-42
-1,0,1.84202769443709e-43
0,0,8.873316656119891e-05
0,1,0.9999999999998517
0,0,1.9499303994023235e-08
0,0,0.0009375332382084733
-1,0,5.5990134373209084e-39
-1,0,8.783788984118497e-43
0,0,3.973141048858778e-24
0,0,1.0406326518585444e-08
0,1,0.9999999999998244
0,0,9.351469515282643e-29
-1,0,3.2288806423515285e-42
-1,0,7.030033887615479e-50
0,0,1.4694587223937558e-38
0,0,5.5990134373209084e-39
-1,0,9.85451390615333e-53
0,0,1.6018111299021343e-63
-1,0,1.0210356893349576e-59
-1,0,1.0321367463792418e-61
0,1,0.9997227345096903
0,0,2.1640939635609214e-16
0,1,0.9997657107404381
0,0,3.342751829397648e-46
0,1,0.999540481540717
0,0,5.012169152926518e-07
0,0,3.0360398944491674e-22
0,0,0.001109364029501592
0,1,0.9999999999992002
0,0,1.8077547190115675e-57
-1,0,1.6993980190990698e-74
-1,0,9.679036494783978e-70
-1,0,2.8383337435854758e-64
-1,0,4.4884271287316484e-52
-1,0,1.700782113473643e-77
0,0,1.545083296976562e-16
0,0,4.990662453879368e-29
0,0,3.7903418211983894e-12
0,0,6.248346193449292e-37
0,0,2.4259165318937102e-23
0,0,9.391764509122866e-07
0,0,1.733425616638832e-26
0,1,0.9214744111588262
0,0,1.3651635332882671e-19
-1,0,2.178234795303713e-40
0,0,1.309797262584376e-28
0,0,3.614455619298259e-06
-1,0,7.920971871456832e-38
0,0,1.5593409019986986e-12
-1,1,0.9999999999994289
0,0,4.4167022514272784e-38
0,0,3.1974792610078003e-06
0,0,6.282965881008664e-12
0,1,0.996541059690446
0,0,1.5568015316844568e-06
0,0,0.004808338920581423
0,0,8.328618659306361e-16
-1,0,8.676684781620711e-81
0,0,3.8182162984265083e-39
-1,0,1.1067307338399106e-28
-1,0,9.222414638001642e-61
0,0,1.0348986863508269e-33
0,0,2.30155114889863e-36
0,0,4.7590940345236434e-23
0,0,3.045942935957553e-34
-1,0,2.256890077924134e-47
-1,0,1.157009648553499e-68
0,0,1.3794492562940689e-12
-1,0,1.7433324563983726e-47
0,0,4.316143431626511e-39
-1,0,5.935287194849555e-47
-1,0,2.0531509978499514e-29
0,0,1.9285145600029494e-43
0,0,1.9305291886624823e-09
-1,0,2.2842235370421456e-46
0,0,6.346107821770395e-11
0,0,3.1974792610078003e-06
0,0,3.617412516379185e-09
0,0,2.5758064538338843e-37
-1,0,1.9285145600029494e-43
0,0,1.3978570574708425e-23
0,0,5.281791839576714e-31
0,0,4.719420614280746e-30
0,0,7.339139846284359e-47
0,0,0.0001740593472809313
0,0,0.08144701269379574
0,0,2.048142520747752e-20
-1,0,4.273199050269684e-40
0,1,0.9999999999544102
0,0,1.9399824734357346e-27
-1,0,7.933879780149083e-44
-1,0,1.287521741221426e-48
0,0,1.238609955831449e-29
0,1,0.9979104483238262
-1,0,4.778506125521921e-38
0,0,9.254624703775343e-36
-1,0,1.3873330573701548e-33
0,0,1.7960189982486137e-33
0,0,7.848547625925323e-42
0,1,0.7530330563243364
-1,0,2.0476715437898758e-57
0,0,2.1640939635609214e-16
0,0,8.873316656119891e-05
0,0,4.762970133711148e-26
0,0,1.2125989794584923e-34
0,0,2.5805907104100252e-06
-1,0,1.5472452679732114e-59
-1,0,1.6335089964752571e-52
0,0,1.9562907761327744e-20
0,1,0.9999999999998517
0,0,1.1782567566050088e-14
0,0,0.19590697142702915
0,1,0.9998805588889411
0,0,1.8315599989987084e-22
0,0,3.587256553047487e-16
-1,0,4.412093136252029e-72
0,0,3.762458658174688e-68
0,0,2.3769062804356676e-31
0,0,7.441840909876691e-15
0,1,0.999999999999946
-1,0,2.1250695845198295e-70
-1,0,1.2819964761370286e-70
-1,0,2.6753441687911963e-53
-1,0,8.857629181925211e-36
-1,0,4.0376627299728974e-38
0,0,4.0310937141455423e-32
0,0,4.284633890939777e-12
-1,0,1.9510698228531035e-48
0,0,3.617412516379185e-09
0,0,3.395052526757133e-20
0,0,6.5523787763543315e-43
-1,0,8.798102927914407e-49
0,0,1.3967194831311656e-20
0,1,0.999802026962188
0,0,3.7710046268086815e-31
-1,0,9.870572688809359e-59
0,0,4.79519546368602e-13
-1,0,7.861337513045917e-48
0,0,1.3087313511965429e-25
-1,0,8.850420854282638e-33
-1,0,7.867740270319934e-51
0,0,6.990084296260538e-29
0,0,1.0414802179865633e-11
-1,0,1.721776412156956e-39
0,0,1.834544684415435e-28
0,0,8.836021792608121e-27
0,1,0.9732966851099843
-1,0,1.2290628903536491e-08
-1,0,7.4461893342774e-55
0,0,5.231350308706998e-41
-1,0,3.54351571945448e-54
0,0,0.0225206881308616
-1,0,8.783788984118497e-43
0,0,1.0528035551061259e-13
0,0,1.9384037181049167e-24
-1,0,3.391509569312631e-54
0,0,1.9399824734357346e-27
-1,0,2.2860839493247897e-49
-1,0,1.43476055207646e-71
-1,0,2.858710798630123e-45
0,0,8.599328229015352e-48
0,1,0.9993565019537479
0,0,0.0001740593472809313
-1,0,1.2342990616112674e-54
-1,0,3.589352662614432e-56
-1,0,4.0649807710600845e-25
0,0,4.500437907671498e-24
0,0,4.799100966102376e-16
-1,0,1.612648672606137e-50
-1,0,1.3108640421160316e-31
-1,0,8.376218215747831e-37
-1,0,2.1429338067544124e-63
-1,0,3.345474372292546e-49
-1,0,1.0226995552926959e-65
0,0,7.037377847698305e-16
0,0,1.1094371058245837e-37
-1,0,7.094905112794732e-46
0,0,2.1840636292880275e-12
0,0,6.010977178021069e-18
0,0,2.646569737171483e-51
-1,0,4.0278132150805935e-29
-1,0,4.4920827801268715e-55
-1,0,2.01659093758885e-46
0,1,0.9998805588889411
0,0,1.5501230937367589e-28
0,0,1.2365948176319885e-23
-1,0,8.864843380473486e-39
0,0,4.507771760452391e-30
0,0,2.4219697227718518e-17
0,0,2.650882551440851e-57
0,0,3.210531874158143e-21
0,0,3.6018887813952376e-31
-1,0,2.1285325691897113e-76
-1,0,7.35708679748409e-56
0,0,3.1974792610078003e-06
-1,0,1.3501700882256837e-54
0,0,1.6503047696414617e-14
-1,0,3.3148855176304347e-53
-1,0,1.8281596815826404e-53
0,0,4.457458368806286e-34
0,1,0.9992385207630187
0,0,9.840744151173174e-10
0,0,4.2558397068601e-25
0,0,4.2489157312181336e-19
-1,0,1.8544904957173647e-30
0,0,2.299678149428189e-33
-1,0,1.1643677558907325e-46
0,1,0.9999999963601642
-1,0,4.0105282753307606e-51
-1,0,5.307655350413329e-49
0,0,7.077597730221838e-37
-1,0,3.3202874102619463e-59
0,0,0.002173999232643639
-1,0,4.2375762152357626e-47
0,0,3.4061266059078197e-32
-1,0,7.369075806681844e-62
-1,0,3.77407596514832e-34
0,0,1.7989457665309342e-39
0,0,4.26277496571918e-31
0,0,2.0619994296887393e-07
-1,0,8.76949832818233e-37
-1,0,3.186360849240924e-31
0,0,1.5618819828570632e-18
0,0,2.7149913493360288e-24
0,0,2.051480146114337e-26
-1,0,1.2152847161294544e-80
-1,0,5.213142964495402e-66
-1,0,3.2288806423515285e-42
0,0,3.191553299810033e-37
0,0,1.9499303994023235e-08
-1,0,1.3825045429291863e-58
-1,0,1.4634892278094616e-23
0,1,0.6084988841346733
-1,0,5.994935068435635e-46
-1,0,8.857629181925211e-36
0,0,2.7172026054463096e-27
0,0,5.231350308706998e-41
-1,0,1.8560009069535376e-33
0,0,7.528878198208516e-20
0,0,2.0133100747054827e-40
0,0,7.472195782440466e-30
-1,0,2.971599160633231e-64
-1,0,4.937842889441058e-73
0,0,3.728914644713213e-35
-1,0,1.2978213232575506e-32
0,0,5.636895273758859e-26
-1,0,6.040411312895137e-36
0,1,0.9868179853383249
0,0,8.903049889243346e-17
-1,0,5.61270512640593e-48
0,0,3.0484237394158803e-37
0,0,3.0360398944491674e-22
0,0,9.704937052898433e-42
0,0,2.3133531874537935e-17
0,0,8.335401999115264e-19
0,0,2.569523005779067e-28
-1,0,6.642542386758255e-48
0,1,0.9583694221824719
0,0,4.298609631971217e-24
0,0,1.5593409019986986e-12
0,0,1.8018773042353115e-45
-1,0,1.437098618478178e-77
0,0,0.004255991032254516
0,1,0.9999999999996556
0,0,9.336255279878986e-23
0,0,3.194152697313512e-40
-1,0,1.0517048863334147e-47
0,0,1.3862040474487271e-30
0,0,8.939364955379752e-32
-1,0,4.693416196875625e-55
0,0,7.848547625925323e-42
0,0,5.1175839722031e-08
0,0,4.2558397068601e-25
0,0,3.043464151374046e-31
-1,0,3.734132360370707e-78
-1,0,4.193691425883496e-54
-1,0,2.178234795303713e-40
-1,0,2.1446791439818757e-66
-1,0,8.279385287815929e-32
0,0,3.0335691689485574e-19
0,0,1.249022228292607e-22
0,0,5.854723625795322e-42
0,0,1.9510698228531035e-48
0,0,1.6392141652714866e-27
-1,0,4.273199050269684e-40
-1,0,3.802705266256765e-24
0,0,0.14817349570441543
0,1,0.9998805588889411
0,0,6.0011977073207086e-12
0,0,0.026543175832596553
0,0,2.1693859854557384e-25
0,0,1.3921784164260268e-08
0,0,0.000669543714908849
0,0,9.931453215038383e-06
-1,0,4.0376627299728974e-38
0,0,6.671171020458928e-26
0,0,1.2287802784928125e-45
0,1,0.9996116960617352
-1,0,2.384110981042134e-80
0,0,3.362629505927435e-30
0,0,5.0873324077120276e-24
0,0,9.336255279878986e-23
0,0,0.05953719298058312
0,0,4.719420614280746e-30
-1,0,1.1019813144820102e-50
-1,0,7.78626111645825e-58
0,0,0.003598531040649123
-1,0,4.734814555027112e-42
-1,0,1.3780097115544431e-46
0,0,1.5438259101055568e-13
0,0,0.008315245403464249
0,0,1.4489279324062133e-24
-1,0,1.5159866163857133e-67
0,1,0.9942793861958276
0,0,1.4611082255951764e-17
0,0,4.4967754568839054e-21
-1,0,5.347918043748007e-39
0,1,0.9997657107404381
0,0,6.69293123633942e-38
-1,0,6.329171315161075e-39
0,0,9.407078036513417e-13
-1,0,5.975444194157522e-34
0,0,2.1478012210600403e-26
-1,0,8.676684781620711e-81
0,0,0.002571865734129096
-1,0,2.994141051132742e-54
-1,0,1.840528654583933e-40
-1,1,0.999999999996922
0,0,4.048467287056211e-10
-1,0,2.5129375228298722e-67
-1,0,1.304176404426511e-50
-1,0,4.72711131832029e-36
-1,0,1.6472409551592448e-45
0,0,4.2593059247390175e-28
-1,0,1.2927734738035964e-63
0,0,1.9499303994023235e-08
-1,0,2.2786513792741297e-37
0,0,1.6365472699619638e-21
-1,0,3.1739675639830485e-62
0,0,1.2213045082594298e-15
-1,0,7.452253969314862e-58
-1,0,5.2484140763295925e-53
0,0,3.1974792610078003e-06
0,0,1.9023375594928692e-38
0,0,2.7149913493360288e-24
0,1,0.9959089985382366
0,0,1.5526491533769437e-34
0,0,4.2593059247390175e-28
0,0,3.1974792610078003e-06
-1,0,3.3148855176304347e-53
0,0,3.411677183783317e-38
0,0,3.578504482923117e-07
0,0,2.2903359909521123e-18
0,0,1.8300694777430902e-19
-1,0,2.659529275744074e-69
-1,0,1.4634892278094616e-23
0,0,5.03671491863485e-25
0,0,4.058367310548723e-19
0,0,9.30590102566265e-11
0,0,7.460039003719166e-24
0,0,2.3095895115515735e-11
-1,0,1.1643677558907325e-46
0,0,4.058367310548723e-19
-1,0,9.663289329114422e-64
0,0,3.038512632260806e-25
-1,0,7.77992466681859e-55
0,0,1.9100970930399043e-53
0,0,0.08144701269379574
0,0,4.79519546368602e-13
0,0,2.571615783514225e-31
-1,0,2.7172026054463096e-27
-1,0,5.307655350413329e-49
-1,0,3.3859918028399486e-48
-1,0,1.3534717607911475e-63
0,0,2.041483509804702e-08
0,0,3.802705266256765e-24
-1,0,1.2073952375813435e-56
0,0,1.8360388505548685e-31
0,0,3.5960287415663755e-25
0,0,2.0464757449046067e-17
0,0,3.384014337398337e-08
-1,0,5.975444194157522e-34
0,0,2.5549205181327333e-07
-1,0,1.538452733375293e-38
0,0,1.3989955583210893e-26
0,0,1.8300694777430902e-19
0,1,0.999999999999754
0,0,7.935698323405924e-07
0,0,1.730605445398026e-20
-1,0,1.470655540048266e-41
0,0,2.0498106541157928e-23
0,0,1.1504347068971367e-47
-1,0,2.863369315105641e-51
-1,0,3.0558782794891852e-46
-1,0,6.276409198767929e-46
0,0,5.48589781571041e-47
0,0,1.7249788304040985e-08
0,0,3.808902103356619e-30
0,0,3.0715484040881876e-27
0,0,1.3087313511965429e-25
0,0,0.019095830652564257
-1,0,3.734132360370707e-78
-1,0,4.1868685614705244e-48
-1,0,5.545542415039804e-49
0,0,7.460039003719166e-24
0,0,0.0351943913425709
-1,0,7.452253969314862e-58
0,0,7.955110396897695e-16
0,0,9.931453215038383e-06
0,0,9.972062120614941e-21
0,0,3.242796765996822e-20
0,0,1.3023539047547187e-07
-1,0,3.962537520976893e-52
0,0,1.8454538059016127e-12
0,0,2.2903359909521123e-18
0,0,0.19590697142702915
0,0,0.0001740593472809313
0,0,5.9963139041497264e-09
0,0,0.019095830652564257
0,0,1.37241171728291e-31
0,0,2.065360061963513e-13
-1,0,1.1523094397447906e-53
-1,0,3.610696751203857e-40
0,0,0.0004781210924563133
-1,0,3.939113578808932e-68
-1,0,1.6445610007823005e-39
-1,0,1.7136838684187074e-67
-1,0,2.7194156625397087e-30
0,0,7.060332567451291e-28
0,0,3.8058024235489005e-27
0,0,5.956016689069616e-22
-1,0,1.8972605966806027e-66
0,0,1.1040309638061715e-19
0,0,2.2828843849904702e-06
0,0,7.863145668055775e-11
0,0,9.92118763147067e-40
0,0,5.627724410131389e-20
0,0,1.2459753509623905e-13
0,0,4.7746173831635154e-35
0,0,3.411677183783317e-38
0,0,1.1114993872453482e-06
0,0,1.9562907761327744e-20
-1,0,2.999020262917093e-60
0,0,6.594049220858413e-21
0,0,3.423592755874988e-13
0,0,7.516629200866322e-14
0,0,2.1858424651799486e-15
0,0,4.79519546368602e-13
0,0,1.238609955831449e-29
-1,0,3.3311176184233344e-71
0,0,1.2978213232575506e-32
-1,0,2.28794587684177e-52
0,1,0.9996718776349768
0,0,8.850420854282638e-33
0,0,2.1561725827692837e-10
0,0,9.728669266118625e-51
0,0,1.3921784164260268e-08
-1,0,4.017063777996954e-57
-1,0,9.838481250097315e-47
-1,0,1.4456443266065609e-61
0,0,4.4967754568839054e-21
0,0,3.045942935957553e-34
-1,0,4.5187949541097945e-39
-1,0,1.3009949834469345e-41
0,0,4.0179877271934834e-20
-1,0,8.706988839558214e-56
-1,0,1.9463103635912954e-39
-1,0,2.1600762920686823e-47
0,0,6.638662835248885e-08
0,1,0.9970757539106617
0,0,1.5488616054856388e-25
0,0,1.733425616638832e-26
0,0,2.0464757449046067e-17
0,0,4.75135129667565e-17
0,0,2.065360061963513e-13
-1,0,2.6840706826954803e-65
-1,0,5.61270512640593e-48
-1,0,1.6070359631254425e-75
-1,0,1.3052386059852205e-53
0,0,7.9745636272587315e-25
0,0,1.6392141652714866e-27
0,1,0.7830138077937304
0,0,2.5632548856303504e-19
0,0,1.3297442775082991e-08
-1,0,4.040951251089242e-41
-1,0,7.066082936981593e-31
0,0,2.7172026054463096e-27
0,0,0.03126115450602272
0,0,7.460039003719166e-24
-1,0,3.0014628496616245e-63
0,0,3.1585012348666055e-44
-1,0,1.5472452679732114e-59
0,0,1.7423140818364473e-07
-1,0,7.75284719006975e-80
0,0,3.2375209456260595e-14
0,0,1.0431774000827103e-17
0,0,2.288472118363293e-15
0,0,1.1169433416019267e-24
0,0,0.000669543714908849
-1,0,2.176462150528882e-37
0,0,1.0365851432611419e-39
0,0,2.4298697726823984e-29
0,1,0.8102720095590155
-1,0,4.412093136252029e-72
0,0,3.4180216238487823e-07
-1,0,3.7250232805012373e-69
-1,0,1.6405492422101055e-30
-1,0,1.7419137346075e-44
0,1,0.9905529069063999
0,0,1.5606109252365476e-15
0,0,3.392289637221622e-17
-1,0,8.634404430682106e-63
0,0,1.3839487832187658e-24
0,0,1.5438259101055568e-13
0,0,6.531075527946368e-31
-1,0,5.5990134373209084e-39
0,0,1.0465800658752501e-29
0,0,6.340942965422647e-08
-1,0,5.015100382593375e-47
-1,0,7.071837989966978e-34
-1,0,2.6967456922444562e-37
-1,0,3.3392634511217903e-80
0,0,1.2365948176319885e-23
-1,0,2.0393531310268578e-42
-1,0,1.5422148276679635e-47
0,0,1.7249788304040985e-08
0,0,9.80649414782779e-35
0,0,8.398632434772676e-09
-1,0,8.185092496593658e-73
0,0,6.253435231284685e-40
0,0,1.81481339855295e-26
0,0,9.351469515282643e-29
-1,0,6.329171315161075e-39
0,0,1.5580719098814776e-09
-1,0,1.8207330086505324e-38
0,0,3.0409873840223374e-28
0,0,1.1792164014500074e-17
-1,0,1.2215165294359735e-61
-1,0,2.0476715437898758e-57
0,0,1.933675156665907e-15
0,0,1.4682628787079896e-35
-1,0,6.291757374706674e-55
-1,0,1.641885406517557e-33
0,1,0.9564998108593655
0,0,2.2495524236767072e-35
0,0,3.043464151374046e-31
0,1,0.9942793861958276
-1,0,3.0230110463245424e-44
0,0,1.0482855586037235e-35
0,0,1.5606109252365476e-15
0,0,9.336255279878986e-23
0,0,1.3165137215302193e-09
0,1,0.9993565019537479
-1,0,3.3392634511217903e-80
0,1,0.9999999999614784
-1,0,9.326512292138036e-57
0,0,4.024535385681687e-26
0,0,1.0395466950302546e-42
-1,0,2.5626654569279695e-56
0,1,0.99991071685414
-1,0,2.686256755111044e-68
0,0,5.062516872573175e-06
0,0,5.953571869350934e-28
0,0,4.2523763097849655e-22
0,0,0.000385912718123985
0,0,4.3905935830390675e-54
0,0,1.9289544092547216e-06
0,0,3.2131467289810357e-24
-1,0,6.600565494469186e-70
0,0,3.0360398944491674e-22
0,1,0.9905529069063999
-1,0,7.908084963096478e-32
0,0,5.616262162592134e-20
0,0,7.94034162031168e-47
0,0,5.044922681183829e-31
0,0,1.4611082255951764e-17
0,1,0.9996564769293487
0,0,3.808902103356619e-30
0,0,2.2903359909521123e-18
-1,0,1.3140695966477724e-40
-1,0,2.8291056859796304e-52
0,0,2.297806674202361e-30
0,0,1.3895938365675664e-39
-1,0,7.901649373361628e-29
0,0,2.1693859854557384e-25
-1,0,7.035759580035607e-53
-1,0,2.130266177162592e-79
0,0,2.1876227498605745e-18
0,0,3.1974792610078003e-06
0,0,0.44205127039921216
0,0,1.3862040474487271e-30
0,1,0.9629943622312065
-1,0,9.929268057501084e-43
0,0,8.903049889243346e-17
0,0,5.664497630388201e-44
0,0,6.225518503249054e-16
0,0,1.3162109866999091e-46
0,0,9.273512497145126e-36
0,0,5.641486308319674e-29
0,0,2.7378147002431125e-17
0,0,2.68579049591283e-22
0,0,7.942167941059083e-10
0,0,2.2903359909521123e-18
-1,0,1.3545741115231133e-66
-1,0,9.822474678134604e-41
0,0,7.478281598730571e-33
0,0,4.277644770719945e-06
0,0,2.286609762586424e-12
0,0,4.534577228969644e-14
0,0,1.6268730679124004e-37
-1,0,1.725986801643058e-48
-1,0,2.571615783514225e-31
0,0,8.348985257541485e-25
0,0,1.309797262584376e-28
0,1,0.9998805588889411
-1,0,4.2375762152357626e-47
0,1,0.9999999999928537
-1,0,6.2815210928426245e-49
-1,0,1.632179648879886e-49
0,1,0.9999999999986742
0,0,2.4219697227718518e-17
0,0,2.873369875435543e-26
0,1,0.9932368483549618
0,0,6.644070211624141e-11
0,0,1.4733909111973786e-10
-1,0,9.31133866052048e-51
-1,0,1.147364424130683e-75
-1,0,7.861337513045917e-48
0,0,9.407078036513417e-13
0,0,1.4658741100727708e-29
0,1,0.9645951737984841
0,0,4.7668493898325065e-29
-1,0,6.324020643394645e-36
0,0,3.6048223813783205e-34
-1,0,6.951568324789934e-54
-1,0,1.2215165294359735e-61
0,0,2.464860885831504e-06
0,1,0.9999999999998941
0,1,0.9862075999373869
0,0,8.814467112572634e-18
0,1,0.9990989279903378
0,0,3.350926112108043e-55
0,0,1.8256051876014938e-10
-1,0,4.2523763097849655e-22
0,0,9.321065797051221e-17
0,0,3.4208066391673977e-10
0,0,1.1130558994148668e-49
0,0,1.3828225274154256e-21
0,1,0.9999999999992002
0,0,1.8330517342265654e-25
0,0,1.4733909111973786e-10
-1,0,7.071837989966978e-34
0,0,2.4278923476750363e-26
-1,0,1.3659612270969918e-59
0,0,1.3772030849828618e-06
-1,0,3.380483013416048e-42
0,1,0.9993565019537479
0,0,4.266246832099989e-34
0,0,1.0510906014108175e-07
0,0,2.2838110809713167e-15
-1,0,2.439781082019711e-44
0,0,1.4634892278094616e-23
-1,0,2.521714170386181e-42
-1,0,1.2406283778728978e-35
-1,0,2.8268033632811796e-49
-1,0,1.0437869506113658e-57
0,0,5.304555758592075e-09
0,0,0.000895525933875277
0,0,6.978711881711045e-23
0,0,1.1076321234882641e-31
-1,0,6.589826801789e-64
-1,0,4.0376627299728974e-38
0,0,2.892810537413019e-13
0,0,6.660317457159918e-20
-1,0,1.9431438426512584e-33
0,0,2.498657246412726e-46
0,0,5.679655507945882e-16
-1,0,5.3392173273628344e-33
0,0,0.0013126465350361259
0,0,3.2053085466773564e-15
0,0,2.17292118753352e-31
0,0,4.762970133711148e-26
-1,0,1.435929109404802e-74
0,0,1.9222445279837081e-31
0,0,1.2446750948956284e-47
-1,0,1.4560229419066967e-42
0,0,3.1974792610078003e-06
0,0,1.2345829579318831e-17
0,1,0.9998805588889411
0,0,5.020339432303906e-13
0,1,0.9214744111588262
0,0,5.253896858360401e-19
-1,0,1.556445963244256e-43
0,0,1.3297442775082991e-08
0,0,1.5425695462569408e-10
0,0,1.3175859730924498e-12
0,0,6.547046458632819e-40
0,0,1.6325550601623422e-12
0,0,6.0060854522486336e-15
0,0,5.675033411334533e-13
0,0,5.0707923525835785e-12
0,1,0.9998327148965551
-1,0,1.5472452679732114e-59
0,0,2.7017542518317e-06
-1,0,2.5522549449936187e-41
0,0,5.673728419158291e-50
-1,0,3.580596759789287e-47
0,0,9.298327031225707e-08
0,0,6.277852771795202e-09
0,0,1.2365948176319885e-23
-1,0,9.374337367722121e-38
0,0,1.8256051876014938e-10
-1,0,7.434074866363372e-49
0,0,4.470193447833645e-37
0,0,2.6171635105775728e-20
0,0,1.3165137215302193e-09
0,0,5.577236189239474e-70
-1,0,3.592276052410511e-59
0,0,2.4259165318937102e-23
-1,0,9.830474706258167e-44
0,0,1.1753686901971918e-05
0,0,1.5425695462569408e-10
-1,0,8.843218392768287e-30
0,0,6.716306866666559e-13
0,1,0.9998805588889411
0,1,0.9932368483549618
-1,0,7.0833621615637765e-40
0,0,8.313156459272358e-47
0,0,4.2420030204344476e-13
0,0,2.1840636292880275e-12
-1,0,3.798736896746676e-58
0,0,4.7746173831635154e-35
0,0,2.460290900507704e-37
0,0,6.682042270578171e-32
0,0,5.970581385083449e-31
0,0,8.412318803314048e-15
0,0,1.7423140818364473e-07
0,0,6.2983300905356005e-21
0,0,4.7474846528831225e-14
0,0,3.987737636156297e-30
0,0,2.4278923476750363e-26
-1,0,1.5334508795659138e-26
0,0,7.066082936981593e-31
0,0,1.9562907761327744e-20
0,0,6.2983300905356005e-21
0,0,1.7930969916287956e-27
-1,0,2.267941460250564e-65
-1,0,3.4089007651225375e-35
0,0,1.7565569887838494e-37
-1,0,2.1250695845198295e-70
0,0,5.951169690075005e-19
0,0,0.17071943780194804
0,0,1.2376019765855888e-26
0,0,2.2940682915239396e-24
-1,0,6.58446400891102e-61
0,0,4.762970133711148e-26
-1,0,8.728280694880915e-65
0,0,4.048467287056211e-10
-1,0,4.2593059247390175e-28
0,0,3.834672394516415e-17
-1,0,4.5114431673065613e-33
0,0,1.3696164626323892e-31
-1,0,5.3392173273628344e-33
-1,0,7.484372371684152e-36
-1,0,1.242650089107622e-41
0,0,2.561168911983429e-16
0,0,9.343859300989404e-26
-1,0,3.373597826744151e-42
0,1,0.9975279983946974
-1,0,3.3202874102619463e-59
0,0,1.9711307625921e-10
0,0,8.362590651061912e-31
0,0,2.0431462613329723e-11
0,0,8.362590651061912e-31
0,0,2.8951666204187995e-16
0,0,1.3921784164260268e-08
0,1,0.9932368483549618
-1,0,1.1178530490267988e-27
-1,0,8.77664074753732e-40
0,0,1.287521741221426e-48
-1,0,9.374337367722121e-38
0,0,7.901649373361628e-29
-1,0,2.0360352355286525e-36
-1,0,2.046005151227194e-54
0,0,1.9289544092547216e-06
-1,0,7.440129634632307e-52
0,0,9.786520805989603e-35
0,1,0.9998805588889411
0,0,0.0001740593472809313
-1,0,2.1464259027193726e-69
0,0,0.00010501250477290796
-1,0,4.404914946397497e-66
0,0,1.9368262475632567e-21
0,1,0.9999999859919191
0,0,1.4670680081983107e-32
0,0,4.5642075013606956e-38
0,0,3.825317909950347e-08
-1,0,2.536126221278691e-63
-1,0,2.5758064538338843e-37
-1,0,1.2332945905657682e-51
0,1,0.999056660776478
-1,0,3.178588008680498e-22
0,0,1.8315599989987084e-22
-1,0,5.32063455963313e-58
0,0,5.499312894649818e-56
-1,0,1.7390797537483555e-38
0,0,7.406863416497735e-43
-1,0,9.913113781281077e-37
0,0,3.55445699844755e-20
0,0,1.0387007132191521e-39
0,0,1.1859558356771534e-38
0,0,1.6352154498233975e-18
0,0,4.4894594943768996e-15
0,0,7.882374010761638e-20
0,1,0.9999999928594738
0,0,1.8048136191339054e-51
-1,0,1.3626290876023268e-50
-1,0,7.030033887615479e-50
-1,0,1.5274865537790655e-57
0,0,2.5460289487252314e-32
0,0,3.949654425536882e-40
0,0,1.1130558994148668e-49
0,0,1.5966032837797323e-51
-1,0,1.3918582999001594e-45
0,1,0.9998805588889411
0,0,1.0616527342730758e-06
0,0,3.1974792610078003e-06
0,1,0.9998586465460247
0,0,3.1974792610078003e-06
0,0,2.4096135550225368e-36
0,0,0.001109364029501592
0,1,0.8348283043580801
-1,0,2.368633626483481e-56
0,0,1.1013377794972062e-10
0,0,6.31887416323833e-33
0,0,6.31887416323833e-33
-1,0,2.6709915570542244e-47
0,1,0.9999999244908307
0,1,0.9985072449447319
0,0,9.996447554873966e-30
0,0,1.6378801748168368e-24
0,0,1.8484611324816868e-18
0,0,3.4208066391673977e-10
0,0,2.7083683722534117e-15
0,0,2.1605731223381834e-10
-1,0,2.167122090518353e-59
0,0,4.523310923200747e-05
0,0,3.1974792610078003e-06
0,0,5.040817129362813e-28
-1,0,2.437795591201068e-41
-1,0,1.3172829899633617e-49
0,0,3.0360398944491674e-22
0,0,3.377731980532424e-39
-1,0,2.532000108128182e-57
-1,0,1.242650089107622e-41
-1,0,7.746537932642273e-77
-1,0,1.1532479514973866e-56
0,0,7.435784748918798e-12
0,0,7.466114918780165e-27
0,0,4.058367310548723e-19
-1,0,6.2968817692807146e-58
0,0,8.348985257541485e-25
0,0,8.881330911417573e-08
-1,0,8.678680472098775e-44
0,0,2.1640939635609214e-16
-1,0,1.9019001108546558e-75
0,0,2.1583184246612324e-44
-1,0,1.6308513831059392e-46
-1,0,2.2472048698631308e-69
-1,0,3.0558782794891852e-46
0,0,2.1658565349228067e-19
-1,0,2.171152866966102e-28
-1,0,2.2435488130439572e-63
0,0,5.670415072970668e-10
0,0,9.336255279878986e-23
0,0,9.147636993582746e-31
-1,0,3.965764855497756e-55
0,0,1.2459753509623905e-13
-1,0,1.3009949834469345e-41
0,0,5.0326160462808525e-22
0,1,0.9783369542741867
0,0,1.6392141652714866e-27
0,1,0.9997227345096903
-1,0,1.7404961673706858e-41
0,0,0.06969986277062833
0,0,1.0510906014108175e-07
0,0,2.180505544568892e-06
0,0,3.4180216238487823e-07
0,1,0.9999999999988798
0,0,2.0498106541157928e-23
0,1,0.9996718776349768
0,0,9.374337367722121e-38
-1,0,2.437795591201068e-41
0,0,1.1674835386181039e-18
-1,0,2.571615783514225e-31
-1,0,7.740233809680226e-74
0,0,4.446584800229198e-25
0,1,0.7530330563243364
-1,0,9.870572688809359e-59
0,0,4.719420614280746e-30
-1,0,4.280162597680134e-46
0,1,0.9629943622312065
0,0,5.062516872573175e-06
-1,0,3.0156366829089596e-35
-1,0,6.31887416323833e-33
-1,0,3.5864316518692936e-53
-1,0,2.5299395695805016e-54
0,0,1.9368262475632567e-21
0,0,2.1605731223381834e-10
-1,0,2.7033402475125777e-46
0,0,3.0286337483300954e-13
0,0,1.1684344090910377e-21
0,0,5.0707923525835785e-12
0,0,5.61399608254021e-11
0,1,0.9987383846518522
0,0,9.872842980795741e-22
-1,0,3.7250232805012373e-69
-1,0,2.7194156625397087e-30
0,0,4.762970133711148e-26
0,0,3.0131825615165963e-32
0,0,3.6018887813952376e-31
0,0,2.3077099172696056e-08
-1,0,3.223627462613011e-36
0,0,3.802705266256765e-24
-1,0,3.5406320107568845e-51
0,0,1.2396187560376748e-32
0,1,0.7203891326023106
0,0,5.62314457498621e-17
0,0,7.048845863513023e-22
-1,0,5.044922681183829e-31
0,0,2.2922013815935168e-21
0,1,0.9997657107404381
-1,0,1.733425616638832e-26
0,1,0.9328310141832646
0,0,1.3755193584165845e-09
0,0,1.9431438426512584e-33
-1,0,4.050832893410165e-50
0,0,1.9368262475632567e-21
0,0,1.8330517342265654e-25
-1,0,6.211410038496398e-53
0,0,1.6242262507692079e-31
-1,0,7.011618449995408e-10
0,0,4.5114431673065613e-33
0,0,1.1703384740101137e-27
0,0,0.04324379515729852
0,0,2.0548232104301038e-32
0,0,5.326192787153291e-24
0,0,0.3612910141493116
0,0,3.831551742877566e-14
-1,0,6.271301464746202e-43
0,1,0.9999999999939615
-1,0,7.313596489882591e-72
0,0,7.89521902090161e-26
0,0,8.362590651061912e-31
0,0,3.395052526757133e-20
-1,0,2.0410141057747686e-45
0,0,2.288472118363293e-15
0,0,3.617412516379185e-09
0,0,4.794092793073832e-50
0,0,2.5278807078965357e-51
0,0,3.0640556381560972e-18
-1,0,2.0426764333227763e-48
-1,0,8.306391222856199e-44
0,0,2.2940682915239396e-24
-1,0,1.7287994464044573e-54
0,0,3.831551742877566e-14
-1,0,1.4421178073611107e-52
-1,0,2.245376097327101e-66
0,0,9.832726107204305e-07
0,0,4.694495711258202e-18
-1,0,1.823700050550139e-44
-1,0,3.7410777248412105e-47
0,0,2.8904563709508646e-10
0,0,1.7277898623931465e-14
0,0,7.3978495911386e-31
-1,0,1.2830406129966118e-73
0,0,1.7437334332038353e-10
-1,0,6.67660443286578e-29
0,0,1.1722456417676111e-33
0,0,1.827829575729603e-22
0,0,3.2157637135027312e-27
-1,0,3.913541339097264e-44
-1,0,1.042088776826831e-51
-1,0,1.0992931302294082e-41
0,0,7.935698323405924e-07
0,0,7.05458687756448e-25
0,0,4.2523763097849655e-22
0,0,1.733425616638832e-26
-1,0,2.98372015528008e-79
-1,0,5.650679598150451e-35
-1,0,7.94034162031168e-47
-1,0,3.186360849240924e-31
0,0,4.984554163994662e-32
0,0,4.203216887461227e-17
0,0,5.028520509584165e-19
-1,0,2.560579962957432e-53
0,0,1.954698749125462e-17
0,0,2.7355866700355753e-14
0,0,2.4160614872056266e-08
0,0,1.1763397953151616e-08
-1,0,9.281065416670235e-39
-1,0,1.1019813144820102e-50
0,0,8.836021792608121e-27
-1,0,1.6980150510987818e-71
-1,0,6.184754421032488e-75
-1,0,7.440129634632307e-52
0,0,2.0619994296887393e-07
-1,0,5.949801199470532e-56
0,0,6.637136694002233e-45
0,0,3.4403571667108586e-31
0,0,3.1974792610078003e-06
-1,0,1.3735294938815101e-34
0,0,0.001109364029501592
0,1,0.9999999995179008
0,0,7.478281598730571e-33
-1,0,5.019184989112468e-50
0,0,1.6516488794511164e-17
0,0,8.843218392768287e-30
0,0,1.7249788304040985e-08
0,0,5.62314457498621e-17
-1,0,1.243662179847111e-44
0,0,7.908084963096478e-32
0,0,3.8890083292733768e-31
0,0,8.321840839764251e-13
0,0,1.8315599989987084e-22
-1,0,4.693416196875625e-55
-1,0,4.431108776784878e-50
-1,0,9.929268057501084e-43
-1,0,4.241027558202691e-50
0,0,1.2646595539183123e-30
0,0,9.888931632263629e-28
0,0,1.2213045082594298e-15
-1,0,1.6432226590795316e-36
-1,0,3.94232183542897e-71
-1,0,1.0287810390476614e-49
-1,0,1.3009949834469345e-41
0,0,4.5151175643805775e-36
0,0,4.245457968865787e-16
0,0,3.395052526757133e-20
0,0,6.710841139969479e-10
-1,0,5.0696263076042e-49
0,0,5.936652343620128e-10
-1,0,4.0310937141455423e-32
0,0,1.7376644928016494e-35
-1,0,6.226599267095101e-62
0,0,4.4967754568839054e-21
0,0,1.3637388966250224e-53
-1,0,1.5472452679732114e-59
-1,0,6.951568324789934e-54
0,1,0.9942793861958276
0,1,0.999540481540717
-1,0,1.7095034908311014e-58
-1,0,6.206355200710775e-50
0,0,0.016183188969680833
-1,0,3.780226148326077e-40
-1,0,1.9238101222751823e-34
-1,0,1.2416388220063035e-38
-1,0,1.2927734738035964e-63
0,0,2.2959367219807674e-27
0,0,7.89521902090161e-26
0,0,2.273092814283566e-28
0,0,2.7305080141344668e-45
-1,0,1.0992931302294082e-41
0,0,5.641486308319674e-29
0,0,4.273199050269684e-40
0,0,9.336255279878986e-23
0,0,1.3921784164260268e-08
0,0,1.055378054900774e-22
0,0,2.419998726815268e-14
-1,0,2.521134294104833e-79
0,0,6.2983300905356005e-21
-1,0,2.4115760926557816e-39
0,0,8.821646157274373e-21
-1,0,1.4682628787079896e-35
0,1,0.9997657107404381
0,0,0.005950932719761452
0,0,1.730605445398026e-20
0,0,1.2459753509623905e-13
0,0,6.984395774329696e-26
0,0,6.705375374063721e-07
0,1,0.6852339549890726
0,0,2.3133531874537935e-17
0,1,0.9868179853383249
0,0,5.095622655836962e-30
-1,0,2.580003953213287e-43
-1,0,2.163596323195992e-53
0,0,1.1058300777413428e-25
0,0,3.38677060151433e-11
0,0,1.4670680081983107e-32
0,0,9.939640618272312e-09
0,0,4.5308869954397336e-11
0,0,4.4967754568839054e-21
0,0,5.286093656037842e-34
-1,0,2.6797038734853426e-59
0,0,1.7348374251838137e-29
0,0,2.273092814283566e-28
0,0,1.3186590962312202e-15
0,0,2.5522549449936187e-41
0,0,1.3933123116193668e-11
-1,0,4.5114431673065613e-33
0,0,4.0310937141455423e-32
-1,0,1.4730521004371203e-47
0,0,1.1058300777413428e-25
0,0,6.313731871281273e-30
0,0,4.803009649398123e-19
0,0,5.028520509584165e-19
-1,0,4.762970133711148e-26
-1,0,8.843218392768287e-30
0,0,5.0790556472839706e-18
-1,0,4.661874857881308e-68
0,1,0.9999999999999545
0,0,2.7039620249643428e-09
0,0,1.6312264862209458e-09
0,0,2.0670422183575884e-16
-1,0,2.0231687114174485e-58
0,0,2.1840636292880275e-12
0,0,8.97789263595492e-10
0,0,2.4417681899442488e-47
-1,0,5.26553350303626e-65
0,0,5.334872278923794e-30
0,0,9.94773617232932e-12
0,0,4.4131079446129463e-35
0,0,1.6298963422219067e-06
-1,0,4.283648625618804e-49
0,0,2.7083683722534117e-15
0,0,9.453141961820656e-31
0,0,9.250890597904618e-27
0,0,1.1040309638061715e-19
0,0,9.939640618272312e-09
-1,0,2.712158079824741e-58
0,0,8.881330911417573e-08
-1,0,1.2332945905657682e-51
-1,0,6.957230110024864e-57
0,0,2.8904563709508646e-10
0,0,1.1801768278888284e-20
-1,0,3.731093528087044e-75
0,0,2.875710124768479e-29
-1,0,1.6295241982730549e-43
0,0,2.0619994296887393e-07
0,0,8.405472868634772e-12
0,0,5.281791839576714e-31
0,1,0.9998805588889411
0,0,1.0528035551061259e-13
-1,0,5.594456967129876e-36
-1,0,3.4033547043003824e-29
0,0,2.4298697726823984e-29
-1,0,8.798102927914407e-49
0,0,1.5577136286633073e-46
-1,0,1.8251853841521008e-47
0,1,0.9990989279903378
0,0,4.008186207539365e-11
0,0,3.043464151374046e-31
0,0,4.787391699239578e-07
-1,0,1.470655540048266e-41
-1,0,7.440129634632307e-52
0,0,3.7648694464493493e-25
0,0,2.132491570385612e-45
0,0,5.980310963802781e-37
0,0,4.245457968865787e-16
0,0,1.3066021300271093e-19
-1,0,1.7956059979053687e-70
0,0,2.0343783125791728e-33
0,0,3.780226148326077e-40
-1,0,3.411677183783317e-38
0,0,5.326192787153291e-24
0,1,0.9998805588889411
-1,0,1.2896198692471762e-54
-1,0,2.0079369481918803e-68
-1,0,2.1394473922035383e-57
0,0,5.975444194157522e-34
0,0,1.0528035551061259e-13
0,1,0.999999999998143
-1,0,1.2999362353429834e-38
0,0,1.8484611324816868e-18
-1,0,1.537200742448939e-35
-1,0,3.226252983289404e-39
0,1,0.9298983773614691
0,1,0.9998805588889411
0,0,1.6352154498233975e-18
-1,0,7.908084963096478e-32
-1,0,2.541886724478286e-26
0,0,5.965722533357284e-28
-1,0,2.0426764333227763e-48
0,0,4.045171014695277e-07
0,0,5.222839240479101e-35
-1,0,5.307655350413329e-49
-1,0,1.0491393469030375e-38
0,0,1.6459004325129272e-42
-1,0,4.230681953112067e-41
-1,0,4.5114431673065613e-33
-1,0,1.2152847161294544e-80
-1,0,4.247938679384538e-56
0,0,3.395052526757133e-20
-1,0,1.313000208439796e-37
0,0,2.1822862362576766e-09
0,1,0.9999999999990534
0,0,5.074922318097523e-15
-1,0,4.266246832099989e-34
-1,0,1.941562514602094e-30
0,0,3.5989575687722334e-28
-1,0,1.4324262895574716e-65
-1,0,1.523760387785171e-48
0,0,1.102234776912776e-13
0,0,5.925630866887153e-41
-1,0,1.1722456417676111e-33
0,0,1.462298242090953e-20
0,1,0.6478195940673581
0,0,1.6298963422219067e-06
0,0,2.274944161020272e-31
-1,0,1.0321367463792418e-61
0,1,0.9999999999999545
0,0,1.951518580787216e-11
0,0,5.946326635562243e-16
0,0,1.0536610231400569e-16
0,1,0.9999999999997922
0,1,0.9998805588889411
-1,0,1.0382743483988122e-45
0,0,8.342190863693731e-22
-1,0,1.8296486473826578e-56
0,0,7.108101405035189e-15
-1,0,3.045942935957553e-34
0,0,9.359085927803079e-32
-1,0,2.573710265736436e-34
0,0,1.1674835386181039e-18
0,0,2.888103287861588e-07
0,0,3.3694923073180935e-30
0,0,2.2903359909521123e-18
-1,0,2.532000108128182e-57
0,0,2.584802676460368e-12
0,0,3.2375209456260595e-14
0,0,1.1636864344359053e-06
0,0,2.871031530594612e-23
0,0,2.1822862362576766e-09
0,0,6.303459838334123e-24
-1,0,3.5960287415663755e-25
0,0,0.000404024767464273
0,0,4.048467287056211e-10
0,0,1.5328214301966725e-32
-1,0,3.032871589964606e-56
0,0,6.31887416323833e-33
0,0,2.0393531310268578e-42
-1,0,4.526158721285427e-45
0,0,3.3708523970169006e-39
-1,0,6.308593764115123e-27
0,0,2.873369875435543e-26
0,0,1.3955828345480955e-17
0,0,1.9285145600029494e-43
-1,0,1.470655540048266e-41
0,0,0.05953719298058312
0,0,0.17071943780194804
0,0,2.74004454509555e-20
-1,0,3.2019635993788986e-49
0,0,9.6005564461489e-40
0,0,1.5580719098814776e-09
0,1,0.9998805588889411
0,0,1.1067307338399106e-28
-1,0,1.040393365861044e-45
0,1,0.9888388702745163
0,0,4.7668493898325065e-29
-1,0,4.5187949541097945e-39
-1,0,6.2650663777235255e-09
-1,0,1.392991914992902e-48
0,0,1.462298242090953e-20
-1,0,4.0376627299728974e-38
0,0,1.4634892278094616e-23
0,0,4.5419667147272617e-20
0,1,0.996541059690446
0,0,2.0343783125791728e-33
0,0,3.0131825615165963e-32
-1,0,1.1622634989115188e-09
-1,0,9.199917387390106e-52
0,0,1.3933123116193668e-11
0,0,1.4362593818675333e-37
0,0,0.05953719298058312
0,0,3.5960287415663755e-25
0,0,3.36401036150513e-24
0,1,0.8933691021372158
0,0,1.3023539047547187e-07
-1,0,1.6268730679124004e-37
0,0,2.873369875435543e-26
0,0,2.299678149428189e-33
0,1,0.9998327148965551
-1,0,4.738670879511787e-45
0,0,1.3850759563141635e-27
-1,0,1.0491393469030375e-38
0,1,0.9997227345096903
-1,0,3.3229916567507264e-62
-1,0,1.4694587223937558e-38
0,0,8.800126545230532e-12
-1,0,2.384110981042134e-80
-1,0,1.5250014320591752e-51
-1,0,4.473834248596477e-40
0,0,2.446309799184338e-16
0,0,1.2155642390345623e-43
0,0,6.671171020458928e-26
0,0,4.674349773203925e-40
-1,0,3.531182763981078e-79
0,0,2.561168911983429e-16
-1,0,5.554579355998988e-55
-1,0,2.3982880989711264e-64
0,0,1.6869917467305263e-47
0,1,0.9999999999997922
0,0,2.866360548190573e-17
-1,0,4.708725315671647e-67
0,0,0.000404024767464273
-1,0,5.330530766479859e-27
0,0,8.836021792608121e-27
0,0,4.7668493898325065e-29
0,0,9.509355078347634e-15
0,0,1.1076321234882641e-31
0,0,5.665797289302094e-07
-1,0,1.8266719275011704e-50
0,1,0.6084988841346733
-1,0,2.7238471855443807e-36
0,0,1.941562514602094e-30
0,1,0.9999999999999105
0,0,8.664560820906e-38
-1,0,2.5237680096623396e-45
0,0,1.5606109252365476e-15
0,0,1.5340698543415265e-35
-1,0,6.90485144227261e-67
-1,0,6.642542386758255e-48
-1,0,5.347918043748007e-39
-1,0,5.32063455963313e-58
-1,0,1.706722239340052e-52
0,1,0.8102720095590155
0,1,0.9214744111588262
0,0,5.646081082101814e-32
0,1,0.9932368483549618
0,0,1.3615201817408373e-47
-1,0,3.0230110463245424e-44
-1,0,2.176462150528882e-37
-1,0,1.3895938365675664e-39
0,0,0.0005657986584485379
0,0,1.1703384740101137e-27
0,0,9.872842980795741e-22
0,1,0.999999999998431
-1,0,1.1019813144820102e-50
0,0,9.896985787022506e-31
0,0,2.8904563709508646e-10
-1,0,7.715068578973726e-62
-1,0,4.91778351251712e-58
-1,0,1.4607722390609358e-54
0,0,1.2355884783030694e-20
0,1,0.999997403413078
-1,0,2.571615783514225e-31
-1,0,5.82485457063504e-61
0,1,0.9997227345096903
0,0,3.8284336306748464e-11
0,0,1.5488616054856388e-25
0,0,1.0528035551061259e-13
0,0,0.3233919406396295
0,0,6.721777040489881e-16
0,0,8.362590651061912e-31
0,0,2.7149913493360288e-24
0,1,0.9920058436002613
-1,0,4.280162597680134e-46
0,0,5.330530766479859e-27
0,0,1.3884629868267925e-36
0,0,9.896985787022506e-31
0,0,4.045171014695277e-07
-1,0,7.060332567451291e-28
0,0,7.875959344567797e-17
-1,0,2.88039634311617e-35
-1,0,6.653366984042856e-54
0,0,3.793428908954019e-15
-1,0,7.727640950443674e-68
0,0,2.3152373247171415e-20
0,0,7.856746033196594e-08
-1,0,6.5508720357872715e-80
-1,0,6.69293123633942e-38
0,0,1.7390797537483555e-38
0,0,4.302110684310445e-27
0,0,1.2459753509623905e-13
0,0,3.148232241162206e-32
0,0,1.485435191455398e-40
-1,0,8.634404430682106e-63
0,0,3.1636482857847153e-50
0,0,1.4611082255951764e-17
0,1,0.9999996560791163
-1,0,7.914525794371943e-35
0,0,1.4682628787079896e-35
-1,0,7.798949502325179e-64
0,0,1.5488616054856388e-25
0,0,9.407078036513417e-13
-1,0,1.4560229419066967e-42
-1,0,7.414600978457624e-09
0,0,2.0351994858402637e-42
0,0,3.6233074160254164e-15
0,1,0.9996116960617352
0,0,1.8162914943183442e-29
0,0,0.0004781210924563133
0,0,1.9305291886624823e-09
-1,0,4.251398462180141e-59
0,0,3.7710046268086815e-31
0,0,0.00014707774493512014
-1,0,1.9510698228531035e-48
-1,0,6.286637150358493e-52
0,0,7.102316840877256e-12
0,0,2.0269317392724185e-27
0,1,0.9999999999978024
0,0,9.80649414782779e-35
-1,0,1.1037770883363564e-56
0,0,0.007035147419301393
0,0,9.980183981961464e-24
0,0,4.024535385681687e-26
0,0,1.6279040915220123e-09
0,0,1.3978570574708425e-23
0,0,3.626258460663223e-18
0,0,1.8514733597570807e-24
-1,0,4.7590940345236434e-23
0,0,3.0409873840223374e-28
-1,0,6.90485144227261e-67
-1,0,3.5747713607009416e-41
-1,0,3.0409873840223374e-28
0,0,3.626258460663223e-18
-1,0,7.415940109697541e-40
0,0,1.9431438426512584e-33
0,1,0.9999999956923156
0,0,5.281791839576714e-31
-1,0,1.6980150510987818e-71
0,0,2.565342558222492e-22
0,0,4.2558397068601e-25
0,0,4.75135129667565e-17
0,0,3.8669082503085305e-10
0,0,1.9368262475632567e-21
0,0,1.1596376556796793e-31
-1,0,2.0476715437898758e-57
0,1,0.9999999999990534
0,0,0.0013126465350361259
0,0,2.0498106541157928e-23
-1,0,1.0312967947751317e-58
-1,0,6.31887416323833e-33
-1,0,6.595193962456048e-67
0,1,0.9999999999724969
0,0,1.309797262584376e-28
0,0,1.7565569887838494e-37
0,0,7.807096713952768e-30
-1,0,2.663863208702285e-75
-1,0,1.2332945905657682e-51
0,0,5.727401030840721e-09
-1,0,8.798102927914407e-49
-1,0,4.438329651751152e-56
-1,0,5.19619387114343e-54
0,0,2.17469094833014e-34
0,0,2.1658565349228067e-19
0,0,1.9038869403235808e-41
0,1,0.9998805588889411
0,0,0.4839107504998532
0,0,5.028520509584165e-19
0,0,2.5590846358987305e-13
0,0,8.321840839764251e-13
0,0,5.956016689069616e-22
-1,0,6.534891772949791e-71
0,0,1.5290822502518486e-23
-1,0,4.0040034055041814e-45
0,0,4.245457968865787e-16
0,0,1.1214992939806215e-39
-1,0,7.440129634632307e-52
-1,0,2.521714170386181e-42
-1,0,5.25696682096429e-59
0,0,2.297806674202361e-30
0,0,3.767935787920375e-28
-1,0,1.1085342472838436e-34
-1,0,2.5258235217116905e-48
0,1,0.9999999999999243
0,0,5.727401030840721e-09
0,0,1.3055388188342253e-16
0,0,8.932090111265988e-29
-1,0,3.3229916567507264e-62
0,0,1.7025588440201025e-43
-1,0,9.138090841253298e-65
-1,0,1.6445610007823005e-39
0,0,7.3737975280783675e-19
-1,0,1.9363808681403326e-58
-1,0,2.075473573432472e-31
0,0,4.662947117563264e-31
0,0,4.534577228969644e-14
0,0,1.730605445398026e-20
-1,0,4.419283023587467e-78
0,1,0.9999999834216713
-1,0,1.6997888910197802e-37
-1,0,1.1532479514973866e-56
0,0,4.2489157312181336e-19
-1,0,5.526241547456501e-74
0,0,4.1766550723789375e-39
0,0,1.6392141652714866e-27
0,0,2.2828843849904702e-06
0,0,1.5413139677462272e-07
0,0,3.210531874158143e-21
0,0,3.916728768111029e-47
-1,0,1.0905690789492775e-57
-1,0,1.2312881001214309e-45
0,0,0.021532464321695137
-1,0,6.568401801477762e-52
0,0,1.1114993872453482e-06
-1,0,2.019877146921995e-52
0,1,0.9999999999999545
0,0,3.4033547043003824e-29
-1,0,1.2809531889947632e-67
0,1,0.9999999999999105
-1,0,5.944959258633646e-53
0,0,1.1655841184927064e-12
0,1,0.8933691021372158
0,0,1.5463417079406335e-19
0,0,6.346107821770395e-11
0,0,7.948636537916661e-13
-1,0,4.0105282753307606e-51
-1,0,5.535247035982922e-80
0,1,0.999540481540717
0,0,1.4658741100727708e-29
0,0,4.0310937141455423e-32
0,0,7.813455294180531e-33
0,0,0.0001740593472809313
0,0,1.6365472699619638e-21
-1,0,1.4324262895574716e-65
-1,0,6.31887416323833e-33
-1,0,1.1010845234550333e-47
0,0,1.1811380365580556e-23
-1,0,3.812004307734413e-33
-1,0,1.8251853841521008e-47
-1,0,4.241027558202691e-50
-1,0,2.4214127830469333e-54
0,0,1.9499303994023235e-08
-1,0,9.359085927803079e-32
-1,0,1.8972605966806027e-66
0,0,1.1058300777413428e-25
0,0,4.281147042883472e-09
0,0,3.9464402016639966e-37
0,0,0.007945299752928087
0,0,2.4278923476750363e-26
-1,0,9.366708543598662e-35
0,0,0.00027555786915715413
0,0,2.5805907104100252e-06
-1,0,2.178234795303713e-40
0,0,1.3076663072461031e-22
0,0,1.0596828857553038e-37
0,0,1.244961377612252e-10
0,0,0.25442472219196505
-1,0,5.535247035982922e-80
0,0,2.5590846358987305e-13
0,0,7.447902003289706e-18
-1,0,1.4730521004371203e-47
-1,0,6.642542386758255e-48
-1,0,4.790191366304773e-47
0,0,1.1665334419623471e-15
0,0,6.0207725851785755e-24
0,0,1.3873330573701548e-33
0,0,5.62314457498621e-17
-1,0,1.9316572412617303e-49
0,0,1.953108017707715e-14
0,0,0.009825961931031822
0,0,7.948636537916661e-13
-1,0,3.204571475671329e-52
0,1,0.9999767992875764
0,0,5.028520509584165e-19
0,0,0.40099927641806093
0,0,8.292877262166491e-38
0,0,4.0049241903411934e-08
0,0,2.7194156625397087e-30
-1,0,1.2165542693901602e-46
0,0,1.941562514602094e-30
0,0,8.814467112572634e-18
-1,0,3.3591203840075493e-64
-1,0,4.7707318054588183e-32
0,0,0.0013126465350361259
0,0,4.431108776784878e-50
-1,0,4.269721526182412e-37
0,0,2.299678149428189e-33
0,1,0.999999999999936
0,1,0.9998805588889411
0,0,1.4634892278094616e-23
0,0,2.4239423240288167e-20
0,0,6.67660443286578e-29
0,0,3.8284336306748464e-11
0,1,0.9987383846518522
-1,0,2.2435488130439572e-63
0,0,1.7376644928016494e-35
0,0,5.290398976163224e-37
0,1,0.9999999999990534
0,0,4.2523763097849655e-22
-1,0,6.189791665813323e-78
0,0,1.360412178305582e-44
-1,0,4.5151175643805775e-36
0,0,3.632167762433703e-24
-1,0,1.2342990616112674e-54
0,1,0.9932368483549618
-1,0,3.641049775714236e-33
-1,0,4.6895967005955524e-52
0,0,2.024816504577623e-61
0,0,5.3175274163539105e-18
0,0,0.0001740593472809313
0,0,1.2406283778728978e-35
-1,0,8.313156459272358e-47
0,0,3.240157782010534e-17
0,0,4.787391699239578e-07
0,0,3.4005850584630104e-26
-1,0,2.814672431877429e-71
0,1,0.999999999998143
-1,0,3.0254731726400924e-47
-1,0,5.51725071027713e-68
0,0,3.8284336306748464e-11
0,0,1.462298242090953e-20
0,0,7.516629200866322e-14
0,0,5.066665722410725e-09
0,0,1.8170246372152732e-38
0,0,1.042328463608328e-14
-1,0,4.000744952498749e-42
0,1,0.9998805588889411
0,0,8.836021792608121e-27
-1,0,8.233765155922897e-57
0,0,5.0707923525835785e-12
0,0,6.563056444238275e-49
0,0,1.0519467847681646e-10
0,0,5.024428305830088e-16
0,1,0.9970757539106617
0,0,5.028520509584165e-19
0,0,8.843218392768287e-30
0,0,1.8218868927738807e-10
0,0,5.062516872573175e-06
0,0,8.888565202746492e-11
-1,0,1.228284483601201e-36
-1,0,1.3052386059852205e-53
0,0,1.6503047696414617e-14
0,0,0.0001662547162411652
0,0,4.288123560593319e-15
-1,0,7.920971871456832e-38
-1,0,1.5447280001046604e-53
-1,0,1.1624734049434722e-40
-1,0,1.7897680813377374e-58
-1,0,3.5718622162012146e-38
-1,0,3.7471741345326087e-53
0,0,5.641486308319674e-29
0,0,2.1623328265769424e-13
-1,0,5.669111146007705e-47
0,0,3.0590706180177383e-12
-1,0,1.5472452679732114e-59
0,0,4.1800567974162975e-42
-1,0,1.7926846632103807e-64
-1,0,5.99981771264874e-49
0,0,0.0001242781436448449
-1,0,8.669623706306568e-78
-1,0,1.8251853841521008e-47
0,0,9.343859300989404e-26
0,0,1.3910261329170488e-05
-1,0,5.326192787153291e-24
-1,0,2.046005151227194e-54
-1,0,2.2823646387607427e-43
0,1,0.9999999999999545
0,1,0.9999999834216713
-1,0,2.7216305220830375e-33
0,0,7.048845863513023e-22
0,0,3.5529979685265515e-26
0,0,3.5660510276497356e-32
0,0,1.9384037181049167e-24
-1,0,3.783304997240585e-43
0,0,0.0003414075220388876
0,1,0.9999999999995175
0,0,5.573979195783326e-30
-1,0,6.647952482243084e-51
-1,0,2.5647526494531952e-59
0,1,0.9997227345096903
-1,0,2.1250695845198295e-70
0,0,4.298609631971217e-24
0,0,3.987737636156297e-30
0,0,9.864808473422628e-19
0,0,1.1103406997089064e-40
0,0,4.5041033413845324e-27
0,0,1.1040309638061715e-19
-1,0,5.303335987071985e-46
0,0,4.7668493898325065e-29
0,0,4.787391699239578e-07
-1,0,2.4174733012327844e-48
0,0,2.7172026054463096e-27
0,1,0.9994562134587761
0,0,1.2262861442764783e-30
0,0,3.395052526757133e-20
0,0,4.045171014695277e-07
-1,0,3.39427182351281e-57
0,0,2.871031530594612e-23
-1,0,6.698382371605761e-41
0,0,2.180505544568892e-06
-1,0,7.35109960937303e-53
0,0,2.7216305220830375e-33
0,0,7.819819053227401e-36
0,0,1.5593409019986986e-12
0,0,4.5041033413845324e-27
0,0,5.91599024914494e-35
0,1,0.9998805588889411
0,0,2.3057787916287177e-05
0,1,0.9999994299082272
0,0,3.377731980532424e-39
0,0,2.8222043372415925e-43
0,0,1.4757919293275348e-16
0,0,1.4733909111973786e-10
0,0,4.3056145881221876e-30
-1,0,1.2113335537993578e-68
0,0,2.8904563709508646e-10
0,0,0.00014707774493512014
0,0,0.08144701269379574
0,0,1.2406283778728978e-35
0,0,6.0207725851785755e-24
-1,0,2.701140272571971e-43
0,0,9.374337367722121e-38
0,0,4.269721526182412e-37
0,0,2.1640939635609214e-16
0,0,3.834672394516415e-17
0,0,4.2272390293857294e-38
-1,0,1.4324262895574716e-65
0,0,4.762970133711148e-26
0,0,0.026543175832596553
-1,0,4.477478014651607e-43
0,0,2.586907898906741e-15
0,0,2.196545946498886e-33
0,0,0.03126115450602272
0,0,2.1658565349228067e-19
-1,0,2.439781082019711e-44
0,0,0.19590697142702915
0,0,1.1674835386181039e-18
0,0,8.873316656119891e-05
0,0,2.7083683722534117e-15
0,0,3.5989575687722334e-28
0,0,5.028520509584165e-19
0,1,0.9083862650298209
-1,0,4.3977484349933293e-60
-1,0,1.3031150672860942e-47
0,0,3.620358772930996e-12
0,0,2.4259165318937102e-23
0,0,1.5580719098814776e-09
0,0,3.8213260888581655e-42
-1,0,1.7348374251838137e-29
-1,0,5.99981771264874e-49
0,1,0.9970757539106617
0,0,2.419998726815268e-14
0,0,1.7196690547591807e-42
0,0,2.4160614872056266e-08
0,0,5.330530766479859e-27
0,0,2.712781892743208e-21
0,1,0.9999999986753256
0,0,1.242650089107622e-41
0,0,7.071837989966978e-34
0,0,4.7668493898325065e-29
-1,0,1.6179088560353668e-62
0,0,1.2469901500000268e-16
0,0,1.3044763729624926e-13
0,0,2.5460289487252314e-32
0,0,5.627724410131389e-20
0,0,3.7965185110096325e-18
0,0,1.8454538059016127e-12
0,0,3.38677060151433e-11
0,0,3.626258460663223e-18
0,0,9.359085927803079e-32
0,0,7.948636537916661e-13
-1,0,2.8680354230367197e-57
0,0,1.941562514602094e-30
0,0,3.5960287415663755e-25
0,0,5.0873324077120276e-24
0,0,2.6086544587984614e-08
0,0,2.683604802938309e-19
0,0,2.2922013815935168e-21
-1,0,1.2906702150674437e-57
0,0,2.1539224773388492e-44
0,0,4.26277496571918e-31
0,0,5.675033411334533e-13
0,0,4.291616072430402e-18
0,0,2.2605678754882195e-53
-1,0,1.6308513831059392e-46
0,0,0.0001242781436448449
0,0,1.5476011438320488e-22
-1,0,2.8563843833277154e-42
0,0,1.2822913431542551e-33
-1,0,9.65542535624315e-61
0,0,7.823030242785213e-30
0,1,0.9999999999999545
0,0,3.2053085466773564e-15
0,0,7.096536933930317e-09
0,0,5.334872278923794e-30
0,0,1.112150095904391e-46
0,0,9.840744151173174e-10
-1,0,4.7707318054588183e-32
0,1,0.8348283043580801
-1,0,7.94034162031168e-47
0,0,3.1974792610078003e-06
0,0,6.409884316945216e-10
-1,0,8.240471241198619e-60
0,0,5.627724410131389e-20
0,1,0.9985072449447319
-1,0,2.851737230883852e-36
0,0,2.4160614872056266e-08
0,0,4.420299485666435e-41
0,0,3.150796355328396e-35
0,0,1.3023539047547187e-07
-1,0,3.607758370665844e-37
-1,0,2.1268003720248482e-73
0,0,3.822058930262882e-05
0,0,1.8360388505548685e-31
-1,0,1.0252004395100904e-74
-1,0,1.9285145600029494e-43
0,0,2.4443189953032195e-13
0,0,1.4524711049631427e-33
0,0,7.04310952149158e-19
-1,0,2.3924376909686207e-55
-1,0,7.018596477667447e-44
-1,0,1.2788691610966072e-61
0,1,0.9993565019537479
-1,0,2.863369315105641e-51
0,0,7.037377847698305e-16
0,0,8.235658972182777e-20
0,0,4.1800567974162975e-42
-1,0,5.204661518437704e-60
-1,0,3.939113578808932e-68
0,0,5.965722533357284e-28
0,1,0.9996718776349768
-1,0,3.0205509236843773e-41
0,0,2.8827423152369464e-38
0,1,0.9773428762556952
-1,0,8.171775881077619e-67
0,0,2.7311359730587322e-08
-1,0,1.6308513831059392e-46
0,0,6.654897299073648e-17
0,0,8.342190863693731e-22
0,0,8.308294840773101e-07
0,0,1.3066021300271093e-19
0,0,8.335401999115264e-19
-1,0,1.5513856094215994e-31
-1,0,9.744522974049765e-57
-1,0,2.4358117161724606e-38
-1,0,3.812004307734413e-33
0,0,7.484372371684152e-36
-1,0,1.2788691610966072e-61
0,0,9.818442758643129e-47
-1,0,4.050832893410165e-50
0,0,6.010977178021069e-18
0,1,0.999540481540717
0,0,9.359085927803079e-32
0,1,0.9999999999928537
0,0,3.1974792610078003e-06
0,0,5.527512616754819e-37
0,0,3.617412516379185e-09
0,0,5.627724410131389e-20
-1,0,3.234142382600741e-48
0,0,5.388486160922092e-29
-1,0,9.846494314958708e-50
0,1,0.9999999999956888
0,0,0.004255991032254516
0,1,0.9996116960617352
0,0,1.3933123116193668e-11
0,1,0.9994562134587761
-1,0,1.3802552975535198e-52
0,0,1.171291669718219e-30
0,0,4.998795169954212e-35
0,0,4.534577228969644e-14
0,0,4.500437907671498e-24
-1,0,1.7320149570218684e-23
0,0,1.6462518977627758e-05
-1,0,1.1085342472838436e-34
-1,0,2.5190825981432357e-76
-1,0,2.999020262917093e-60
0,0,4.739760578094409e-08
0,0,6.721777040489881e-16
0,0,3.831551742877566e-14
-1,0,3.949654425536882e-40
0,0,3.5747713607009416e-41
0,0,3.799610629427391e-21
0,1,0.9993565019537479
0,0,0.0030423243084490926
-1,0,2.3982880989711264e-64
0,0,0.0003414075220388876
0,0,8.843218392768287e-30
0,0,0.021532464321695137
0,1,0.999802026962188
0,0,4.787391699239578e-07
0,1,0.9511043990131253
0,0,2.4443189953032195e-13
-1,0,7.10068364033461e-49
-1,0,4.2237989075065103e-35
-1,0,2.3053017255402817e-42
0,0,2.2922013815935168e-21
0,0,8.888565202746492e-11
0,1,0.9999999999998517
-1,0,8.641436821249569e-66
0,0,1.5513856094215994e-31
-1,0,3.391509569312631e-54
0,0,1.371294850329539e-28
0,0,7.823030242785213e-30
-1,0,8.34027255008252e-59
-1,0,3.5960287415663755e-25
0,0,5.873820730280801e-54
0,0,5.646081082101814e-32
-1,0,4.050832893410165e-50
0,0,7.882374010761638e-20
0,0,5.911175823617494e-32
-1,0,1.0841223445271137e-73
0,0,4.5308869954397336e-11
0,0,0.011607933220961063
-1,0,1.0823585476683216e-67
-1,0,4.4491830333922645e-65
0,0,5.27103416896174e-31
0,0,8.873316656119891e-05
0,0,5.946326635562243e-16
0,0,2.3095895115515735e-11
0,0,1.171291669718219e-30
0,0,6.334326181951797e-42
0,0,1.4569456923764875e-14
0,1,0.9999999544473778
-1,0,1.6378801748168368e-24
-1,0,3.76552303615137e-71
0,0,7.592169091964375e-13
0,0,4.7668493898325065e-29
-1,0,1.151371691751895e-50
0,1,0.999999999996922
-1,0,4.230681953112067e-41
0,0,2.44830222449811e-19
0,0,4.75135129667565e-17
0,1,0.9999999999105633
0,0,2.0464757449046067e-17
0,0,4.024535385681687e-26
0,0,7.113890680447932e-18
0,0,4.2558397068601e-25
0,0,2.1290221446771257e-39
-1,0,4.786293114511911e-44
0,0,7.888793901454449e-23
0,1,0.999999999998143
-1,0,1.519693772591193e-76
-1,0,1.9034491354002638e-78
0,0,6.201304476545959e-47
0,1,0.9998805588889411
0,0,1.1380613064230485e-45
-1,0,3.043464151374046e-31
0,0,2.1822862362576766e-09
0,1,0.999999592975428
0,0,4.755221089700783e-20
-1,0,3.1526374320080455e-75
0,0,2.6901672238004486e-28
-1,0,2.659529275744074e-69
0,0,8.814467112572634e-18
0,0,2.0431462613329723e-11
-1,0,2.976441638457528e-70
-1,0,2.7033402475125777e-46
0,0,3.2348862549912824e-11
0,0,1.9289544092547216e-06
0,0,2.4259165318937102e-23
-1,0,8.924821187411594e-26
-1,0,8.798102927914407e-49
0,0,4.681967030410083e-46
0,1,0.999999999998143
0,0,0.03126115450602272
0,0,7.037377847698305e-16
0,0,1.747997516151361e-19
-1,0,5.330530766479859e-27
-1,0,1.32403783642548e-30
-1,0,7.047224958743161e-59
0,0,5.0707923525835785e-12
-1,0,1.791225778654813e-61
0,0,1.4634892278094616e-23
-1,0,4.456433361922729e-71
-1,0,1.9447264586313445e-36
0,0,9.689147748697445e-36
-1,0,1.7025588440201025e-43
0,0,2.2959367219807674e-27
0,0,6.313731871281273e-30
-1,0,2.532000108128182e-57
0,0,4.014717893764462e-17
-1,0,4.5151175643805775e-36
0,0,7.901649373361628e-29
-1,0,5.343565914676839e-36
0,0,2.994141051132742e-54
-1,0,6.709297964975058e-47
0,0,7.435784748918798e-12
0,0,6.987215013514313e-35
-1,0,2.1548069803331313e-38
-1,0,7.289818352492173e-60
0,1,0.9998805588889411
0,0,7.447902003289706e-18
0,0,1.4757919293275348e-16
0,0,5.024428305830088e-16
0,0,2.70616430542383e-12
0,0,0.007945299752928087
-1,0,2.1618355911915764e-50
0,0,1.0474324651162831e-32
0,0,7.3978495911386e-31
0,0,5.3392173273628344e-33
-1,0,2.854059861259195e-39
-1,0,2.573710265736436e-34
0,0,1.6325550601623422e-12
-1,0,1.02353250477566e-68
0,0,1.8424479774331652e-06
-1,0,5.011019100122001e-44
-1,0,1.725986801643058e-48
0,0,5.980310963802781e-37
0,0,5.732065811659304e-12
-1,0,3.250726621065573e-29
0,0,5.040817129362813e-28
-1,0,4.738670879511787e-45
0,0,2.048142520747752e-20
-1,0,2.3053017255402817e-42
-1,0,1.7095034908311014e-58
-1,0,1.6295241982730549e-43
0,1,0.9999999999973992
-1,0,3.777149804974997e-37
-1,0,3.3311176184233344e-71
0,0,4.523310923200747e-05
0,0,3.6048223813783205e-34
-1,0,4.247938679384538e-56
0,0,1.1494984845594908e-44
0,1,0.9426474162673102
-1,0,1.600507577991244e-60
0,0,3.1974792610078003e-06
-1,0,4.23412768096746e-44
-1,0,1.8218868927738807e-10
0,0,7.460039003719166e-24
-1,0,2.183561396838995e-49
0,0,1.0499938305801231e-41
0,0,5.0707923525835785e-12
0,0,3.1974792610078003e-06
0,0,6.660317457159918e-20
0,0,0.2238077031810385
-1,0,3.223627462613011e-36
0,0,8.864843380473486e-39
-1,0,2.1600762920686823e-47
-1,0,1.0210356893349576e-59
-1,0,2.4174733012327844e-48
-1,0,3.932704896069457e-62
0,0,1.5476011438320488e-22
0,0,4.693416196875625e-55
0,0,5.975444194157522e-34
-1,0,1.5159866163857133e-67
0,0,1.6156481465704557e-19
0,0,7.908084963096478e-32
0,0,2.7355866700355753e-14
0,0,3.0665511937142283e-21
0,0,1.2155642390345623e-43
0,0,2.4239423240288167e-20
0,0,1.7249788304040985e-08
0,0,4.427502745958015e-47
0,0,3.0119457133801283e-38
0,1,0.9999949061023707
0,0,7.048845863513023e-22
0,0,4.755221089700783e-20
0,0,2.561168911983429e-16
-1,0,1.6459004325129272e-42
0,0,5.6094271051491705e-08
-1,0,2.7033402475125777e-46
0,0,1.3850759563141635e-27
-1,0,3.204571475671329e-52
0,1,0.9999999999994289
0,0,6.817022214300753e-30
0,0,6.671171020458928e-26
0,0,3.4005850584630104e-26
0,1,0.9998586465460247
-1,0,1.7053333108984401e-49
0,0,4.0310937141455423e-32
0,0,5.0707923525835785e-12
-1,0,8.775055896235424e-09
-1,1,0.999999999999754
0,0,1.1674835386181039e-18
-1,0,2.4358117161724606e-38
0,0,1.9368262475632567e-21
-1,0,2.5047674010909918e-55
0,0,3.0615621134779745e-15
0,0,1.3862040474487271e-30
0,0,7.060332567451291e-28
0,0,1.6242262507692079e-31
0,1,0.9998805588889411
-1,0,1.9116527937124721e-56
0,0,1.2396187560376748e-32
0,0,2.059848024325774e-41
0,0,1.1684344090910377e-21
0,0,4.4967754568839054e-21
-1,0,1.2312881001214309e-45
-1,0,8.641436821249569e-66
-1,0,4.701064524468073e-61
0,0,1.0431774000827103e-17
0,1,0.6852339549890726
0,0,3.754143756277883e-22
0,0,9.864808473422628e-19
0,0,8.475414395904684e-05
-1,0,1.5526491533769437e-34
0,1,0.9920058436002613
0,0,1.954698749125462e-17
0,0,1.0545191895486363e-19
-1,0,1.0814777256246403e-64
0,0,6.2983300905356005e-21
0,0,7.020205869379454e-07
0,0,1.2705669001709154e-37
-1,0,7.908084963096478e-32
0,0,1.8360388505548685e-31
-1,0,3.4061266059078197e-32
0,0,2.8222043372415925e-43
0,0,7.321236675057087e-38
-1,0,1.7348374251838137e-29
0,0,9.343859300989404e-26
0,0,6.990084296260538e-29
0,1,0.9975279983946974
0,0,8.348985257541485e-25
-1,0,4.168901052313315e-70
0,0,4.0649807710600845e-25
-1,0,8.233765155922897e-57
-1,0,9.802468788008543e-41
0,0,1.1665334419623471e-15
0,0,7.888793901454449e-23
-1,0,2.059848024325774e-41
-1,0,1.1634201948551128e-43
0,0,3.6233074160254164e-15
0,0,1.171291669718219e-30
0,1,0.9999999993247561
0,0,2.72883898486737e-05
0,0,8.836021792608121e-27
0,1,0.9994562134587761
-1,0,1.287521741221426e-48
0,0,9.864808473422628e-19
0,0,1.1049301545955912e-22
0,0,2.2940682915239396e-24
0,0,0.2238077031810385
0,0,1.6365472699619638e-21
0,1,0.969919102690353
0,0,1.1067307338399106e-28
0,0,1.9069894887462566e-47
-1,0,2.0443401147727133e-51
0,0,1.5463417079406335e-19
0,1,0.9998805588889411
0,0,4.0179877271934834e-20
0,0,8.403540003193874e-49
-1,0,1.356781507185163e-72
0,0,1.4611082255951764e-17
0,0,1.6378801748168368e-24
0,0,5.96086763575867e-25
0,0,0.004255991032254516
-1,0,8.662568377286757e-75
0,0,9.832726107204305e-07
-1,0,3.635126023483146e-27
-1,0,1.6432226590795316e-36
0,0,6.313731871281273e-30
-1,0,2.991704422858857e-51
-1,0,2.875710124768479e-29
-1,0,6.534891772949791e-71
-1,0,1.4300958247324608e-59
-1,0,6.637136694002233e-45
-1,1,0.999999999998143
-1,0,1.837534233635172e-34
-1,0,5.019184989112468e-50
-1,0,1.2406283778728978e-35
-1,0,1.1732003907905576e-36
0,0,2.0548232104301038e-32
0,0,1.6312264862209458e-09
-1,0,1.7999969284358267e-79
-1,0,2.0426764333227763e-48
0,0,1.2335782558518951e-14
-1,0,9.77630793697739e-69
-1,0,1.1485630241184224e-41
-1,0,1.8957166083601828e-63
-1,0,2.280507253248423e-40
-1,0,2.2490351318641068e-72
0,1,0.9994562134587761
0,0,0.0003414075220388876
0,1,0.9999999859919191
-1,0,1.4619619819085933e-57
0,1,0.9426474162673102
0,0,8.335401999115264e-19
-1,0,3.786386353759154e-46
0,0,1.3862040474487271e-30
0,0,1.4634892278094616e-23
0,0,9.407078036513417e-13
0,0,8.007091447402787e-40
0,1,0.9999999999834082
-1,0,4.5114431673065613e-33
-1,0,8.676684781620711e-81
-1,0,7.030033887615479e-50
0,0,2.864027907531399e-14
0,0,1.1133119090666612e-12
0,0,4.2350997625793924e-07
0,0,2.0564967849631063e-35
0,0,7.453968033230256e-21
-1,0,1.5422148276679635e-47
0,0,1.045728360315677e-26
0,0,7.948636537916661e-13
-1,0,6.2560031891591265e-34
0,1,0.8933691021372158
-1,0,3.783304997240585e-43
0,0,1.1586939439937614e-28
0,1,0.9989337726694621
0,0,5.03671491863485e-25
0,1,0.5259972233889277
0,0,2.4443189953032195e-13
0,0,0.0015531210928189873
-1,0,2.54025905828756e-69
0,0,4.014717893764462e-17
0,0,4.534577228969644e-14
-1,0,2.7238471855443807e-36
-1,0,4.040951251089242e-41
-1,0,6.2815210928426245e-49
0,0,4.2593059247390175e-28
-1,0,1.0941263282714585e-69
0,0,1.309797262584376e-28
0,0,1.932101534217952e-12
0,0,1.3805727646996069e-15
0,0,4.277644770719945e-06
0,0,1.3805727646996069e-15
-1,0,2.0393531310268578e-42
-1,0,5.669111146007705e-47
0,0,5.627724410131389e-20
-1,0,4.172296461999457e-73
0,0,0.04324379515729852
0,0,9.430081872665136e-22
0,0,7.955110396897695e-16
0,0,1.3615201817408373e-47
0,0,2.7311359730587322e-08
0,0,1.8207330086505324e-38
-1,0,6.5189504925254865e-62
0,0,6.0060854522486336e-15
-1,0,4.0137946964766426e-54
-1,0,1.517221329221678e-70
-1,0,6.653366984042856e-54
0,1,0.9987383846518522
0,0,1.4459768336285475e-24
-1,0,7.047224958743161e-59
0,0,5.379719442836943e-23
0,1,0.888918701473804
0,0,5.650679598150451e-35
-1,0,4.050832893410165e-50
-1,0,3.5283090918273513e-76
0,0,7.102316840877256e-12
0,0,7.102316840877256e-12
0,0,2.1693859854557384e-25
0,0,2.565342558222492e-22
-1,0,5.970581385083449e-31
0,0,3.9464402016639966e-37
0,0,0.001109364029501592
0,0,2.1078389888468383e-40
-1,0,6.164646401598894e-63
0,0,3.395052526757133e-20
0,0,3.0740500622162274e-30
0,0,2.74450968464839e-26
0,0,2.0464757449046067e-17
0,1,0.999999999999936
-1,0,4.251398462180141e-59
0,0,1.7423140818364473e-07
0,0,1.1094371058245837e-37
0,1,0.7830138077937304
0,1,0.9987383846518522
-1,0,1.5250014320591752e-51
0,0,1.2376019765855888e-26
-1,0,7.313596489882591e-72
0,0,1.1674835386181039e-18
-1,0,3.377731980532424e-39
0,0,3.793428908954019e-15
-1,0,1.9348050437914374e-55
0,0,9.391764509122866e-07
-1,0,1.7021673351398417e-80
-1,0,6.154616921057528e-57
0,0,2.712781892743208e-21
0,0,4.5271995604720655e-08
0,0,0.04324379515729852
0,0,7.935698323405924e-07
0,0,1.2355884783030694e-20
0,0,4.730961368814654e-39
0,0,3.22951900331595e-05
-1,0,1.458395657211412e-48
-1,0,6.957230110024864e-57
0,0,2.0464757449046067e-17
-1,0,4.2203615851941506e-32
0,0,3.038512632260806e-25
-1,0,5.3392173273628344e-33
0,0,7.89521902090161e-26
-1,0,8.171775881077619e-67
0,0,4.011450721321668e-14
0,0,0.09497189825294017
0,0,0.06969986277062833
0,0,2.871031530594612e-23
-1,0,1.5147529083575233e-64
-1,0,1.0992931302294082e-41
0,0,3.038512632260806e-25
0,0,7.565745085200892e-38
0,0,1.2439480750013903e-07
-1,0,1.6952524905553368e-65
0,1,0.9999999999948979
0,1,0.999999999999936
0,0,1.2500395088945742e-25
0,0,1.545083296976562e-16
-1,0,5.954647083882141e-59
-1,0,6.2968817692807146e-58
-1,0,5.888184426328327e-63
0,0,5.03671491863485e-25
0,0,0.2876778230149282
0,0,3.4033547043003824e-29
0,0,1.729197080832945e-17
-1,0,1.6432226590795316e-36
0,0,0.04324379515729852
0,0,1.5425695462569408e-10
-1,0,4.7232644009922426e-33
0,0,5.693544397157374e-25
0,0,7.04310952149158e-19
0,1,0.9998805588889411
0,0,1.7465749979406465e-16
0,1,0.9883209532807314
0,0,5.854723625795322e-42
0,1,0.9999999999994289
0,0,6.772721076475139e-06
0,0,5.6889109977883495e-22
0,0,2.4298697726823984e-29
0,0,0.0030423243084490926
-1,0,4.782398035111524e-41
-1,0,9.374337367722121e-38
-1,0,8.857629181925211e-36
-1,0,4.050832893410165e-50
0,0,5.3175274163539105e-18
0,0,2.4160614872056266e-08
-1,0,4.9631634703840834e-54
-1,0,4.7463929535232734e-51
0,0,5.951169690075005e-19
0,1,0.9328310141832646
-1,0,8.292877262166491e-38
0,1,0.9999999999948979
-1,0,5.307655350413329e-49
-1,0,1.1010845234550333e-47
0,1,0.6478195940673581
0,1,0.999997403413078
-1,0,1.1504347068971367e-47
-1,0,1.238609955831449e-29
0,0,5.012169152926518e-07
0,0,1.9510698228531035e-48
0,1,0.996541059690446
0,0,0.0030423243084490926
0,0,3.056581140809558e-09
0,0,6.557715437043881e-46
0,0,4.229918028516321e-10
-1,0,2.0443401147727133e-51
0,1,0.9999999963601642
0,0,1.1763397953151616e-08
0,0,1.8241191799559045e-07
-1,0,3.580596759789287e-47
0,0,4.0310937141455423e-32
0,0,1.3066021300271093e-19
0,0,1.814068455780911e-32
0,0,3.2157637135027312e-27
0,0,2.388545349753177e-49
0,0,2.712781892743208e-21
-1,0,1.6281980935014953e-40
0,0,7.80074330832982e-27
-1,0,4.677081094238182e-80
-1,0,1.2113335537993578e-68
0,1,0.9998327148965551
-1,0,2.39438623952067e-58
0,0,0.0015531210928189873
0,0,2.1693859854557384e-25
-1,0,1.4468217483508858e-64
0,0,1.0528035551061259e-13
0,0,1.6255491206274863e-34
0,0,1.954698749125462e-17
0,0,5.650679598150451e-35
0,0,3.043464151374046e-31
0,0,2.1478012210600403e-26
0,0,1.3772030849828618e-06
0,0,3.374983186435948e-36
-1,0,4.790191366304773e-47
0,0,1.6295241982730549e-43
-1,0,1.1643677558907325e-46
0,1,0.996541059690446
0,0,6.716306866666559e-13
0,0,0.3612910141493116
0,1,0.9996116960617352
-1,0,4.5114431673065613e-33
-1,0,8.798102927914407e-49
0,0,4.2350997625793924e-07
-1,0,4.5224753389315507e-42
-1,0,4.742530344824412e-48
0,0,2.4403416510386304e-07
0,0,8.814467112572634e-18
0,0,0.011607933220961063
0,0,3.5960287415663755e-25
0,0,5.646081082101814e-32
-1,0,4.0475363306255544e-47
-1,1,0.9999999999994289
0,0,1.171291669718219e-30
0,0,2.4096135550225368e-36
0,0,1.1067307338399106e-28
0,0,0.03126115450602272
0,0,4.245457968865787e-16
0,0,2.712781892743208e-21
-1,0,6.653366984042856e-54
-1,0,1.7404961673706858e-41
0,0,4.0179877271934834e-20
0,0,4.288123560593319e-15
0,0,4.534577228969644e-14
-1,0,1.0983985268434265e-38
0,0,8.348985257541485e-25
-1,0,6.647952482243084e-51
0,0,5.028520509584165e-19
0,0,3.2348862549912824e-11
0,0,4.7590940345236434e-23
0,0,2.273092814283566e-28
-1,0,4.9712513744872054e-60
0,0,6.2983300905356005e-21
0,1,0.9998327148965551
-1,0,2.8192591840259252e-77
0,0,6.687484537200293e-35
-1,0,7.440129634632307e-52
-1,0,5.023272922386519e-53
-1,0,5.015100382593375e-47
-1,0,2.051480146114337e-26
0,0,8.206995344464125e-45
0,0,1.3839487832187658e-24
-1,1,0.9999999999963571
0,0,1.7423140818364473e-07
-1,0,2.439781082019711e-44
0,1,0.9996718776349768
0,0,1.313000208439796e-37
-1,0,2.0014086962310463e-56
-1,0,3.516837770097011e-64
0,1,0.9999999999995175
0,0,1.3087313511965429e-25
-1,0,1.449179469515019e-70
-1,0,1.2396187560376748e-32
0,0,0.004255991032254516
0,0,8.82883104903205e-24
0,0,4.7436211555359496e-11
0,0,2.878052280144555e-32
-1,0,7.018596477667447e-44
-1,0,3.762458658174688e-68
0,0,2.1858424651799486e-15
0,0,3.5960287415663755e-25
0,0,0.3233919406396295
0,0,1.5593409019986986e-12
0,0,2.892810537413019e-13
0,0,7.528878198208516e-20
-1,0,3.8182162984265083e-39
0,0,2.871031530594612e-23
0,1,0.9999999999963571
0,1,0.999540481540717
-1,0,5.019184989112468e-50
-1,0,5.521744298939026e-71
0,0,0.021532464321695137
-1,0,1.3757677789784075e-40
0,0,9.888931632263629e-28
-1,0,1.7419137346075e-44
0,0,4.6781568514475466e-43
0,0,1.2520765563812078e-31
-1,0,2.873369875435543e-26
0,0,4.048467287056211e-10
0,0,2.6989420879682804e-40
-1,0,1.2988783488468895e-35
0,0,6.710841139969479e-10
0,0,3.392289637221622e-17
0,0,2.167620541831387e-22
0,1,0.9998586465460247
0,0,5.3175274163539105e-18
0,0,4.2593059247390175e-28
0,0,7.888793901454449e-23
0,0,1.8192512983862577e-35
-1,0,5.307655350413329e-49
0,1,0.9998805588889411
0,0,1.3862040474487271e-30
0,0,2.183561396838995e-49
0,1,0.9998805588889411
-1,0,2.548102591453871e-35
0,0,3.1935759275944325e-09
-1,0,1.0823585476683216e-67
0,0,2.044810325481518e-14
0,0,0.021532464321695137
0,0,2.7333604529216362e-11
-1,0,9.830474706258167e-44
-1,0,7.094905112794732e-46
-1,0,1.4289320145239503e-56
0,1,0.9998805588889411
0,0,1.7437334332038353e-10
0,0,3.210531874158143e-21
-1,0,1.2292848741071109e-39
-1,0,1.1770271692821696e-48
0,0,7.460039003719166e-24
0,0,4.2558397068601e-25
-1,0,1.0579588503135048e-31
0,0,1.0491393469030375e-38
0,0,2.3769062804356676e-31
-1,0,2.5647526494531952e-59
0,1,0.9999999993247561
-1,0,3.209793602031066e-58
-1,0,2.974019413943727e-67
0,0,5.636895273758859e-26
0,0,9.931453215038383e-06
0,1,0.999999999999936
0,0,0.0004781210924563133
0,0,2.288472118363293e-15
0,0,7.031650838329069e-13
0,1,0.999802026962188
-1,1,0.9999999999956888
0,0,7.888793901454449e-23
-1,0,9.760402516969332e-63
0,0,8.792964935923594e-09
-1,0,9.92118763147067e-40
0,0,2.8153198237228492e-34
-1,0,3.3202874102619463e-59
0,0,1.9431438426512584e-33
0,0,4.4967754568839054e-21
0,0,4.26277496571918e-31
0,0,2.878052280144555e-32
0,1,0.9998805588889411
0,0,1.6378801748168368e-24
-1,0,3.1889560176929733e-34
-1,0,3.223627462613011e-36
-1,0,2.5543336585569023e-44
0,0,2.3998247975381194e-21
0,0,4.2014915552358185e-23
0,0,2.0704106424159127e-22
0,0,1.8390308346475755e-37
0,0,3.0335691689485574e-19
0,0,1.9368262475632567e-21
0,0,5.632307975376277e-23
0,0,2.065360061963513e-13
-1,0,1.5225203534714357e-45
0,0,1.045728360315677e-26
0,1,0.9949359965058682
0,1,0.9998805588889411
0,0,9.321065797051221e-17
-1,0,1.1624734049434722e-40
0,0,7.86631961372228e-20
-1,0,1.6432226590795316e-36
0,0,1.7390797537483555e-38
0,0,2.0498106541157928e-23
-1,0,6.90485144227261e-67
0,0,0.001837569110905776
0,0,2.878052280144555e-32
0,0,2.892810537413019e-13
-1,0,2.8383337435854758e-64
0,0,2.0531509978499514e-29
-1,0,4.244481712155823e-53
0,0,1.9159948812404666e-19
0,0,5.384101017567405e-26
0,0,3.547217470884624e-20
-1,0,1.3119316904986356e-34
0,0,1.7465749979406465e-16
0,0,6.201304476545959e-47
-1,0,5.873820730280801e-54
0,0,0.001109364029501592
0,0,3.1974792610078003e-06
0,0,2.8827423152369464e-38
0,0,9.896985787022506e-31
0,0,7.8695498986209e-14
-1,0,8.319927205713574e-50
-1,0,1.822215925710872e-41
-1,0,5.299020138823171e-43
0,0,1.7098966870719646e-21
0,0,2.167620541831387e-22
-1,0,3.7280571688013246e-72
-1,0,1.7245821957245615e-45
-1,0,1.7362503835925713e-32
0,1,0.99991071685414
0,0,6.404663863168765e-07
0,0,1.1076321234882641e-31
-1,0,6.90485144227261e-67
0,1,0.9989337726694621
0,1,0.9990989279903378
-1,0,1.4312605828196176e-62
0,0,2.7378147002431125e-17
-1,0,1.9363808681403326e-58
-1,0,2.156561987804129e-41
0,0,1.1058300777413428e-25
0,0,4.7436211555359496e-11
-1,1,0.9999999999998941
0,0,1.0465800658752501e-29
0,0,4.762970133711148e-26
0,0,9.888931632263629e-28
-1,0,1.4456443266065609e-61
0,1,0.9999999999995175
0,0,6.2983300905356005e-21
-1,0,2.5108924973905008e-64
0,0,1.747997516151361e-19
0,0,2.70616430542383e-12
0,0,1.8624831129402092e-08
-1,0,7.541147156350801e-26
-1,0,1.791225778654813e-61
0,1,0.9982338331721738
-1,0,5.603573618581876e-42
0,0,2.519662002521949e-39
0,0,2.1693859854557384e-25
0,0,6.340942965422647e-08
0,1,0.999999999999754
-1,0,8.171775881077619e-67
-1,0,2.7260656543929215e-39
-1,0,3.1817291058222015e-71
0,1,0.999792733660719
-1,0,6.221532068333993e-59
-1,0,5.0613783538544955e-43
0,0,1.3175859730924498e-12
0,0,0.17071943780194804
0,0,1.6074055912093276e-38
0,1,0.9996564769293487
-1,0,8.886521249389432e-48
0,0,0.10604365902261814
0,0,5.96086763575867e-25
0,0,5.024428305830088e-16
0,0,5.970581385083449e-31
0,0,1.953108017707715e-14
-1,0,2.2490351318641068e-72
0,0,2.93619009476376e-30
0,1,0.9999999106361657
0,0,7.8695498986209e-14
-1,0,2.55641406515253e-47
0,0,6.308593764115123e-27
-1,0,1.8121753577243736e-66
0,0,4.2350997625793924e-07
-1,0,3.4089007651225375e-35
0,0,1.1722456417676111e-33
0,0,8.836021792608121e-27
0,0,1.1085342472838436e-34
0,0,1.6503047696414617e-14
0,0,6.591342502189999e-27
-1,0,1.7970684499811737e-73
0,0,2.1876227498605745e-18
0,0,1.1031325047771163e-16
0,1,0.9511043990131253
-1,0,3.209793602031066e-58
0,0,5.985181697244789e-40
0,0,2.5027290244864875e-52
-1,0,3.3591203840075493e-64
-1,0,3.6048223813783205e-34
0,0,1.464681183540055e-26
0,0,8.369401659752582e-34
-1,0,5.954647083882141e-59
0,0,1.0536610231400569e-16
0,0,1.4658741100727708e-29
0,0,3.4033547043003824e-29
0,0,7.066082936981593e-31
-1,0,5.347918043748007e-39
0,0,1.3862040474487271e-30
0,0,1.1636864344359053e-06
-1,0,8.355785185161845e-28
0,0,4.266246832099989e-34
0,0,3.223627462613011e-36
0,0,1.3175859730924498e-12
0,0,6.671171020458928e-26
0,0,4.734814555027112e-42
-1,1,0.9999999999986742
0,0,1.1753686901971918e-05
0,1,0.9998805588889411
0,0,2.2786513792741297e-37
0,0,2.878052280144555e-32
0,0,1.1563339782526561e-28
-1,0,3.5960287415663755e-25
0,1,0.8567681313055961
0,0,1.0536610231400569e-16
0,1,0.9083862650298209
0,0,4.538270467848025e-17
0,0,7.466114918780165e-27
0,0,7.04310952149158e-19
-1,0,6.910475178401975e-70
0,1,0.9997227345096903
0,0,1.1722456417676111e-33
-1,0,1.6165922038149602e-59
0,0,1.3816971881576809e-18
0,1,0.999999999976761
0,0,4.755221089700783e-20
0,0,4.799100966102376e-16
-1,0,5.834346674907289e-67
0,1,0.9645951737984841
-1,0,4.040951251089242e-41
-1,0,2.887439993147128e-44
0,0,2.521714170386181e-42
0,0,0.005950932719761452
-1,0,7.848547625925323e-42
0,0,1.933675156665907e-15
0,0,9.391764509122866e-07
0,0,0.011607933220961063
-1,0,2.4174733012327844e-48
-1,0,9.30376110466694e-48
0,0,3.194152697313512e-40
-1,0,3.7956454893714345e-55
0,1,0.9981510614485615
0,0,4.7668493898325065e-29
-1,0,1.5695300978938032e-36
0,0,4.485805977788359e-12
0,0,2.4160614872056266e-08
0,0,5.975444194157522e-34
0,0,9.830474706258167e-44
0,0,2.3057787916287177e-05
-1,0,2.8610391087083443e-48
0,0,7.037377847698305e-16
0,1,0.8711630436872285
0,0,3.1974792610078003e-06
0,0,5.636895273758859e-26
0,0,1.6392141652714866e-27
0,0,2.9022463893209224e-25
0,0,7.760946240686562e-46
-1,0,2.571615783514225e-31
-1,0,2.1583184246612324e-44
-1,0,1.9019001108546558e-75
0,0,1.2999362353429834e-38
0,0,6.637136694002233e-45
-1,0,9.896985787022506e-31
0,1,0.9083862650298209
0,0,0.04324379515729852
0,0,2.0564967849631063e-35
0,1,0.9999999999995175
0,0,0.008315245403464249
0,0,3.377731980532424e-39
0,0,7.11968467100295e-21
-1,0,1.364849609544495e-56
0,0,3.4208066391673977e-10
-1,0,4.481124748414085e-46
-1,0,1.5539137264402565e-37
-1,0,2.2940682915239396e-24
-1,0,2.4298697726823984e-29
0,0,2.2605678754882195e-53
-1,0,5.230147342883565e-78
-1,0,6.557715437043881e-46
0,0,5.941487522317673e-13
-1,1,0.999999999999936
0,0,1.1665334419623471e-15
0,0,2.1658565349228067e-19
0,1,0.9999999999674507
0,0,1.6298963422219067e-06
-1,0,2.4115760926557816e-39
-1,0,1.2988783488468895e-35
-1,0,2.0095723356662436e-71
0,0,1.545083296976562e-16
0,0,2.567431931143798e-25
0,0,4.4967754568839054e-21
0,1,0.9998805588889411
0,0,4.055064616264817e-16
-1,0,5.545542415039804e-49
0,0,4.507771760452391e-30
0,1,0.9999999999997089
-1,0,4.5187949541097945e-39
0,0,3.799610629427391e-21
0,0,1.5568015316844568e-06
0,0,3.148232241162206e-32
0,0,1.3967194831311656e-20
0,0,0.09497189825294017
0,0,0.0486090220850911
0,0,3.218382829457698e-30
-1,0,5.303335987071985e-46
0,0,7.447902003289706e-18
0,0,4.4894594943768996e-15
0,1,0.9998805588889411
-1,0,6.179721275555384e-72
-1,0,2.4233849306978964e-57
0,1,0.9994306961340124
-1,0,9.838481250097315e-47
-1,0,1.1001884622354663e-44
0,0,1.7362503835925713e-32
-1,0,1.5184570476838378e-73
-1,0,1.5472452679732114e-59
0,1,0.999999999998143
0,0,1.4658741100727708e-29
0,0,2.051480146114337e-26
0,0,2.2023752744634825e-05
-1,0,7.403874855313194e-34
-1,0,1.4421178073611107e-52
0,0,1.210626159433425e-28
0,0,1.5513856094215994e-31
0,1,0.9998327148965551
0,0,2.171152866966102e-28
0,0,2.571615783514225e-31
-1,0,9.343859300989404e-26
0,0,1.1655841184927064e-12
-1,0,5.3392173273628344e-33
0,0,7.908084963096478e-32
0,0,6.654897299073648e-17
0,0,7.472195782440466e-30
-1,0,4.1621185202331704e-64
0,0,0.3612910141493116
-1,0,8.77664074753732e-40
-1,0,3.0353417473139436e-59
0,0,4.2558397068601e-25
0,0,1.570808419837649e-39
-1,0,3.7410777248412105e-47
0,0,4.0212602237762793e-23
0,0,4.2593059247390175e-28
0,0,1.4506933621003135e-36
-1,0,3.231510441540973e-45
0,1,0.9987383846518522
0,0,1.3087313511965429e-25
-1,0,3.234142382600741e-48
0,0,0.03126115450602272
0,0,3.0360398944491674e-22
0,0,7.908084963096478e-32
0,1,0.9998805588889411
0,1,0.9996718776349768
0,0,1.045728360315677e-26
-1,0,4.175694637116057e-76
0,0,1.8315599989987084e-22
0,0,7.504399568690652e-08
0,0,1.3108640421160316e-31
-1,0,1.5250014320591752e-51
-1,0,6.642542386758255e-48
-1,0,1.1103406997089064e-40
0,0,2.2959367219807674e-27
0,1,0.9999999999963571
-1,0,3.3722366293046034e-33
0,0,5.281791839576714e-31
0,0,1.3910261329170488e-05
0,0,2.4259165318937102e-23
0,1,0.9996718776349768
0,0,3.345474372292546e-49
-1,0,8.819617591376968e-58
-1,0,6.339485247183406e-45
0,0,8.362590651061912e-31
0,0,2.573710265736436e-34
-1,0,1.615276623084498e-56
0,0,3.8409213248163756e-23
-1,0,2.036857077603776e-45
0,0,1.6476198034902504e-08
0,0,3.793428908954019e-15
-1,0,4.959124454107521e-51
0,0,6.324020643394645e-36
-1,0,2.252700129114206e-78
0,0,3.4089007651225375e-35
0,0,1.3805727646996069e-15
0,0,1.641885406517557e-33
0,0,1.045728360315677e-26
-1,0,1.0992931302294082e-41
0,0,8.321840839764251e-13
0,0,2.082718003297332e-06
-1,0,3.194152697313512e-40
-1,0,2.0410141057747686e-45
0,0,8.857629181925211e-36
-1,0,2.7260656543929215e-39
0,0,2.17292118753352e-31
-1,0,1.3108640421160316e-31
0,0,4.799100966102376e-16
0,0,2.446309799184338e-16
0,0,7.020205869379454e-07
0,0,5.370966987634598e-17
0,0,6.604794794335545e-27
0,0,1.0528035551061259e-13
0,0,2.8593682378088187e-08
-1,0,2.4155059644585473e-45
0,0,3.4033547043003824e-29
-1,0,2.5626654569279695e-56
0,0,8.328618659306361e-16
0,0,0.14817349570441543
-1,0,1.9253769916830642e-37
0,0,3.00459834284857e-29
0,0,7.04310952149158e-19
-1,0,7.319553133144161e-75
0,0,1.1114993872453482e-06
-1,0,8.655518789885445e-72
0,0,8.265915264033926e-26
0,1,0.8762257613636502
0,1,0.9994562134587761
-1,0,1.3755193584165845e-09
0,0,3.395052526757133e-20
-1,0,4.470193447833645e-37
0,0,1.6100249976330933e-44
0,0,0.019095830652564257
-1,0,1.3802552975535198e-52
0,0,7.060332567451291e-28
-1,0,5.659887869242068e-41
-1,0,4.7746173831635154e-35
-1,0,1.3659612270969918e-59
0,0,0.4839107504998532
0,0,2.274944161020272e-31
0,1,0.6478195940673581
0,0,9.931453215038383e-06
0,1,0.9999999899987467
0,0,2.548102591453871e-35
0,0,4.045171014695277e-07
0,0,1.8133365056600308e-23
0,0,2.1840636292880275e-12
-1,0,2.800956900981569e-53
0,0,7.8695498986209e-14
-1,0,9.830474706258167e-44
-1,0,8.362590651061912e-31
0,0,1.7465749979406465e-16
-1,0,3.52256876138916e-70
0,0,3.6292119088134575e-21
-1,0,1.822215925710872e-41
0,0,3.218382829457698e-30
-1,0,3.7956454893714345e-55
0,0,8.99984696080608e-19
0,0,1.3816971881576809e-18
0,0,2.8593682378088187e-08
-1,0,1.5209315047633687e-79
-1,0,1.9348050437914374e-55
-1,0,4.165508405807483e-67
-1,0,2.2916742825158857e-58
-1,0,2.4338294556188213e-35
-1,0,5.3392173273628344e-33
-1,0,2.3034256738551888e-39
-1,0,1.9222445279837081e-31
0,0,1.648961753639555e-11
-1,0,4.2593059247390175e-28
-1,0,3.2019635993788986e-49
0,0,5.91599024914494e-35
-1,0,3.045942935957553e-34
0,0,1.2967651578743072e-29
0,0,8.419170313673506e-18
-1,0,2.2508668845430133e-75
0,0,2.0531509978499514e-29
0,0,1.3921784164260268e-08
0,0,1.042328463608328e-14
0,0,3.822058930262882e-05
-1,0,4.251398462180141e-59
-1,0,4.2558397068601e-25
0,0,7.05458687756448e-25
-1,0,2.712158079824741e-58
0,0,1.932101534217952e-12
0,0,5.936652343620128e-10
-1,0,4.979352458529527e-66
0,0,6.67660443286578e-29
0,0,1.1049301545955912e-22
0,0,5.873820730280801e-54
-1,0,2.163596323195992e-53
-1,0,2.376359703194203e-68
-1,0,2.728285930099117e-42
0,1,0.9998805588889411
0,0,3.38677060151433e-11
0,0,2.176462150528882e-37
-1,0,2.9667645612067238e-58
0,0,2.3057787916287177e-05
-1,0,5.970581385083449e-31
0,0,5.03671491863485e-25
0,0,1.4385998907419779e-43
0,0,8.723183554982105e-25
0,0,1.3752030552091366e-46
0,0,0.000669543714908849
-1,0,2.7260656543929215e-39
-1,0,2.4174733012327844e-48
0,0,2.7355866700355753e-14
-1,0,5.053143818991641e-37
-1,0,1.0395466950302546e-42
-1,0,1.2469901500000268e-16
0,1,0.9999999999999545
-1,0,3.783304997240585e-43
-1,0,2.7099509289432115e-55
0,0,6.638662835248885e-08
0,1,0.9998805588889411
-1,0,1.5539137264402565e-37
-1,0,1.369301514923168e-68
0,0,4.534577228969644e-14
0,0,1.2726373988168724e-43
0,1,0.9816338355075707
0,0,2.892810537413019e-13
-1,0,1.9510698228531035e-48
0,0,1.5513856094215994e-31
0,1,0.888918701473804
0,0,1.3208079652698235e-21
-1,0,2.2842235370421456e-46
-1,0,2.1583184246612324e-44
0,0,8.405472868634772e-12
0,0,2.2959367219807674e-27
-1,0,1.3780097115544431e-46
0,0,3.2348862549912824e-11
-1,0,9.830474706258167e-44
0,0,7.358778972368989e-19
-1,0,6.5523787763543315e-43
-1,0,2.17469094833014e-34
0,0,0.0030423243084490926
-1,0,7.077597730221838e-37
-1,0,1.8330517342265654e-25
0,0,7.403874855313194e-34
-1,0,6.286637150358493e-52
-1,0,1.7245821957245615e-45
0,0,3.7965185110096325e-18
-1,0,1.0474324651162831e-32
-1,0,4.23412768096746e-44
-1,0,8.812440197519765e-55
0,0,5.627724410131389e-20
-1,0,5.853377313273342e-79
0,1,0.9999999999990534
0,0,1.464681183540055e-26
0,1,0.9999999999724969
0,0,7.077597730221838e-37
0,0,1.7320149570218684e-23
0,0,4.2593059247390175e-28
0,0,1.3108640421160316e-31
0,0,1.4745909316856036e-13
0,0,9.343859300989404e-26
-1,0,1.0296189416654033e-52
-1,0,2.54025905828756e-69
0,0,1.8330517342265654e-25
0,1,0.9996718776349768
-1,0,1.8311388258880687e-59
0,0,1.0385131470534105e-08
0,0,1.2355884783030694e-20
-1,0,4.5187949541097945e-39
0,0,1.0431774000827103e-17
-1,0,1.2416388220063035e-38
-1,0,2.2959367219807674e-27
0,0,3.221004078581996e-33
-1,0,2.252700129114206e-78
-1,0,6.951568324789934e-54
0,0,1.3108640421160316e-31
-1,0,3.045942935957553e-34
-1,0,2.8337159583637932e-58
-1,0,1.6938728961810846e-62
-1,0,2.9667645612067238e-58
0,1,0.9989337726694621
0,0,5.03671491863485e-25
0,0,1.11512614710601e-18
-1,0,2.2860839493247897e-49
0,0,2.156561987804129e-41
-1,0,2.1583184246612324e-44
-1,0,9.265965724176427e-33
0,1,0.9999881734566287
0,0,1.3044763729624926e-13
0,0,4.2489157312181336e-19
0,1,0.9998805588889411
-1,0,6.324020643394645e-36
0,0,1.5580719098814776e-09
0,0,8.708991500155005e-19
0,0,1.8390308346475755e-37
0,0,2.7355866700355753e-14
0,0,4.500437907671498e-24
0,0,1.045728360315677e-26
0,0,5.965722533357284e-28
0,0,9.92118763147067e-40
0,0,3.218382829457698e-30
-1,0,1.7245821957245615e-45
0,0,3.4208066391673977e-10
0,0,3.3694923073180935e-30
0,0,2.4338294556188213e-35
0,0,4.990662453879368e-29
-1,0,2.7077455742382554e-52
0,0,0.001837569110905776
0,0,2.30155114889863e-36
0,0,8.888565202746492e-11
0,0,5.304555758592075e-09
-1,0,1.9178882773108434e-68
0,1,0.9083862650298209
0,0,1.0528035551061259e-13
0,0,3.808902103356619e-30
-1,0,9.937355064727951e-46
-1,0,3.580596759789287e-47
0,0,5.577236189239474e-70
0,0,1.827092073197547e-13
0,0,7.968073937269382e-22
0,0,1.3862040474487271e-30
-1,0,4.481124748414085e-46
-1,0,1.1760693060315997e-45
0,0,3.617412516379185e-09
0,0,2.921882424169852e-12
-1,0,1.1722456417676111e-33
-1,0,1.845029437868835e-49
0,0,8.328618659306361e-16
0,0,1.1169433416019267e-24
0,0,1.0431774000827103e-17
0,0,3.2348862549912824e-11
0,0,3.4005850584630104e-26
0,0,7.096536933930317e-09
0,0,1.6405492422101055e-30
-1,0,1.2819964761370286e-70
0,1,0.8348283043580801
0,0,0.10604365902261814
0,0,1.9038869403235808e-41
0,0,6.638662835248885e-08
0,0,8.917558178998357e-23
-1,0,3.4061266059078197e-32
0,0,3.7648694464493493e-25
-1,0,1.791225778654813e-61
0,0,2.3133531874537935e-17
-1,0,2.836023911105311e-61
0,0,2.446309799184338e-16
0,0,1.5438259101055568e-13
-1,0,1.4595834644245115e-51
0,0,9.343859300989404e-26
0,0,6.687484537200293e-35
0,0,3.423592755874988e-13
0,1,0.9979104483238262
-1,0,4.5151175643805775e-36
0,0,5.594456967129876e-36
-1,0,8.783788984118497e-43
0,0,6.335381719604879e-05
-1,0,5.930457065491713e-44
0,0,3.1974792610078003e-06
0,0,7.89521902090161e-26
0,0,4.251398462180141e-59
-1,0,6.31887416323833e-33
0,0,4.5493682422907134e-26
-1,0,2.7033402475125777e-46
0,0,8.489945373971715e-11
0,0,2.5549205181327333e-07
0,1,0.8933691021372158
0,0,2.979550993110969e-36
0,0,1.1840263623218691e-32
0,0,7.048845863513023e-22
0,0,1.4721916509832738e-07
-1,0,4.790191366304773e-47
0,0,1.476993905135692e-19
-1,0,5.2484140763295925e-53
0,0,8.73739873698991e-31
0,0,5.040817129362813e-28
-1,0,9.389613661181497e-44
-1,0,5.002866496504259e-38
-1,0,8.812440197519765e-55
0,0,1.730605445398026e-20
0,0,7.504399568690652e-08
0,0,3.808902103356619e-30
0,0,9.366708543598662e-35
0,0,5.074922318097523e-15
-1,0,1.5459861216930845e-56
-1,0,3.0304034428262135e-53
-1,0,6.179721275555384e-72
0,0,4.4967754568839054e-21
0,0,2.4076526144999838e-33
0,0,3.0156366829089596e-35
-1,0,6.276409198767929e-46
0,0,2.7194156625397087e-30
0,0,5.96086763575867e-25
0,0,1.8360388505548685e-31
0,0,4.7474846528831225e-14
0,0,4.230681953112067e-41
0,0,4.2558397068601e-25
0,0,6.346107821770395e-11
0,0,2.7149913493360288e-24
0,0,7.020205869379454e-07
0,0,2.2959367219807674e-27
0,0,5.62314457498621e-17
0,0,6.0011977073207086e-12
0,0,1.5488616054856388e-25
0,0,1.4745909316856036e-13
-1,0,1.228284483601201e-36
0,0,1.726383789116261e-11
0,0,2.051480146114337e-26
0,0,1.3066021300271093e-19
0,0,4.7474846528831225e-14
0,0,2.873369875435543e-26
0,0,2.9046101574646024e-28
-1,0,4.200525408743969e-60
-1,0,1.1624734049434722e-40
0,0,3.5960287415663755e-25
0,0,5.0326160462808525e-22
0,1,0.9999999999999105
0,0,6.716306866666559e-13
-1,0,3.0715484040881876e-27
0,0,1.2906702150674437e-57
0,0,3.031100454121295e-16
0,0,2.2959367219807674e-27
0,0,0.029901125253882894
-1,0,5.930457065491713e-44
-1,0,3.342751829397648e-46
0,0,2.0670422183575884e-16
0,1,0.9999999998941533
0,0,0.0004781210924563133
0,0,1.1067307338399106e-28
0,0,1.4575439623153605e-08
0,0,7.453968033230256e-21
0,0,7.066082936981593e-31
0,1,0.9999999999998517
0,0,1.3921784164260268e-08
-1,0,7.428025025457241e-46
-1,0,1.2093627925398684e-62
-1,0,7.920971871456832e-38
0,0,6.346107821770395e-11
0,0,1.6352154498233975e-18
0,0,2.065360061963513e-13
0,0,1.7362503835925713e-32
0,0,9.30590102566265e-11
0,1,0.9998943366252102
0,1,0.9999461360071845
0,0,1.9431438426512584e-33
0,0,1.5501230937367589e-28
0,0,3.183767792733652e-28
-1,0,2.1250695845198295e-70
0,1,0.9998805588889411
0,1,0.9999900069855107
-1,0,1.8192512983862577e-35
0,0,5.3532181883052404e-05
0,0,0.00014707774493512014
0,0,2.17292118753352e-31
-1,0,6.2968817692807146e-58
-1,0,1.7108958157240223e-61
0,0,1.641885406517557e-33
0,1,0.9583694221824719
0,0,7.968073937269382e-22
-1,0,1.632179648879886e-49
0,0,6.709297964975058e-47
0,0,2.072096912313219e-25
0,0,5.53652017659843e-43
-1,0,1.9363808681403326e-58
-1,0,8.158480930832788e-61
0,0,2.19118767032315e-24
-1,0,4.0376627299728974e-38
-1,0,6.69293123633942e-38
0,0,6.620945996293836e-36
0,0,1.8330517342265654e-25
-1,0,1.9363808681403326e-58
0,0,2.4037355195891725e-27
0,0,7.888793901454449e-23
0,0,2.7017542518317e-06
-1,0,1.4324262895574716e-65
0,0,1.545083296976562e-16
0,0,1.2355884783030694e-20
0,0,5.684281369074064e-19
-1,0,7.0833621615637765e-40
0,0,1.9191171605999402e-25
0,0,7.472195782440466e-30
0,0,6.277852771795202e-09
0,0,0.05953719298058312
0,0,1.5568015316844568e-06
0,0,0.0009375332382084733
-1,0,7.478281598730571e-33
0,0,4.7746173831635154e-35
0,0,1.2376019765855888e-26
-1,0,1.6432226590795316e-36
0,0,1.4658741100727708e-29
-1,0,1.4468217483508858e-64
-1,0,7.077597730221838e-37
0,0,1.309797262584376e-28
-1,0,4.0376627299728974e-38
0,0,9.96394686882897e-18
0,0,4.75135129667565e-17
0,0,1.6242262507692079e-31
0,0,0.06969986277062833
0,1,0.9998805588889411
0,0,1.2439480750013903e-07
0,0,1.8360388505548685e-31
0,0,4.0616726947501898e-22
0,0,4.5271995604720655e-08
0,0,3.578504482923117e-07
-1,0,7.78626111645825e-58
0,1,0.9942793861958276
-1,0,5.617276459021372e-51
0,0,1.0482855586037235e-35
-1,0,1.8360388505548685e-31
-1,0,3.592276052410511e-59
0,0,5.632307975376277e-23
0,0,4.0376627299728974e-38
-1,0,4.5114431673065613e-33
-1,0,1.0378554198669982e-36
0,0,3.2027000705472315e-12
0,0,1.11512614710601e-18
0,0,7.020205869379454e-07
-1,0,1.8360388505548685e-31
0,0,3.5989575687722334e-28
0,0,0.001109364029501592
0,0,7.05458687756448e-25
-1,0,1.045728360315677e-26
0,0,9.85678050452192e-16
0,0,1.0735825138650517e-37
-1,0,5.031458780040253e-59
-1,0,2.88039634311617e-35
0,0,2.4298697726823984e-29
0,0,2.7333604529216362e-11
-1,0,1.4444678630465088e-58
0,0,1.1684344090910377e-21
-1,0,9.80649414782779e-35
-1,0,1.364849609544495e-56
0,0,1.2355884783030694e-20
0,0,4.034376885050959e-35
0,1,0.9999999999998517
-1,0,1.0983985268434265e-38
-1,0,3.6292119088134575e-21
-1,0,7.927423198623883e-41
0,0,2.388545349753177e-49
0,0,2.571615783514225e-31
0,1,0.9959089985382366
0,0,5.646081082101814e-32
0,0,2.3034256738551888e-39
0,0,5.965722533357284e-28
0,1,0.6852339549890726
0,1,0.969919102690353
-1,0,9.351469515282643e-29
0,0,9.939640618272312e-09
-1,0,4.0137946964766426e-54
0,0,1.5463417079406335e-19
-1,0,3.053391409535392e-43
-1,0,1.2332945905657682e-51
0,0,7.167854559599728e-08
0,1,0.9328310141832646
0,0,2.662307566311719e-35
0,0,1.3921784164260268e-08
-1,0,8.648474939429124e-69
-1,0,3.050906563393238e-40
-1,0,3.032871589964606e-56
-1,0,9.273512497145126e-36
0,1,0.9214744111588262
-1,0,2.4417681899442488e-47
-1,0,1.6432226590795316e-36
0,0,2.3057787916287177e-05
-1,0,2.3866015545099764e-46
-1,0,2.396336375090696e-61
-1,0,5.25696682096429e-59
-1,0,1.435929109404802e-74
0,0,1.6405492422101055e-30
0,0,1.8454538059016127e-12
0,0,2.851737230883852e-36
0,0,2.11643675177489e-55
-1,0,5.225891055462544e-75
-1,0,5.892980126246378e-66
0,1,0.9994562134587761
0,0,4.277644770719945e-06
0,0,1.4599191775333057e-14
0,0,4.7474846528831225e-14
0,0,1.4501080285213062e-27
0,0,7.89521902090161e-26
0,0,4.739760578094409e-08
0,0,1.6405492422101055e-30
0,0,1.8315599989987084e-22
0,0,3.1974792610078003e-06
0,0,4.055064616264817e-16
-1,0,7.746537932642273e-77
0,0,9.30376110466694e-48
0,0,2.8470976390561568e-30
0,0,2.4259165318937102e-23
0,0,1.8330517342265654e-25
0,0,1.3076663072461031e-22
-1,0,2.059848024325774e-41
0,0,2.864027907531399e-14
0,0,4.500437907671498e-24
0,0,6.995777451273967e-32
-1,0,1.8390308346475755e-37
0,0,1.437429159935157e-40
0,0,3.3598930022060854e-27
-1,0,1.165316088678415e-49
0,0,1.7320149570218684e-23
-1,0,3.5406320107568845e-51
0,0,3.4033547043003824e-29
0,0,3.210531874158143e-21
0,0,8.664560820906e-38
-1,0,3.706871728898629e-51
0,0,1.5413139677462272e-07
0,0,8.807293910168616e-15
-1,0,5.970581385083449e-31
0,0,3.952871267271693e-43
0,0,2.0531509978499514e-29
0,0,1.3805727646996069e-15
-1,0,3.380483013416048e-42
-1,0,1.0465800658752501e-29
0,0,9.872842980795741e-22
-1,0,1.9003523469032475e-72
0,0,2.542912752625573e-35
0,0,7.816663870476151e-27
-1,0,1.2747112715194353e-49
0,0,4.7474846528831225e-14
-1,0,1.806283570463279e-54
0,0,6.5523787763543315e-43
-1,0,8.77664074753732e-40
0,0,2.4259165318937102e-23
0,0,5.321858338068995e-21
0,0,8.800126545230532e-12
-1,0,1.834544684415435e-28
0,0,4.6781568514475466e-43
0,0,3.226252983289404e-39
0,1,0.9920058436002613
0,1,0.9999999999998517
-1,0,2.0564967849631063e-35
-1,0,1.4421178073611107e-52
0,0,2.6901672238004486e-28
0,0,1.9100970930399043e-53
0,0,2.0636792740812146e-10
0,0,3.8284336306748464e-11
-1,0,8.333485246625526e-56
-1,0,3.8213260888581655e-42
0,0,1.394447110968193e-14
-1,0,4.786293114511911e-44
0,0,9.840744151173174e-10
0,0,4.4931159865943484e-18
-1,0,3.39427182351281e-57
-1,0,9.326512292138036e-57
0,0,3.9464402016639966e-37
-1,0,7.035759580035607e-53
0,0,1.2335782558518951e-14
-1,0,2.657364954117994e-66
0,0,1.954698749125462e-17
0,0,3.802705266256765e-24
0,1,0.9998805588889411
0,0,3.218382829457698e-30
0,0,2.589014835969232e-18
0,0,2.0133100747054827e-40
0,0,6.2983300905356005e-21
-1,0,9.694809321822127e-76
0,0,5.627724410131389e-20
0,1,0.9999999999999545
0,0,1.2345829579318831e-17
-1,0,7.071837989966978e-34
0,0,1.0431774000827103e-17
-1,0,5.294707802806309e-40
0,0,1.5463417079406335e-19
-1,1,0.9999999999995175
-1,0,8.676684781620711e-81
-1,0,1.2830406129966118e-73
0,0,3.1974792610078003e-06
0,0,7.090711552747985e-06
0,1,0.999999980379826
-1,0,2.74450968464839e-26
-1,0,3.592276052410511e-59
-1,0,5.32063455963313e-58
0,0,1.2376019765855888e-26
0,0,1.0588205171371334e-34
0,0,7.339139846284359e-47
0,0,4.045171014695277e-07
-1,0,6.524259927162587e-65
0,0,1.1112450295357047e-43
-1,0,1.0858890156454254e-79
0,1,0.9998805588889411
0,0,1.9431438426512584e-33
0,0,2.7149913493360288e-24
0,0,1.5631540757051585e-21
0,0,9.860759176797875e-25
0,0,0.0486090220850911
0,0,0.05077542812779524
0,1,0.995161999928704
0,0,3.1974792610078003e-06
0,0,2.571615783514225e-31
-1,0,7.867740270319934e-51
-1,0,1.4607722390609358e-54
0,0,2.0464757449046067e-17
0,0,7.00717767564494e-38
0,0,1.5476011438320488e-22
-1,0,1.6405492422101055e-30
0,0,4.045171014695277e-07
-1,0,5.843854247384685e-73
0,0,4.245457968865787e-16
-1,0,1.5209315047633687e-79
0,0,4.500437907671498e-24
0,0,2.871031530594612e-23
0,0,5.308876143523601e-12
-1,0,1.822215925710872e-41
0,0,1.1674835386181039e-18
-1,0,2.269788611407389e-68
0,0,0.14817349570441543
0,0,1.1067307338399106e-28
0,0,2.521714170386181e-42
0,0,3.4319647249903506e-22
0,0,7.522751206468562e-17
0,0,1.464681183540055e-26
0,0,5.304555758592075e-09
-1,0,6.329171315161075e-39
-1,0,6.647952482243084e-51
-1,0,8.783788984118497e-43
0,0,1.1076321234882641e-31
0,0,5.028520509584165e-19
-1,0,2.8610391087083443e-48
0,0,0.06969986277062833
-1,0,4.155347022893321e-58
0,0,2.286609762586424e-12
0,1,0.99999999843227
0,0,5.632307975376277e-23
0,1,0.999540481540717
0,0,9.980183981961464e-24
-1,0,6.52957368612996e-68
0,0,3.3978176665600345e-23
-1,0,8.735389544057673e-68
0,1,0.9999999881636844
0,0,1.1772978927039708e-11
0,0,1.0482855586037235e-35
-1,0,1.8957166083601828e-63
0,0,0.17071943780194804
-1,0,7.345117293628129e-50
0,0,4.762970133711148e-26
-1,0,6.206355200710775e-50
0,1,0.999999999998143
0,0,2.7194156625397087e-30
0,1,0.9837181299442661
0,0,5.3175274163539105e-18
0,1,0.9994562134587761
-1,0,8.864843380473486e-39
0,0,4.6781568514475466e-43
0,0,5.641486308319674e-29
0,0,8.895804598284825e-14
-1,0,1.0832400871077055e-70
-1,0,3.5406320107568845e-51
0,0,1.8241191799559045e-07
0,0,5.011019100122001e-44
0,0,2.8998845448087845e-22
-1,0,4.419283023587467e-78
0,0,2.72883898486737e-05
-1,0,4.2272390293857294e-38
0,0,5.0326160462808525e-22
-1,0,2.712781892743208e-21
0,0,3.5931022978364907e-22
-1,0,1.718975193417544e-33
0,1,0.9426474162673102
-1,0,6.615557878653684e-33
-1,1,0.9999999999995175
0,0,7.875959344567797e-17
0,0,5.650679598150451e-35
0,0,2.5826991605843896e-09
0,0,5.062516872573175e-06
0,0,1.171291669718219e-30
-1,0,2.4259165318937102e-23
-1,0,5.0655006520026066e-46
0,0,1.8241191799559045e-07
-1,0,4.738670879511787e-45
-1,0,3.0304034428262135e-53
-1,0,2.2916742825158857e-58
0,1,0.999999999999946
0,0,1.9368262475632567e-21
0,0,6.721777040489881e-16
-1,0,1.4658741100727708e-29
0,0,6.293204517319474e-18
0,0,2.0531509978499514e-29
0,0,4.5308869954397336e-11
0,1,0.9999939714632199
0,0,1.689740845677521e-53
0,0,1.0957190824788641e-29
-1,0,3.786386353759154e-46
0,0,3.242796765996822e-20
0,0,5.231350308706998e-41
-1,0,2.0564967849631063e-35
0,0,1.8241191799559045e-07
-1,0,5.307655350413329e-49
0,1,0.9999999999999105
0,0,1.3165137215302193e-09
0,1,0.9959089985382366
0,0,2.8951666204187995e-16
0,0,2.7194156625397087e-30
-1,0,3.231510441540973e-45
0,0,3.590178235642883e-19
-1,0,7.434074866363372e-49
-1,0,9.326512292138036e-57
-1,0,3.798736896746676e-58
0,0,1.9658702047102188e-38
-1,0,7.472195782440466e-30
0,0,1.9384037181049167e-24
-1,0,5.990056397712162e-43
0,1,0.999999999996922
0,0,2.1596862529303361e-16
-1,0,4.7668493898325065e-29
-1,0,1.042088776826831e-51
-1,0,1.1464307003853933e-72
0,0,6.293204517319474e-18
-1,0,6.687484537200293e-35
-1,0,1.3791320475042525e-49
0,0,8.836021792608121e-27
0,0,3.1974792610078003e-06
-1,0,8.38304032356608e-40
-1,0,5.006941138993312e-41
0,0,1.75369918429827e-31
0,0,2.4219697227718518e-17
-1,0,2.3034256738551888e-39
-1,0,7.10068364033461e-49
0,0,1.1665334419623471e-15
0,0,7.935698323405924e-07
-1,0,1.0482855586037235e-35
-1,0,4.408502580329785e-69
-1,0,1.9997799523163302e-53
0,0,2.7194156625397087e-30
0,0,9.374337367722121e-38
0,0,4.715579955638108e-27
-1,0,5.655281859513757e-38
-1,0,1.0992931302294082e-41
0,0,2.19118767032315e-24
-1,0,4.495741408909597e-58
-1,0,6.26109846332325e-37
-1,0,5.82485457063504e-61
0,0,1.998152533871363e-50
0,0,3.802705266256765e-24
0,0,1.0440270279832206e-20
0,0,1.3933123116193668e-11
-1,0,7.325514627862947e-78
0,0,1.3910261329170488e-05
0,0,7.108101405035189e-15
0,1,0.9997227345096903
-1,0,2.4298697726823984e-29
0,0,6.705375374063721e-07
0,0,2.6967456922444562e-37
-1,0,2.5522549449936187e-41
-1,0,3.580596759789287e-47
-1,0,2.5068074378748294e-58
0,1,0.9999999999881541
-1,0,3.6048223813783205e-34
0,1,0.9994306961340124
0,0,4.284633890939777e-12
0,0,2.0844186339784976e-09
-1,0,8.299631491980926e-41
0,0,3.043464151374046e-31
0,0,1.8439519744864257e-09
0,0,2.048142520747752e-20
-1,0,9.374337367722121e-38
0,0,5.911175823617494e-32
0,1,0.9999939714632199
0,0,3.6018887813952376e-31
-1,0,6.497755926942551e-50
0,0,0.03678605105793915
-1,0,1.1454977365032645e-69
0,0,1.2978213232575506e-32
0,1,0.9998805588889411
0,0,5.956016689069616e-22
-1,0,7.478281598730571e-33
0,0,0.2238077031810385
-1,0,1.4444678630465088e-58
0,0,6.945911147109005e-51
0,0,2.1495505226093582e-29
0,0,2.5842082927809394e-49
0,0,1.4682628787079896e-35
-1,0,7.496568803732968e-42
-1,0,3.3392634511217903e-80
0,0,8.412318803314048e-15
0,1,0.9999999999998517
0,0,3.3694923073180935e-30
0,0,0.03126115450602272
0,0,9.366708543598662e-35
-1,0,1.1722456417676111e-33
0,0,1.733425616638832e-26
0,0,1.2439480750013903e-07
0,0,6.69293123633942e-38
0,0,2.567431931143798e-25
0,0,9.888931632263629e-28
0,0,1.1049301545955912e-22
-1,0,3.7250232805012373e-69
0,1,0.9932368483549618
0,0,1.6405492422101055e-30
-1,0,2.156561987804129e-41
-1,0,5.244142923463623e-50
0,0,5.494837560636756e-53
-1,0,6.573751512305377e-55
0,0,9.913113781281077e-37
0,1,0.8762257613636502
-1,0,1.648582569609714e-48
-1,0,5.031458780040253e-59
0,0,7.508785110922695e-48
0,0,1.834544684415435e-28
-1,0,1.6966332085562339e-68
-1,0,1.3839487832187658e-24
0,0,6.990084296260538e-29
-1,0,1.0823585476683216e-67
0,1,0.9987383846518522
0,1,0.9905529069063999
0,0,1.2365948176319885e-23
0,0,8.821646157274373e-21
-1,0,1.8330517342265654e-25
0,0,3.22951900331595e-05
0,0,5.273198706244127e-25
0,0,1.1124058959796477e-09
-1,0,9.68691969802016e-73
0,0,7.516629200866322e-14
0,0,0.00014707774493512014
-1,0,5.011019100122001e-44
0,0,1.8330517342265654e-25
-1,0,2.4358117161724606e-38
0,0,5.330530766479859e-27
0,0,6.335381719604879e-05
-1,0,9.838481250097315e-47
0,0,3.2322536041989854e-08
-1,0,4.786293114511911e-44
0,0,3.7965185110096325e-18
0,0,8.807293910168616e-15
-1,0,1.238609955831449e-29
0,0,1.9431438426512584e-33
-1,0,6.329171315161075e-39
0,0,6.5523787763543315e-43
0,0,2.2940682915239396e-24
0,0,2.297806674202361e-30
0,0,1.309797262584376e-28
0,0,2.3077099172696056e-08
0,0,4.755221089700783e-20
0,0,0.000669543714908849
0,0,1.9384037181049167e-24
0,0,9.430081872665136e-22
-1,0,1.3862040474487271e-30
0,0,1.7320149570218684e-23
-1,0,2.5258235217116905e-48
0,1,0.7830138077937304
-1,0,4.941864572701103e-76
0,0,4.959124454107521e-51
-1,0,2.8100931420778514e-65
0,0,3.70989083345765e-54
0,0,1.9562907761327744e-20
0,0,2.8904563709508646e-10
0,0,7.5105121767817e-11
-1,0,1.1504347068971367e-47
0,0,7.508785110922695e-48
-1,0,7.415940109697541e-40
-1,0,1.7404961673706858e-41
0,0,7.856746033196594e-08
0,0,5.627724410131389e-20
-1,0,9.870572688809359e-59
0,1,0.9982338331721738
0,0,5.9963139041497264e-09
-1,0,5.303335987071985e-46
0,0,5.627724410131389e-20
0,0,3.423592755874988e-13
0,0,8.843218392768287e-30
0,0,6.2983300905356005e-21
0,1,0.996541059690446
-1,0,2.2716372669978404e-71
0,1,0.9996116960617352
0,0,2.0670422183575884e-16
0,0,1.309797262584376e-28
0,0,2.565342558222492e-22
0,0,2.2495524236767072e-35
0,0,5.96086763575867e-25
-1,0,2.5068074378748294e-58
0,0,0.016183188969680833
-1,0,5.3522737174611924e-42
-1,0,5.664497630388201e-44
-1,0,5.980310963802781e-37
0,0,1.9384037181049167e-24
-1,0,1.2152847161294544e-80
-1,0,1.9085426583946145e-50
-1,0,3.7280571688013246e-72
-1,0,1.9069894887462566e-47
0,0,2.2940682915239396e-24
0,0,5.308876143523601e-12
0,0,3.617412516379185e-09
0,0,2.7216305220830375e-33
0,0,4.5308869954397336e-11
0,0,4.2385508818428615e-10
0,0,0.026543175832596553
0,0,8.821646157274373e-21
0,0,8.475414395904684e-05
0,0,7.05458687756448e-25
0,0,1.7451536373732212e-13
0,0,1.1636864344359053e-06
0,0,3.4089007651225375e-35
0,0,9.880884031966044e-25
0,1,0.9999999999996556
0,0,2.1342284028128434e-48
0,0,3.7349912336136984e-41
0,0,9.328657446911647e-20
0,0,6.186176952312685e-38
0,0,4.26277496571918e-31
-1,0,6.620945996293836e-36
0,0,3.5631489797462305e-29
0,0,7.497730858498214e-05
0,0,3.802705266256765e-24
0,0,9.250890597904618e-27
0,0,4.024535385681687e-26
0,0,3.95609072900041e-46
-1,0,1.823700050550139e-44
0,0,2.1623328265769424e-13
-1,0,4.034376885050959e-35
-1,0,1.9316572412617303e-49
0,0,9.336255279878986e-23
0,1,0.6084988841346733
0,0,1.1722456417676111e-33
-1,0,1.4548380322424268e-39
0,0,3.77407596514832e-34
0,0,3.1974792610078003e-06
0,0,2.88039634311617e-35
0,0,2.569523005779067e-28
0,0,4.998795169954212e-35
0,0,1.7390797537483555e-38
0,0,2.2922013815935168e-21
-1,0,5.3609957103631824e-48
0,0,1.3063016726663136e-56
0,0,8.730288252734372e-28
-1,0,2.0182333734049832e-49
0,0,2.4358117161724606e-38
0,0,1.4536540868561307e-36
0,0,1.730605445398026e-20
0,0,7.131286812904309e-27
-1,0,4.959124454107521e-51
-1,0,4.0137946964766426e-54
-1,0,1.7970684499811737e-73
0,0,3.423592755874988e-13
0,1,0.9990989279903378
0,0,2.6945510839447863e-34
0,0,4.4967754568839054e-21
0,0,1.6392141652714866e-27
-1,0,1.7376644928016494e-35
0,0,3.8058024235489005e-27
-1,0,1.7039455127650956e-46
-1,0,3.345474372292546e-49
0,0,4.26277496571918e-31
-1,0,2.8827423152369464e-38
0,0,1.4658741100727708e-29
-1,0,4.665671775785643e-71
0,0,2.4174733012327844e-48
-1,0,6.90485144227261e-67
-1,0,3.607758370665844e-37
0,0,1.4682628787079896e-35
0,1,0.999999999999946
0,0,3.1974792610078003e-06
0,0,2.3152373247171415e-20
0,0,3.4291717963536734e-19
-1,0,1.1732003907905576e-36
-1,0,4.280162597680134e-46
0,0,6.313731871281273e-30
0,0,0.0225206881308616
0,0,6.995777451273967e-32
0,0,1.2988783488468895e-35
0,1,0.999999999996922
0,0,2.4017793626045652e-24
0,0,0.016183188969680833
0,0,1.0474324651162831e-32
-1,0,1.2312881001214309e-45
0,0,7.478281598730571e-33
-1,0,1.7122892746120097e-64
0,0,4.2203615851941506e-32
0,0,0.00014707774493512014
-1,0,2.1583184246612324e-44
-1,0,9.343859300989404e-26
0,0,1.8315599989987084e-22
-1,0,3.3832362869102754e-45
0,0,0.0009375332382084733
0,1,0.9992385207630187
-1,0,4.2375762152357626e-47
0,0,2.8032381727298186e-56
0,0,2.7216305220830375e-33
-1,0,1.9116527937124721e-56
0,0,4.500437907671498e-24
0,0,1.8315599989987084e-22
0,1,0.9990989279903378
-1,0,5.307655350413329e-49
0,0,1.1040309638061715e-19
0,1,0.9999999999963571
-1,0,6.324020643394645e-36
0,0,4.2593059247390175e-28
0,0,0.0001740593472809313
0,0,6.732730757495317e-22
0,0,7.370770739111957e-25
-1,0,7.727640950443674e-68
-1,0,2.2860839493247897e-49
0,0,8.213679626757244e-48
0,0,1.5151013107752998e-27
0,0,1.1076321234882641e-31
0,0,2.1588143850292793e-07
0,0,3.181176846452595e-25
0,0,0.025383025976288068
-1,0,5.949801199470532e-56
0,0,2.59112348905098e-21
0,0,5.0707923525835785e-12
0,0,2.753461804604735e-38
0,0,9.880884031966044e-25
0,0,1.4694587223937558e-38
0,0,0.06969986277062833
-1,0,8.326703466667432e-53
-1,0,1.537200742448939e-35
0,0,3.1974792610078003e-06
-1,0,3.815109038738394e-36
0,0,1.3087313511965429e-25
-1,0,1.803344864049101e-48
0,0,8.328618659306361e-16
0,0,3.825317909950347e-08
0,0,1.6182809849509868e-25
0,0,3.989347279504795e-39
0,1,0.9997657107404381
-1,0,1.470655540048266e-41
0,0,6.308593764115123e-27
-1,0,1.2396187560376748e-32
0,0,5.632307975376277e-23
-1,0,1.1672150720246813e-55
-1,0,4.404914946397497e-66
0,0,1.935250060765139e-18
-1,0,7.5026744709122e-45
-1,0,4.7746173831635154e-35
0,0,1.0482855586037235e-35
0,0,8.873316656119891e-05
0,0,2.8897917020501907e-47
0,1,0.9979104483238262
0,0,0.0009375332382084733
0,0,9.939640618272312e-09
0,0,1.849966633033214e-21
0,0,4.4967754568839054e-21
-1,0,6.698382371605761e-41
0,0,9.905046501580615e-34
0,0,1.3794492562940689e-12
0,0,5.673728419158291e-50
0,0,1.280205138165953e-27
0,0,7.071837989966978e-34
0,0,4.0040034055041814e-45
0,0,3.2053085466773564e-15
-1,0,5.303335987071985e-46
0,0,1.7974817866973002e-36
0,0,8.879289409418316e-45
0,0,2.8222043372415925e-43
-1,0,1.213307526584722e-74
0,1,0.9985072449447319
-1,0,1.4595834644245115e-51
-1,0,1.0312967947751317e-58
0,1,0.9993565019537479
-1,0,8.790943042663647e-46
0,1,0.9998805588889411
0,1,0.9920058436002613
-1,0,4.5041033413845324e-27
-1,0,1.1624734049434722e-40
0,0,1.733425616638832e-26
-1,0,1.1551272687704303e-62
-1,0,2.655202393814093e-63
0,0,1.9499303994023235e-08
-1,0,2.7099509289432115e-55
0,0,2.8951666204187995e-16
-1,0,9.3819724052295e-41
0,0,1.6338847135184283e-15
-1,0,3.808902103356619e-30
0,0,2.589014835969232e-18
-1,0,4.0137946964766426e-54
0,0,2.3133531874537935e-17
-1,0,1.1001884622354663e-44
0,0,0.09110076525752382
0,0,6.649481551905007e-14
0,0,2.7105742342034227e-18
-1,0,4.000744952498749e-42
-1,0,5.334872278923794e-30
0,0,1.8300694777430902e-19
0,0,4.500437907671498e-24
0,0,8.348985257541485e-25
-1,0,1.1187634973733985e-30
0,0,1.3839487832187658e-24
0,1,0.999540481540717
0,0,0.001837569110905776
-1,0,8.676684781620711e-81
0,0,8.671617772694442e-41
-1,0,7.727640950443674e-68
0,0,5.040817129362813e-28
0,1,0.9998805588889411
-1,0,2.40569326978843e-30
0,0,2.9140844977087644e-40
-1,0,6.334326181951797e-42
-1,0,2.6709915570542244e-47
0,1,0.9970757539106617
0,0,3.5960287415663755e-25
0,0,1.3884629868267925e-36
0,1,0.996541059690446
0,0,0.00028849212691758126
0,0,4.806921516166159e-22
-1,0,3.218382829457698e-30
0,0,2.887439993147128e-44
-1,0,2.560579962957432e-53
0,0,0.0001740593472809313
0,1,0.9998586465460247
0,1,0.9999997093994294
-1,0,1.3670737500192242e-62
0,0,1.8300694777430902e-19
0,0,1.2469901500000268e-16
0,0,1.834544684415435e-28
0,0,1.2396187560376748e-32
0,0,1.2365948176319885e-23
0,0,1.5657013704574054e-27
0,0,1.5513856094215994e-31
0,0,1.3034147915383434e-10
0,0,9.343859300989404e-26
-1,0,4.000744952498749e-42
-1,0,7.880561433514291e-57
0,0,0.0013126465350361259
0,0,5.951169690075005e-19
0,0,1.476993905135692e-19
0,0,1.0072278383321994e-19
-1,0,1.287521741221426e-48
0,0,5.321858338068995e-21
-1,0,8.808822875962407e-61
-1,0,7.740233809680226e-74
0,1,0.9996116960617352
0,0,4.75135129667565e-17
-1,0,1.6044214196673297e-69
0,0,3.787257231396363e-09
0,0,7.948636537916661e-13
-1,0,1.438269080071747e-80
-1,0,1.8192512983862577e-35
-1,0,2.8291056859796304e-52
0,0,2.1147143981712076e-52
0,1,0.7830138077937304
0,0,2.565342558222492e-22
-1,0,4.000744952498749e-42
-1,0,1.1112450295357047e-43
-1,0,3.619526259804063e-49
-1,0,6.682042270578171e-32
0,0,1.6432226590795316e-36
-1,0,1.517221329221678e-70
-1,0,8.939364955379752e-32
0,0,7.409905026833893e-37
0,1,0.9989337726694621
0,1,0.9999999963601642
-1,0,2.299678149428189e-33
-1,0,2.8610391087083443e-48
0,0,6.978711881711045e-23
-1,0,3.3121878679074757e-50
-1,0,3.5521809452199655e-63
0,0,0.0010596658060126084
0,0,4.000744952498749e-42
0,0,1.3055388188342253e-16
0,0,0.4839107504998532
-1,0,5.0655006520026066e-46
0,0,2.1947584001318925e-30
0,1,0.9998805588889411
0,0,4.229918028516321e-10
-1,0,2.8680354230367197e-57
0,0,8.895804598284825e-14
0,0,3.799610629427391e-21
-1,0,2.5460289487252314e-32
0,0,0.009389440805951459
0,0,5.326192787153291e-24
0,0,2.4443189953032195e-13
-1,0,7.721352205822523e-65
0,0,1.8454538059016127e-12
0,0,5.636895273758859e-26
-1,0,2.701140272571971e-43
-1,0,5.990056397712162e-43
0,0,9.30590102566265e-11
0,1,0.999999999996922
0,0,1.0879087338182883e-48
-1,0,5.239875246456633e-47
0,1,0.6478195940673581
-1,0,3.0304034428262135e-53
0,0,4.0212602237762793e-23
0,1,0.9999999999993241
0,0,8.355785185161845e-28
0,0,2.565342558222492e-22
-1,0,4.4156866165438274e-75
0,0,1.9289544092547216e-06
0,0,4.2593059247390175e-28
0,0,0.0009375332382084733
-1,0,2.8610391087083443e-48
0,0,3.0665511937142283e-21
0,0,2.561168911983429e-16
-1,0,1.3802552975535198e-52
0,0,0.4307665635623314
0,1,0.9999999999997922
0,0,3.026169049027137e-10
0,0,3.777149804974997e-37
0,0,6.638662835248885e-08
-1,0,5.673728419158291e-50
-1,0,1.600507577991244e-60
0,0,3.337313388610796e-40
0,0,4.2350997625793924e-07
-1,0,1.050849010201309e-44
0,0,3.0583671749029367e-49
0,1,0.9949359965058682
0,0,0.011607933220961063
-1,0,7.696248363431895e-53
0,0,2.7083683722534117e-15
0,0,1.2272849072118267e-33
0,0,1.6736889973060526e-28
0,0,1.1040309638061715e-19
0,0,1.4611082255951764e-17
0,0,3.590178235642883e-19
-1,0,3.7795435488217456e-09
-1,0,4.3977484349933293e-60
0,0,1.4587310970960578e-11
0,0,2.567431931143798e-25
0,0,4.500437907671498e-24
-1,0,2.7327319079719024e-48
0,0,3.038512632260806e-25
0,1,0.9999999999361455
0,0,8.807293910168616e-15
0,0,1.4794007944386367e-25
0,0,3.812004307734413e-33
0,0,5.01011427394318e-13
-1,0,2.30155114889863e-36
0,0,1.394447110968193e-14
0,0,3.7903418211983894e-12
0,0,1.1031325047771163e-16
0,0,6.654897299073648e-17
0,0,7.516629200866322e-14
-1,0,7.060332567451291e-28
-1,0,3.9263066398420673e-56
0,1,0.6852339549890726
0,0,4.0179877271934834e-20
-1,0,3.537750648817801e-48
0,0,4.26277496571918e-31
-1,0,1.612648672606137e-50
-1,0,7.05458687756448e-25
-1,0,5.924560888225786e-10
0,0,2.8593682378088187e-08
0,0,1.8285801694718732e-16
0,0,3.7410777248412105e-47
0,0,1.0474324651162831e-32
-1,0,2.8383337435854758e-64
0,0,1.3119316904986356e-34
-1,0,2.0182333734049832e-49
0,0,3.614455619298259e-06
0,0,1.7147819081187295e-24
-1,0,6.2968817692807146e-58
0,0,2.577904349196013e-40
0,0,2.297806674202361e-30
0,0,1.7362503835925713e-32
-1,0,4.269721526182412e-37
0,1,0.9645951737984841
0,0,4.998795169954212e-35
0,0,3.614455619298259e-06
0,0,1.3772030849828618e-06
-1,0,1.5539137264402565e-37
-1,0,3.0014628496616245e-63
0,0,5.946326635562243e-16
0,0,6.69293123633942e-38
-1,0,4.216927060170485e-29
0,0,3.3978176665600345e-23
0,0,2.1947584001318925e-30
0,0,4.0749211745752464e-34
-1,0,5.61270512640593e-48
0,0,4.4931159865943484e-18
-1,0,2.5068074378748294e-58
-1,0,2.0376935079781657e-39
0,0,3.056581140809558e-09
0,0,0.40099927641806093
0,0,1.3055388188342253e-16
-1,0,2.8192591840259252e-77
0,1,0.9920058436002613
0,0,1.1013377794972062e-10
0,0,5.951169690075005e-19
-1,0,3.798736896746676e-58
0,0,4.2272390293857294e-38
-1,0,2.17292118753352e-31
0,1,0.9998805588889411
0,0,1.932101534217952e-12
0,0,4.26277496571918e-31
0,0,7.829401800259734e-33
-1,0,4.786293114511911e-44
0,0,6.69293123633942e-38
0,1,0.9996116960617352
-1,0,2.571615783514225e-31
0,0,2.065360061963513e-13
-1,0,1.024366132663966e-71
0,0,0.0005657986584485379
0,0,1.0870233950399864e-45
0,0,1.6156481465704557e-19
0,0,1.7320149570218684e-23
-1,0,6.189791665813323e-78
0,0,3.056581140809558e-09
-1,0,1.517221329221678e-70
0,1,0.9996116960617352
-1,0,1.0474324651162831e-32
-1,0,7.478281598730571e-33
0,1,0.999999999998431
-1,0,3.147508295036134e-69
0,0,2.180505544568892e-06
0,0,7.04148993581206e-56
-1,0,2.380232186844663e-74
0,0,2.6901672238004486e-28
0,0,2.176462150528882e-37
-1,0,3.610696751203857e-40
-1,0,7.440129634632307e-52
0,0,8.800126545230532e-12
0,0,7.81030267911309e-24
-1,0,2.701140272571971e-43
-1,0,1.9285145600029494e-43
-1,0,2.4318488082263972e-32
-1,0,1.2322909369575776e-48
0,0,5.1919652150157487e-51
0,0,5.012169152926518e-07
0,0,3.0409873840223374e-28
-1,0,1.3791320475042525e-49
0,0,9.343859300989404e-26
-1,0,3.3832362869102754e-45
-1,0,1.6432226590795316e-36
-1,0,9.281065416670235e-39
0,0,2.051480146114337e-26
0,0,2.0464757449046067e-17
0,0,3.4749317344838744e-30
-1,0,8.641436821249569e-66
-1,0,1.3873330573701548e-33
0,0,1.238609955831449e-29
-1,0,5.347918043748007e-39
0,0,3.2053085466773564e-15
0,0,1.1646355662276748e-09
-1,0,2.7033402475125777e-46
-1,0,1.6924944245190231e-59
0,0,2.8593682378088187e-08
0,0,4.0049241903411934e-08
0,0,1.7277898623931465e-14
0,0,3.0409873840223374e-28
-1,0,8.821646157274373e-21
-1,0,1.2245035957683518e-70
0,0,2.1588143850292793e-07
-1,0,4.034376885050959e-35
0,0,8.800126545230532e-12
0,0,3.0846912867959524e-05
0,0,1.6034844699153026e-29
-1,0,8.798102927914407e-49
0,1,0.9987383846518522
0,0,1.3921784164260268e-08
-1,0,1.3813794624468024e-55
-1,0,1.238609955831449e-29
-1,0,2.0393531310268578e-42
0,1,0.9999999999973992
-1,0,7.440129634632307e-52
0,0,1.5334508795659138e-26
0,0,3.0484237394158803e-37
-1,0,5.530742458809897e-77
-1,0,8.213679626757244e-48
0,0,7.429733461366722e-09
0,0,5.1384585875214587e-23
0,0,2.7311359730587322e-08
0,0,6.308593764115123e-27
0,0,5.665797289302094e-07
0,0,1.3154406156419533e-06
0,0,3.4180216238487823e-07
0,0,7.108101405035189e-15
0,0,5.545542415039804e-49
-1,0,9.846494314958708e-50
0,0,9.391764509122866e-07
-1,0,2.02646563980194e-64
-1,0,1.7956059979053687e-70
-1,0,1.6966332085562339e-68
-1,0,5.883392629144921e-60
0,0,2.8130287199420053e-31
0,0,0.013708596884222312
0,0,1.042328463608328e-14
0,0,7.856746033196594e-08
-1,0,1.2396187560376748e-32
-1,0,2.854059861259195e-39
0,0,2.4259165318937102e-23
0,0,9.422407683732956e-19
0,0,7.429733461366722e-09
-1,0,2.5129375228298722e-67
-1,0,1.7273925515591176e-51
0,0,1.3186590962312202e-15
0,0,3.0590706180177383e-12
0,0,3.578504482923117e-07
0,0,3.6292119088134575e-21
0,0,5.89675604212521e-23
0,0,1.1013377794972062e-10
-1,0,1.8077547190115675e-57
-1,0,4.175694637116057e-76
-1,0,2.2605678754882195e-53
0,0,1.1684344090910377e-21
0,0,7.522751206468562e-17
0,0,3.802705266256765e-24
-1,0,1.9003523469032475e-72
0,0,8.432890079812698e-24
-1,0,1.0338187024694834e-67
-1,0,3.6048223813783205e-34
-1,0,1.0491393469030375e-38
0,0,1.6113363011164585e-47
0,0,1.394447110968193e-14
0,0,5.3753414338266377e-20
-1,0,5.650679598150451e-35
0,0,0.000669543714908849
-1,0,1.6472409551592448e-45
-1,0,1.6980150510987818e-71
0,0,4.4167022514272784e-38
-1,0,3.223627462613011e-36
0,0,9.7128413511435e-45
0,1,0.9999999999939615
0,1,0.9990989279903378
0,0,9.94773617232932e-12
0,1,0.9999860035146343
-1,0,5.965722533357284e-28
0,0,2.17292118753352e-31
-1,0,8.376218215747831e-37
0,0,1.3989955583210893e-26
0,0,1.2355884783030694e-20
0,1,0.9979104483238262
-1,0,6.206355200710775e-50
-1,0,1.0385131470534105e-08
0,0,5.3609957103631824e-48
0,0,1.3197330933858103e-18
0,0,1.1076321234882641e-31
0,1,0.6084988841346733
-1,0,2.297806674202361e-30
-1,0,1.5501230937367589e-28
0,0,1.3828225274154256e-21
-1,0,2.8563843833277154e-42
0,0,3.590178235642883e-19
0,0,1.845029437868835e-49
-1,0,5.294707802806309e-40
0,0,1.6325550601623422e-12
0,0,4.5041033413845324e-27
-1,0,9.397261140642795e-47
-1,0,3.0254731726400924e-47
-1,0,1.1067307338399106e-28
-1,0,1.636170940655352e-58
-1,0,3.783304997240585e-43
-1,0,4.7541276113221883e-57
0,0,4.4894594943768996e-15
0,1,0.9999999999995175
0,0,8.792964935923594e-09
0,0,6.240742232338611e-25
-1,0,1.2322909369575776e-48
-1,0,1.2809531889947632e-67
0,0,4.0179877271934834e-20
0,0,0.007035147419301393
0,0,8.843218392768287e-30
-1,0,2.2398987043925022e-57
0,0,4.719420614280746e-30
0,1,0.9989337726694621
-1,0,9.80649414782779e-35
-1,0,2.0498106541157928e-23
0,0,1.4694587223937558e-38
0,1,0.5677175264052801
-1,0,2.5278807078965357e-51
0,0,1.464681183540055e-26
-1,0,6.5455409442495484e-77
0,0,1.8300694777430902e-19
-1,0,7.10068364033461e-49
-1,0,1.5422148276679635e-47
0,0,8.398632434772676e-09
0,0,9.880884031966044e-25
0,0,7.00717767564494e-38
0,0,1.1753686901971918e-05
-1,0,2.712158079824741e-58
0,1,0.999999999998431
0,0,5.675033411334533e-13
0,0,2.4259165318937102e-23
0,0,7.472195782440466e-30
0,0,0.000669543714908849
0,0,1.1067307338399106e-28
0,1,0.999999999998431
0,0,2.7585823928300673e-07
0,0,6.644070211624141e-11
-1,0,1.2896198692471762e-54
0,1,0.9970757539106617
-1,0,3.592276052410511e-59
0,0,2.0636792740812146e-10
0,0,4.0212602237762793e-23
0,0,0.0003414075220388876
0,1,0.999999999996922
0,0,9.321065797051221e-17
-1,0,3.5550740600809275e-66
0,0,4.266246832099989e-34
0,0,1.1577510002992263e-25
0,0,1.9483056267653263e-05
0,0,3.1974792610078003e-06
-1,0,5.225891055462544e-75
0,0,0.002571865734129096
-1,0,5.601273469339019e-48
0,0,3.4005850584630104e-26
0,0,0.1104725811709537
-1,0,1.2185367497830813e-52
0,0,0.013708596884222312
-1,0,2.4298697726823984e-29
0,0,3.587256553047487e-16
-1,0,6.618228237064286e-42
0,0,6.928967221907674e-42
-1,0,1.0429375180855304e-54
0,0,8.748105926152123e-28
-1,0,1.6268730679124004e-37
-1,0,7.42198010790424e-43
0,0,3.802705266256765e-24
-1,0,2.0564967849631063e-35
0,0,4.839444189232376e-09
0,0,7.592169091964375e-13
0,0,1.4745909316856036e-13
0,0,9.343859300989404e-26
0,0,1.60609748653281e-35
0,0,1.1058300777413428e-25
0,0,6.0011977073207086e-12
0,0,4.213495330158964e-26
-1,0,8.272647534337216e-29
0,0,8.814467112572634e-18
-1,0,7.854939966327717e-45
0,1,0.9975279983946974
0,0,1.3186590962312202e-15
0,0,2.7194156625397087e-30
0,0,2.1605731223381834e-10
-1,0,1.9019001108546558e-75
0,0,0.0007922964240672709
0,0,3.2375209456260595e-14
0,0,1.055378054900774e-22
-1,0,4.2523763097849655e-22
0,0,6.31887416323833e-33
0,0,9.888931632263629e-28
0,0,4.4967754568839054e-21
0,0,2.4259165318937102e-23
0,1,0.999540481540717
-1,0,3.6018887813952376e-31
0,0,2.2940682915239396e-24
-1,0,1.5274865537790655e-57
0,0,5.980310963802781e-37
0,0,2.6923582616145903e-31
0,1,0.9989337726694621
0,0,4.507771760452391e-30
0,0,5.0707923525835785e-12
0,0,1.0431774000827103e-17
-1,0,6.620945996293836e-36
0,0,8.910301081212357e-20
0,1,0.9975279983946974
0,0,4.0212602237762793e-23
0,1,0.9999999999996556
0,0,5.62314457498621e-17
0,0,2.311470583498895e-14
-1,0,2.5522549449936187e-41
-1,0,6.974243148594109e-66
0,0,3.831551742877566e-14
0,0,2.3077099172696056e-08
0,0,2.1693859854557384e-25
0,0,4.2203615851941506e-32
0,0,7.466114918780165e-27
0,1,0.9975279983946974
0,0,5.3578647099187223e-08
0,0,3.95609072900041e-46
-1,0,2.0360352355286525e-36
-1,0,2.8850901980618946e-41
-1,0,4.975300267674349e-63
-1,0,1.3862040474487271e-30
0,0,3.614455619298259e-06
-1,0,8.676684781620711e-81
0,0,1.392991914992902e-48
0,0,3.8284336306748464e-11
0,0,1.1753686901971918e-05
0,0,4.0278132150805935e-29
0,0,3.1974792610078003e-06
0,0,1.3805727646996069e-15
0,0,1.3154406156419533e-06
0,0,2.537751239362022e-20
0,0,3.1889560176929733e-34
0,0,3.617412516379185e-09
-1,0,1.6275297523915583e-46
0,0,1.9253769916830642e-37
0,0,3.210531874158143e-21
0,0,1.5425695462569408e-10
0,0,2.5570020553427884e-10
-1,0,2.156561987804129e-41
0,0,4.7436211555359496e-11
-1,0,1.9384037181049167e-24
0,0,7.113890680447932e-18
-1,0,3.0230110463245424e-44
0,0,3.815109038738394e-36
0,0,0.001755305469763975
-1,0,4.000744952498749e-42
0,1,0.9999999999997922
0,1,0.9999999881636844
0,0,5.965722533357284e-28
-1,0,3.7471741345326087e-53
0,0,1.8241191799559045e-07
-1,0,3.7250232805012373e-69
0,0,4.0179877271934834e-20
-1,0,3.5521809452199655e-63
-1,0,1.8077547190115675e-57
-1,0,1.2396187560376748e-32
0,0,6.31887416323833e-33
0,1,0.9999999999997089
0,0,1.535319295279823e-38
0,0,5.401663031808401e-38
0,0,5.670415072970668e-10
0,0,3.043464151374046e-31
0,0,3.395052526757133e-20
0,0,2.3133531874537935e-17
-1,0,3.5660510276497356e-32
0,0,3.031100454121295e-16
0,0,1.3154406156419533e-06
0,0,2.7172026054463096e-27
0,0,5.326192787153291e-24
-1,0,6.241825639057942e-71
-1,0,1.840528654583933e-40
-1,0,2.4076526144999838e-33
-1,0,4.266246832099989e-34
0,1,0.9888388702745163
0,0,7.447902003289706e-18
0,0,5.684281369074064e-19
-1,0,2.0410141057747686e-45
0,0,1.9023375594928692e-38
0,0,3.155930850478959e-41
-1,0,1.5135202043193535e-61
0,0,3.434759928360063e-25
-1,0,1.3757677789784075e-40
0,0,9.888931632263629e-28
0,0,7.854939966327717e-45
0,0,4.26277496571918e-31
0,0,4.173256115661134e-36
0,0,1.7437334332038353e-10
0,0,3.218382829457698e-30
-1,0,9.671159706888816e-67
0,0,1.0440270279832206e-20
0,0,1.3794492562940689e-12
0,0,2.0636792740812146e-10
0,0,0.00045668889231978215
-1,0,5.954647083882141e-59
0,0,2.1504181849323782e-38
0,0,2.1858424651799486e-15
0,0,1.0966115035603886e-32
-1,0,6.573751512305377e-55
0,0,5.96086763575867e-25
0,0,3.1974792610078003e-06
0,0,5.330530766479859e-27
0,0,1.5413139677462272e-07
-1,0,8.206995344464125e-45
-1,0,7.387095962539289e-71
-1,0,6.15962962000289e-60
0,0,1.1674835386181039e-18
-1,0,1.1541872276317357e-59
0,0,5.343565914676839e-36
0,0,7.060332567451291e-28
0,0,1.2376019765855888e-26
-1,0,2.836023911105311e-61
0,0,8.376218215747831e-37
-1,0,3.0279373042628576e-50
0,0,2.0182333734049832e-49
0,0,2.1588143850292793e-07
0,0,4.7746173831635154e-35
0,1,0.9999999999998244
0,0,2.3988397198774943e-27
0,0,5.669111146007705e-47
0,0,5.066665722410725e-09
-1,0,2.655202393814093e-63
0,0,5.5990134373209084e-39
-1,0,1.7081122990104997e-55
0,0,4.266246832099989e-34
0,1,0.9999999999999105
-1,0,3.050906563393238e-40
-1,0,5.839098526045923e-70
0,0,4.431108776784878e-50
0,0,2.712781892743208e-21
-1,0,1.0491393469030375e-38
0,0,4.5308869954397336e-11
0,0,1.6462518977627758e-05
0,0,1.0510906014108175e-07
0,0,2.7172026054463096e-27
0,0,2.3057787916287177e-05
-1,0,1.0321367463792418e-61
0,0,7.914525794371943e-35
0,0,8.75876495592436e-40
0,0,2.695638734794689e-43
0,0,1.1049301545955912e-22
0,1,0.999999980379826
-1,0,5.949801199470532e-56
0,0,5.281791839576714e-31
0,0,1.0528035551061259e-13
0,0,9.437762311929394e-25
-1,0,3.613637524939786e-43
0,0,3.1974792610078003e-06
-1,0,7.792602726892727e-61
-1,0,1.6295241982730549e-43
-1,0,1.6192265806184505e-65
-1,0,9.30376110466694e-48
0,0,4.7436211555359496e-11
0,0,6.0011977073207086e-12
0,0,7.504399568690652e-08
0,0,3.045942935957553e-34
0,0,5.0696263076042e-49
0,0,1.730605445398026e-20
0,0,2.3077099172696056e-08
0,0,2.0431462613329723e-11
-1,0,4.526158721285427e-45
0,1,0.9905529069063999
-1,0,7.861337513045917e-48
-1,0,5.883392629144921e-60
0,0,1.3197330933858103e-18
0,1,0.9999999999995923
0,0,3.4089007651225375e-35
0,0,6.721777040489881e-16
0,0,8.836021792608121e-27
0,0,1.8424479774331652e-06
-1,0,1.4024166274844754e-35
0,0,1.1636864344359053e-06
-1,0,5.659887869242068e-41
-1,0,3.2288806423515285e-42
-1,0,5.873820730280801e-54
0,0,4.5271995604720655e-08
0,0,9.931453215038383e-06
0,0,6.346107821770395e-11
0,0,3.054084380743287e-06
0,0,3.1974792610078003e-06
0,0,8.814467112572634e-18
0,0,0.0015531210928189873
-1,0,5.970581385083449e-31
0,0,6.716306866666559e-13
0,0,3.793428908954019e-15
0,0,6.654897299073648e-17
-1,0,9.679036494783978e-70
0,0,2.4423298109405263e-10
0,0,5.583062476936023e-36
0,0,1.545083296976562e-16
0,0,1.0510906014108175e-07
-1,0,8.728280694880915e-65
-1,0,3.0279373042628576e-50
0,1,0.9996718776349768
0,0,1.1634201948551128e-43
-1,0,7.04148993581206e-56
0,0,3.1974792610078003e-06
0,0,2.3095895115515735e-11
0,0,1.1058300777413428e-25
0,0,1.4634892278094616e-23
-1,0,2.871031530594612e-23
0,1,0.9996718776349768
-1,0,8.233765155922897e-57
0,1,0.9564998108593655
0,0,9.888931632263629e-28
-1,0,5.3522737174611924e-42
-1,0,9.846494314958708e-50
0,0,1.3272756058282844e-39
0,0,1.5425695462569408e-10
0,0,1.8330517342265654e-25
0,0,8.910301081212357e-20
0,0,1.3921784164260268e-08
-1,0,1.040393365861044e-45
-1,0,7.946808723394632e-50
0,0,2.565342558222492e-22
0,0,1.0536610231400569e-16
-1,0,1.3755193584165845e-09
0,0,2.4403416510386304e-07
-1,0,4.477478014651607e-43
-1,0,1.8311388258880687e-59
0,0,3.3978176665600345e-23
0,0,8.355785185161845e-28
0,1,0.6852339549890726
0,0,2.171152866966102e-28
0,0,1.9711307625921e-10
-1,0,2.2624090211436402e-56
0,0,1.8018773042353115e-45
0,0,2.0343783125791728e-33
0,0,7.066082936981593e-31
0,0,3.031100454121295e-16
0,0,1.0448773478730175e-23
0,0,7.031650838329069e-13
0,0,2.180505544568892e-06
0,0,0.011607933220961063
0,0,4.014717893764462e-17
-1,1,0.9999999999996556
-1,0,2.063204724822749e-47
-1,0,5.044922681183829e-31
-1,0,1.3512697498721784e-57
-1,0,5.646081082101814e-32
-1,0,3.0230110463245424e-44
0,0,1.1693860540114773e-24
0,0,1.2355884783030694e-20
-1,0,3.531182763981078e-79
-1,0,1.5312218316471928e-66
0,0,1.1792164014500074e-17
-1,0,2.8291056859796304e-52
-1,0,6.303459838334123e-24
0,0,9.939640618272312e-09
0,0,7.066082936981593e-31
0,0,6.644070211624141e-11
0,0,1.7433324563983726e-47
0,0,2.1658565349228067e-19
0,0,7.5105121767817e-11
0,0,2.4688836752616387e-12
0,0,7.441840909876691e-15
0,0,7.11968467100295e-21
-1,0,1.8192512983862577e-35
0,0,1.6242262507692079e-31
0,0,5.650679598150451e-35
0,0,1.3154406156419533e-06
-1,0,1.894173876535436e-60
-1,0,6.339485247183406e-45
-1,0,1.4682628787079896e-35
-1,0,3.0063539929500583e-69
0,0,1.0975046514845704e-35
-1,0,3.0063539929500583e-69
0,0,3.8669082503085305e-10
0,0,0.006721767361545964
0,0,7.882374010761638e-20
0,1,0.9999999881636844
0,0,5.679655507945882e-16
0,0,1.1655841184927064e-12
-1,0,8.29813284306692e-10
-1,0,3.7795435488217456e-09
0,0,3.825317909950347e-08
-1,0,8.34027255008252e-59
0,0,1.8454538059016127e-12
0,0,2.336601699944385e-16
0,0,0.000385912718123985
-1,0,5.053143818991641e-37
-1,0,1.537200742448939e-35
-1,0,2.5842082927809394e-49
-1,0,1.5324689529805047e-69
0,0,2.8176127935196297e-37
0,0,5.012169152926518e-07
0,0,3.384014337398337e-08
-1,0,2.2823646387607427e-43
-1,0,1.213307526584722e-74
0,1,0.9999999999978024
0,0,1.4634892278094616e-23
0,0,8.678680472098775e-44
0,0,8.362590651061912e-31
-1,0,8.34027255008252e-59
0,0,1.7249788304040985e-08
0,0,9.391764509122866e-07
0,0,5.091475844439491e-27
0,1,0.9985072449447319
0,1,0.9999999999995923
0,0,9.313480325265302e-14
0,0,5.975444194157522e-34
-1,0,1.9348050437914374e-55
0,0,3.423592755874988e-13
0,0,1.244961377612252e-10
0,0,5.020339432303906e-13
0,0,5.313200019137595e-15
0,0,2.559528898678855e-59
-1,0,1.360412178305582e-44
0,0,1.8439519744864257e-09
0,0,7.345117293628129e-50
0,0,1.309797262584376e-28
-1,0,2.655202393814093e-63
0,1,0.9999999999899907
0,0,0.001483572592804717
0,0,7.339139846284359e-47
0,0,2.569523005779067e-28
0,0,5.894335547657069e-29
-1,0,2.3090584140709314e-48
0,0,0.03126115450602272
0,0,1.11512614710601e-18
-1,0,2.8100931420778514e-65
0,1,0.5677175264052801
0,1,0.9998805588889411
0,0,4.755221089700783e-20
0,0,1.1160343744958126e-21
0,0,0.3612910141493116
0,0,2.446309799184338e-16
0,1,0.9999999999995175
0,0,8.426027404324643e-21
0,0,2.871031530594612e-23
-1,0,2.4002414124556486e-67
0,0,1.4794007944386367e-25
0,0,6.303459838334123e-24
0,1,0.9426474162673102
0,0,6.738214307941951e-25
-1,0,4.673274891444642e-77
0,0,6.303459838334123e-24
-1,0,2.571615783514225e-31
0,0,3.0615621134779745e-15
0,0,8.814467112572634e-18
-1,0,4.165508405807483e-67
0,1,0.9999999999990534
0,0,2.7149913493360288e-24
-1,0,7.011618449995408e-10
-1,0,8.333485246625526e-56
0,0,1.3087313511965429e-25
-1,0,2.875710124768479e-29
0,0,2.171152866966102e-28
0,0,7.948636537916661e-13
0,1,0.7830138077937304
0,0,0.019095830652564257
-1,0,4.782398035111524e-41
0,0,1.5463417079406335e-19
-1,0,8.292877262166491e-38
0,0,3.221004078581996e-33
0,0,3.997489151218388e-39
-1,0,2.059848024325774e-41
0,0,1.1040309638061715e-19
0,0,8.355785185161845e-28
0,0,1.5992050869092823e-57
-1,0,7.721352205822523e-65
0,0,1.3772030849828618e-06
-1,0,3.2288806423515285e-42
0,0,1.7277898623931465e-14
0,0,9.407078036513417e-13
-1,0,5.636895273758859e-26
0,0,1.827092073197547e-13
0,0,1.2325743713820692e-11
-1,0,1.1019813144820102e-50
0,0,5.879956846502583e-20
0,0,1.1586939439937614e-28
-1,0,2.878052280144555e-32
0,0,1.0562376197657326e-25
0,0,1.3066021300271093e-19
0,0,4.2593059247390175e-28
0,0,2.4403416510386304e-07
0,0,0.005950932719761452
0,0,2.2828843849904702e-06
0,0,3.6233074160254164e-15
0,1,0.9949359965058682
0,0,4.998795169954212e-35
-1,0,4.782398035111524e-41
-1,0,9.728669266118625e-51
0,0,4.507771760452391e-30
0,0,1.4658741100727708e-29
0,0,3.1974792610078003e-06
-1,0,1.8266719275011704e-50
0,0,4.7474846528831225e-14
-1,0,1.1001884622354663e-44
0,0,5.675033411334533e-13
0,0,0.013708596884222312
-1,0,3.4061266059078197e-32
0,1,0.9998805588889411
0,0,3.4033547043003824e-29
0,0,2.7216305220830375e-33
-1,0,1.9399824734357346e-27
0,1,0.996541059690446
0,0,3.560249293525761e-26
0,0,3.6233074160254164e-15
0,0,8.82883104903205e-24
-1,0,2.7033402475125777e-46
0,0,3.1974792610078003e-06
0,0,1.5488616054856388e-25
0,0,6.2983300905356005e-21
-1,0,8.77664074753732e-40
-1,0,5.049031576818981e-34
-1,1,0.9999999999998517
-1,0,7.030033887615479e-50
-1,0,7.071837989966978e-34
0,1,0.9999999999988798
-1,0,1.0858890156454254e-79
-1,0,1.5459861216930845e-56
0,0,4.9097825971634364e-52
0,0,3.769456708635768e-37
0,0,1.721776412156956e-39
0,0,3.1974792610078003e-06
-1,0,8.857629181925211e-36
0,0,6.035495633660326e-33
0,1,0.8102720095590155
0,0,8.910301081212357e-20
0,1,0.9998805588889411
0,0,2.4443189953032195e-13
0,1,0.9920058436002613
0,0,1.7437334332038353e-10
-1,0,1.0287810390476614e-49
-1,0,9.913113781281077e-37
-1,0,1.1010845234550333e-47
-1,0,6.90485144227261e-67
-1,0,5.307655350413329e-49
-1,0,3.0304034428262135e-53
-1,0,3.997489151218388e-39
-1,0,7.00717767564494e-38
-1,0,1.2757494748598091e-52
0,0,3.1974792610078003e-06
0,0,1.1674835386181039e-18
-1,0,4.790191366304773e-47
0,0,3.392289637221622e-17
0,0,7.04310952149158e-19
0,0,4.2593059247390175e-28
0,0,1.4575439623153605e-08
-1,0,1.3052386059852205e-53
0,0,1.8330517342265654e-25
0,0,2.19118767032315e-24
-1,0,2.7238471855443807e-36
0,1,0.9998805588889411
0,0,7.001475243143155e-35
0,0,8.807293910168616e-15
0,0,1.1076321234882641e-31
0,0,0.3233919406396295
0,0,0.2876778230149282
-1,0,1.0312967947751317e-58
0,0,3.334597487114249e-37
0,0,0.004255991032254516
-1,0,7.848547625925323e-42
-1,0,5.019184989112468e-50
0,1,0.9999999834216713
0,0,4.216927060170485e-29
0,0,5.931817588179307e-07
-1,0,1.9253769916830642e-37
0,0,4.21006639288513e-23
0,0,8.355785185161845e-28
0,0,1.5488616054856388e-25
0,0,7.901649373361628e-29
0,0,1.6476198034902504e-08
0,0,2.794124218671587e-44
0,0,1.729197080832945e-17
0,0,2.70616430542383e-12
0,0,2.072096912313219e-25
0,0,6.67660443286578e-29
0,0,1.5413139677462272e-07
-1,0,1.3907256073419733e-42
0,0,1.4721916509832738e-07
-1,0,5.32063455963313e-58
0,0,2.5176115047092373e-36
0,0,1.0365851432611419e-39
0,0,3.8284336306748464e-11
0,1,0.9583694221824719
-1,0,4.241027558202691e-50
0,0,7.472195782440466e-30
0,0,2.589014835969232e-18
0,0,3.411677183783317e-38
0,0,6.351276483097403e-14
-1,0,3.815109038738394e-36
0,0,4.4967754568839054e-21
0,0,1.6516488794511164e-17
0,0,0.0004781210924563133
0,0,2.3152373247171415e-20
0,0,2.17469094833014e-34
0,0,2.200125408082055e-39
-1,0,4.654290289338776e-62
-1,0,2.0564967849631063e-35
-1,0,1.9003523469032475e-72
0,0,9.888931632263629e-28
0,0,4.755221089700783e-20
-1,0,5.655281859513757e-38
0,0,5.641486308319674e-29
0,0,7.948636537916661e-13
0,0,3.166224955726774e-53
-1,0,1.449179469515019e-70
0,1,0.9999999999998745
-1,0,4.5187949541097945e-39
-1,0,5.316304633827571e-55
0,1,0.9328310141832646
-1,0,1.1076321234882641e-31
-1,0,2.8169648743985127e-74
-1,0,2.456288166513797e-31
0,0,3.5082587608267584e-55
0,0,0.00010501250477290796
-1,0,4.273199050269684e-40
0,0,2.712781892743208e-21
0,0,1.4682628787079896e-35
-1,0,2.0531509978499514e-29
0,0,7.466114918780165e-27
0,0,7.478281598730571e-33
-1,0,3.812004307734413e-33
-1,0,3.516837770097011e-64
0,0,6.563056444238275e-49
0,0,6.557715437043881e-46
0,0,3.345474372292546e-49
-1,0,2.573710265736436e-34
0,0,3.0335691689485574e-19
0,0,9.321065797051221e-17
0,0,9.351469515282643e-29
0,1,0.9999998942394027
0,0,2.273092814283566e-28
0,0,6.293204517319474e-18
-1,0,2.2860839493247897e-49
0,0,7.05458687756448e-25
-1,0,1.641885406517557e-33
0,0,4.5271995604720655e-08
0,0,1.1124058959796477e-09
-1,0,4.0105282753307606e-51
0,0,0.009389440805951459
-1,0,1.837534233635172e-34
0,0,1.1085342472838436e-34
0,0,2.547056648874155e-41
-1,0,3.0279373042628576e-50
-1,0,4.172296461999457e-73
0,0,4.523310923200747e-05
0,0,7.466114918780165e-27
0,0,5.0790556472839706e-18
0,0,3.038512632260806e-25
0,0,1.4670680081983107e-32
0,0,1.2355884783030694e-20
0,0,1.1646355662276748e-09
0,0,3.026169049027137e-10
0,0,3.087298787622364e-08
-1,0,8.355785185161845e-28
0,0,1.3076663072461031e-22
0,0,4.7436211555359496e-11
-1,0,1.6070359631254425e-75
0,0,4.2951114287841025e-21
0,0,7.167854559599728e-08
0,0,3.6018887813952376e-31
0,0,1.6325550601623422e-12
0,0,5.627724410131389e-20
0,0,1.9368262475632567e-21
0,0,3.728914644713213e-35
0,0,5.9963139041497264e-09
0,0,4.284633890939777e-12
0,0,4.068291541670938e-28
0,0,1.2365948176319885e-23
-1,0,7.024312854756739e-47
-1,0,3.0279373042628576e-50
-1,0,1.3735294938815101e-34
0,1,0.9999999999963571
0,0,2.3152373247171415e-20
-1,0,4.742530344824412e-48
-1,0,1.0279438183140452e-46
0,0,2.848246865057225e-39
0,0,2.2828843849904702e-06
0,0,2.547056648874155e-41
-1,0,5.526241547456501e-74
0,1,0.9998805588889411
0,1,0.9998327148965551
0,0,6.638662835248885e-08
0,0,9.697039187161338e-39
0,0,3.0335691689485574e-19
0,0,2.388545349753177e-49
-1,0,3.223627462613011e-36
0,0,1.1722456417676111e-33
-1,0,1.7231787328725944e-42
-1,0,6.387575172688395e-35
0,0,1.9384037181049167e-24
0,0,3.018092803088923e-38
-1,0,1.0287810390476614e-49
0,0,4.5456659720575575e-23
0,0,5.330530766479859e-27
-1,1,0.999999999998431
0,0,1.9399824734357346e-27
-1,0,7.508785110922695e-48
0,1,0.8102720095590155
-1,0,1.612648672606137e-50
0,0,2.2959367219807674e-27
0,1,0.6852339549890726
0,0,6.303459838334123e-24
0,0,1.7161785320796936e-27
-1,0,4.050832893410165e-50
-1,0,3.939113578808932e-68
0,0,7.58599058842456e-10
0,0,6.654897299073648e-17
0,0,5.975444194157522e-34
-1,0,2.0281161181835173e-67
0,0,1.1133119090666612e-12
-1,0,9.30376110466694e-48
0,0,3.5989575687722334e-28
0,1,0.9998805588889411
0,0,3.1974792610078003e-06
0,0,7.045952460377786e-28
-1,0,4.7746173831635154e-35
0,0,5.650679598150451e-35
0,1,0.9987383846518522
0,0,1.4465706204767312e-18
-1,0,7.0833621615637765e-40
-1,0,1.3063016726663136e-56
0,1,0.8102720095590155
-1,1,0.999999999999754
0,0,1.1674835386181039e-18
0,0,3.038512632260806e-25
-1,0,5.659887869242068e-41
0,1,0.9996718776349768
-1,0,3.045942935957553e-34
0,0,1.7320149570218684e-23
0,0,3.825317909950347e-08
-1,1,0.9999999999963571
0,0,5.074922318097523e-15
0,0,0.016183188969680833
0,0,1.3076663072461031e-22
0,1,0.9996116960617352
0,0,1.0562376197657326e-25
0,0,9.343859300989404e-26
0,0,1.3108640421160316e-31
0,0,5.0790556472839706e-18
0,0,1.706722239340052e-52
0,0,1.5488616054856388e-25
0,0,2.4239423240288167e-20
0,0,1.4721916509832738e-07
0,0,4.078240041262729e-37
0,0,1.733425616638832e-26
0,1,0.999802026962188
0,0,5.002866496504259e-38
-1,0,9.374337367722121e-38
0,0,7.025928484666469e-10
0,0,3.831551742877566e-14
-1,0,5.299020138823171e-43
0,0,1.7465749979406465e-16
0,0,1.3044763729624926e-13
-1,0,1.0218672836630169e-62
0,0,4.46655560995002e-34
0,0,1.3862040474487271e-30
0,0,8.342190863693731e-22
0,0,3.3694923073180935e-30
-1,0,2.2842235370421456e-46
0,0,5.330530766479859e-27
0,0,1.2541169234128633e-37
-1,0,2.8192591840259252e-77
0,0,8.836021792608121e-27
0,0,1.2335782558518951e-14
0,0,4.943001231727108e-39
-1,0,1.7970684499811737e-73
0,0,2.1693859854557384e-25
0,0,2.8199076308522256e-40
0,0,5.650679598150451e-35
0,0,3.200093706971642e-09
-1,0,1.8077547190115675e-57
-1,0,4.734814555027112e-42
0,0,8.903049889243346e-17
-1,0,2.178234795303713e-40
0,0,2.8222043372415925e-43
-1,0,1.7926846632103807e-64
0,0,5.646081082101814e-32
0,0,5.049031576818981e-34
0,0,9.170006399011067e-40
-1,0,4.708725315671647e-67
0,0,0.00010501250477290796
0,0,1.0545191895486363e-19
0,1,0.9998805588889411
0,0,1.3828225274154256e-21
0,0,2.7311359730587322e-08
-1,0,7.319553133144161e-75
0,0,3.0131825615165963e-32
-1,0,3.6048223813783205e-34
0,1,0.9994562134587761
0,1,0.99843726665314
0,0,4.507771760452391e-30
0,0,1.4658741100727708e-29
-1,0,4.5187949541097945e-39
-1,0,3.4172368068055896e-44
-1,0,7.071837989966978e-34
0,0,2.1840636292880275e-12
0,0,7.05458687756448e-25
-1,0,5.044922681183829e-31
0,0,1.1763397953151616e-08
0,0,0.44205127039921216
0,0,1.3816971881576809e-18
0,0,2.7017542518317e-06
-1,0,2.8850901980618946e-41
0,0,7.108101405035189e-15
0,1,0.9998805588889411
0,0,1.1732003907905576e-36
0,0,1.7161785320796936e-27
0,0,7.497730858498214e-05
0,0,3.2157637135027312e-27
-1,0,2.7033402475125777e-46
0,0,5.9963139041497264e-09
0,0,0.0030423243084490926
-1,0,6.916103494848479e-73
0,0,7.403874855313194e-34
0,0,8.220369353141514e-51
0,0,1.1160343744958126e-21
0,0,4.051764609707728e-13
-1,0,4.959124454107521e-51
0,0,6.245825077039919e-28
-1,0,4.241027558202691e-50
0,0,7.102316840877256e-12
0,0,1.6583858672291518e-32
-1,0,6.642542386758255e-48
-1,0,2.0063028915937577e-65
0,0,5.040817129362813e-28
-1,0,7.047224958743161e-59
-1,0,5.970581385083449e-31
0,0,5.679655507945882e-16
-1,0,3.345474372292546e-49
-1,0,7.018596477667447e-44
0,0,6.687484537200293e-35
0,0,3.1974792610078003e-06
0,0,1.3087313511965429e-25
-1,0,2.1268003720248482e-73
0,0,3.587256553047487e-16
0,0,0.3612910141493116
-1,0,4.937842889441058e-73
-1,0,2.698454740007842e-09
-1,0,4.2375762152357626e-47
0,0,1.5568015316844568e-06
0,0,2.075473573432472e-31
0,0,9.343859300989404e-26
0,0,1.2439480750013903e-07
-1,0,3.7956454893714345e-55
0,0,6.5523787763543315e-43
-1,0,1.538452733375293e-38
0,0,1.2967651578743072e-29
0,1,0.9997227345096903
-1,0,4.484774452301124e-49
-1,0,3.221004078581996e-33
0,0,1.443624322945696e-18
-1,0,4.473026400428938e-09
0,0,7.403874855313194e-34
0,1,0.8102720095590155
-1,0,4.017063777996954e-57
0,0,3.537750648817801e-48
0,0,2.065360061963513e-13
-1,0,2.5626654569279695e-56
-1,0,1.9447264586313445e-36
0,0,4.0049241903411934e-08
-1,0,6.31887416323833e-33
0,0,8.355785185161845e-28
0,0,5.96086763575867e-25
0,0,3.5960287415663755e-25
0,0,5.665797289302094e-07
-1,0,5.269822077706974e-68
0,0,2.565342558222492e-22
0,0,3.3978176665600345e-23
0,1,0.99999999843227
0,0,5.61856846690496e-14
0,0,3.831551742877566e-14
0,1,0.997412233350635
-1,0,2.3982880989711264e-64
0,0,1.8330517342265654e-25
-1,0,3.519702099300059e-67
0,0,3.4005850584630104e-26
0,0,5.334872278923794e-30
-1,0,1.0983985268434265e-38
0,0,7.961589528581696e-19
-1,0,1.3907256073419733e-42
0,0,0.2876778230149282
0,0,1.1114993872453482e-06
0,0,1.4745909316856036e-13
-1,0,9.389613661181497e-44
-1,0,5.512760778491802e-65
0,0,9.359085927803079e-32
0,0,7.037377847698305e-16
0,1,0.9999984335483707
0,0,1.8170246372152732e-38
-1,0,1.7245821957245615e-45
0,0,1.3165137215302193e-09
0,0,7.955110396897695e-16
0,0,1.367388185328915e-25
0,0,1.3839487832187658e-24
-1,0,1.040393365861044e-45
-1,0,4.007264512394356e-48
0,0,7.391829230316622e-28
0,0,0.019095830652564257
0,0,4.507771760452391e-30
0,0,6.547046458632819e-40
0,0,6.710841139969479e-10
0,0,3.0665511937142283e-21
-1,0,3.32569810574453e-65
0,0,7.863145668055775e-11
0,1,0.9844369487419621
0,0,7.516629200866322e-14
0,0,1.7437334332038353e-10
-1,0,2.163596323195992e-53
0,1,0.7830138077937304
-1,0,3.4089007651225375e-35
0,0,2.7172026054463096e-27
0,1,0.9999999999105633
0,0,2.569523005779067e-28
0,1,0.9998805588889411
0,0,1.4745909316856036e-13
-1,0,4.269721526182412e-37
0,0,2.8686950886958535e-20
0,0,8.200316501831415e-42
-1,0,7.066082936981593e-31
-1,0,9.138090841253298e-65
0,0,4.0649807710600845e-25
0,0,4.7707318054588183e-32
-1,0,4.2375762152357626e-47
-1,0,2.836023911105311e-61
0,0,7.5105121767817e-11
0,0,1.2376019765855888e-26
-1,0,3.018092803088923e-38
0,0,5.040817129362813e-28
0,1,0.9999999990542314
-1,0,1.8018773042353115e-45
-1,0,1.9348050437914374e-55
-1,0,9.68691969802016e-73
0,0,3.2375209456260595e-14
0,0,1.3066021300271093e-19
-1,0,1.523760387785171e-48
0,0,5.665797289302094e-07
-1,0,8.185092496593658e-73
0,0,8.308294840773101e-07
-1,0,2.11643675177489e-55
0,0,2.2922013815935168e-21
0,0,2.256890077924134e-47
-1,0,2.8897917020501907e-47
0,0,2.589014835969232e-18
0,0,2.6038115222930558e-39
0,0,1.0579588503135048e-31
0,0,9.258425092762343e-30
0,0,1.1655841184927064e-12
0,0,2.0531509978499514e-29
0,0,4.7590940345236434e-23
-1,0,1.1634201948551128e-43
0,0,1.0185449646508128e-50
0,0,2.3034256738551888e-39
0,0,8.412318803314048e-15
0,0,5.61856846690496e-14
0,0,5.96086763575867e-25
0,0,1.7437334332038353e-10
-1,0,3.577682874587007e-44
-1,0,1.3907256073419733e-42
0,0,2.7017542518317e-06
-1,0,1.4694587223937558e-38
-1,0,9.199917387390106e-52
-1,0,3.580596759789287e-47
-1,0,1.840528654583933e-40
-1,0,2.98372015528008e-79
-1,0,6.945911147109005e-51
-1,0,3.209793602031066e-58
0,0,1.4575439623153605e-08
0,1,0.9868179853383249
-1,0,9.671159706888816e-67
0,0,5.044922681183829e-31
-1,0,8.676684781620711e-81
0,0,7.096536933930317e-09
-1,0,7.369075806681844e-62
0,0,5.0707923525835785e-12
0,0,2.8222043372415925e-43
-1,0,9.937355064727951e-46
0,0,1.9222445279837081e-31
0,0,5.3753414338266377e-20
0,1,0.8762257613636502
0,1,0.999802026962188
-1,0,3.196754211926447e-43
0,0,5.326192787153291e-24
-1,0,1.641885406517557e-33
0,1,0.9298983773614691
0,0,7.541147156350801e-26
-1,0,3.731093528087044e-75
0,0,1.747997516151361e-19
-1,0,2.573710265736436e-34
-1,0,2.5108924973905008e-64
-1,0,9.822474678134604e-41
0,0,1.5501230937367589e-28
0,0,9.343859300989404e-26
-1,0,6.286637150358493e-52
-1,0,2.582105267277303e-46
0,0,2.4298697726823984e-29
0,0,4.791293137271496e-10
0,0,7.060332567451291e-28
0,0,8.391727286915533e-06
0,0,9.880884031966044e-25
0,1,0.5259972233889277
-1,0,1.9003523469032475e-72
0,0,6.682042270578171e-32
-1,0,3.783304997240585e-43
0,0,1.729197080832945e-17
0,0,9.94773617232932e-12
0,0,0.05077542812779524
-1,0,2.88039634311617e-35
0,0,2.051480146114337e-26
0,0,2.087815378760713e-15
-1,0,6.211410038496398e-53
0,0,1.476993905135692e-19
0,0,3.038512632260806e-25
-1,0,8.857629181925211e-36
0,0,8.328618659306361e-16
0,0,3.22951900331595e-05
0,0,1.0983985268434265e-38
0,0,1.1636864344359053e-06
0,0,2.548102591453871e-35
0,0,5.670415072970668e-10
-1,0,7.484372371684152e-36
0,0,4.762970133711148e-26
0,0,8.836021792608121e-27
0,0,1.953108017707715e-14
0,0,4.2489157312181336e-19
-1,0,5.617276459021372e-51
-1,0,1.2342990616112674e-54
0,0,8.335401999115264e-19
0,0,4.670545793155856e-37
0,0,4.5308869954397336e-11
0,0,3.1974792610078003e-06
0,0,1.2459753509623905e-13
0,0,1.537200742448939e-35
0,0,2.1800088838296162e-43
-1,0,9.94544865851154e-49
0,0,4.7590940345236434e-23
0,0,3.1889560176929733e-34
-1,0,4.050832893410165e-50
0,0,2.569523005779067e-28
0,0,3.607758370665844e-37
0,0,1.3828225274154256e-21
-1,0,1.4312605828196176e-62
0,0,0.007035147419301393
0,1,0.9999999999978024
-1,0,7.30764469412992e-69
-1,0,1.1454977365032645e-69
0,1,0.999999999999754
0,0,1.3044763729624926e-13
0,0,6.303459838334123e-24
-1,0,7.78626111645825e-58
0,0,1.5631540757051585e-21
-1,0,1.6281980935014953e-40
-1,0,8.620356813741767e-57
0,0,0.06969986277062833
-1,0,1.0218672836630169e-62
0,0,2.589014835969232e-18
-1,0,7.024312854756739e-47
0,0,2.0636792740812146e-10
0,0,5.936652343620128e-10
0,0,5.954647083882141e-59
0,0,1.2345829579318831e-17
-1,0,1.845029437868835e-49
0,0,8.342190863693731e-22
0,0,4.273199050269684e-40
0,0,0.4839107504998532
0,0,1.1722456417676111e-33
0,1,0.8348283043580801
0,0,2.299678149428189e-33
0,0,1.1133119090666612e-12
-1,1,0.999999999999936
0,0,2.0619994296887393e-07
-1,0,1.1681657238418925e-58
0,0,3.1974792610078003e-06
-1,0,9.31133866052048e-51
0,0,4.681967030410083e-46
0,1,0.9970757539106617
0,0,7.066082936981593e-31
0,0,0.0012538529220669696
0,0,1.4524711049631427e-33
0,0,2.0498106541157928e-23
0,0,1.2222992138436829e-18
0,0,1.9238101222751823e-34
-1,0,2.6616953601270146e-72
-1,0,3.52256876138916e-70
0,0,3.010730437285135e-29
0,1,0.8102720095590155
0,0,8.235658972182777e-20
0,0,4.4931159865943484e-18
0,0,1.725986801643058e-48
0,0,0.06969986277062833
0,0,3.0286337483300954e-13
0,0,3.590178235642883e-19
0,1,0.9998805588889411
0,0,9.199917387390106e-52
-1,0,5.626430296808982e-57
0,0,2.1513012488975897e-32
-1,0,1.6113363011164585e-47
0,0,4.685780312616949e-49
-1,0,2.6967456922444562e-37
-1,0,5.965722533357284e-28
0,0,6.626338502348728e-39
0,0,1.7423140818364473e-07
0,0,3.834672394516415e-17
0,0,2.4622947128911927e-40
0,0,1.5593409019986986e-12
-1,0,1.5551793294497508e-40
-1,0,1.464681183540055e-26
0,0,1.1133119090666612e-12
0,0,1.1605821359825457e-34
0,0,3.3978176665600345e-23
0,0,0.0009375332382084733
0,0,3.3264630366151364e-28
-1,0,8.38304032356608e-40
0,0,6.2983300905356005e-21
0,0,3.087298787622364e-08
0,0,3.050906563393238e-40
0,1,0.9982338331721738
-1,1,0.9999999999997922
0,0,1.7362503835925713e-32
0,0,1.0448773478730175e-23
0,0,5.020339432303906e-13
0,0,1.3757677789784075e-40
0,0,3.026169049027137e-10
0,0,4.26277496571918e-31
0,0,9.896985787022506e-31
0,0,5.062516872573175e-06
0,0,2.3152373247171415e-20
0,0,1.102234776912776e-13
0,0,1.2864739576252513e-45
0,0,3.1974792610078003e-06
0,1,0.9932368483549618
0,1,0.9999999999978024
0,0,0.009389440805951459
0,0,2.051480146114337e-26
0,0,0.00010501250477290796
0,0,2.541886724478286e-26
0,0,5.541029459500228e-46
0,0,3.77407596514832e-34
-1,0,1.3162109866999091e-46
-1,0,1.2906702150674437e-57
-1,0,1.5274865537790655e-57
-1,0,2.8383337435854758e-64
-1,0,1.7941447359713e-67
0,1,0.9993565019537479
-1,0,9.870572688809359e-59
0,0,7.020205869379454e-07
0,0,5.655281859513757e-38
0,0,6.671171020458928e-26
0,0,3.2131467289810357e-24
0,0,2.864027907531399e-14
-1,0,2.30155114889863e-36
0,0,5.049031576818981e-34
0,0,4.2523763097849655e-22
0,0,4.755221089700783e-20
0,0,1.371294850329539e-28
0,0,3.7965185110096325e-18
0,0,5.3609957103631824e-48
-1,0,4.790191366304773e-47
0,0,5.650679598150451e-35
-1,0,4.0040034055041814e-45
0,0,1.3816971881576809e-18
-1,0,8.71408034733711e-59
-1,0,1.1551272687704303e-62
-1,0,2.5088491361902244e-61
0,0,5.334872278923794e-30
-1,0,7.283885907358011e-57
-1,0,6.2815210928426245e-49
-1,0,3.577682874587007e-44
-1,0,6.534891772949791e-71
0,0,1.9289544092547216e-06
-1,0,5.049031576818981e-34
0,1,0.9998805588889411
0,0,1.9499303994023235e-08
-1,0,8.676684781620711e-81
-1,0,3.226252983289404e-39
0,0,1.462298242090953e-20
-1,0,2.851737230883852e-36
0,0,1.2315712887348495e-08
-1,0,2.7216305220830375e-33
0,0,9.20741036652676e-55
-1,0,3.1372750418369675e-57
-1,0,2.8337159583637932e-58
0,0,4.7232644009922426e-33
-1,0,4.040951251089242e-41
0,0,1.7433324563983726e-47
-1,0,1.1722456417676111e-33
0,0,6.620945996293836e-36
-1,0,1.4536540868561307e-36
-1,0,8.641436821249569e-66
-1,0,7.496568803732968e-42
0,0,0.1643213601119542
0,0,1.4524711049631427e-33
-1,0,6.58446400891102e-61
0,1,0.7203891326023106
-1,0,4.929809338779943e-67
-1,0,1.1770271692821696e-48
0,0,1.6312264862209458e-09
0,1,0.9987383846518522
0,0,3.026169049027137e-10
0,1,0.9999999999999105
0,0,8.881330911417573e-08
-1,0,1.7348374251838137e-29
0,0,8.807293910168616e-15
0,0,1.5476011438320488e-22
-1,0,2.0376935079781657e-39
0,0,5.96086763575867e-25
0,0,0.002173999232643639
0,0,2.419998726815268e-14
0,1,0.9996718776349768
0,1,0.9905529069063999
-1,0,3.183767792733652e-28
0,0,1.476993905135692e-19
0,0,1.9054375830654866e-44
0,0,9.235839997887156e-21
-1,0,1.4595834644245115e-51
-1,0,3.54351571945448e-54
0,1,0.5677175264052801
0,1,0.9999999956923156
0,0,3.0665511937142283e-21
0,1,0.6084988841346733
0,0,1.0440270279832206e-20
0,0,3.949654425536882e-40
0,0,1.0431774000827103e-17
0,0,1.2469901500000268e-16
-1,0,1.6556877808018914e-26
0,0,1.827092073197547e-13
-1,0,3.1688037242674274e-56
0,0,7.908084963096478e-32
0,0,2.4298697726823984e-29
-1,0,2.550177923084855e-38
0,0,2.1513012488975897e-32
-1,0,1.9399824734357346e-27
-1,0,1.1662651938467067e-52
-1,0,6.164646401598894e-63
0,0,0.005950932719761452
0,1,0.9998805588889411
-1,0,5.975444194157522e-34
0,0,2.30155114889863e-36
0,1,0.9844369487419621
0,0,1.4483331779310083e-30
0,0,3.223627462613011e-36
0,0,3.1974792610078003e-06
0,0,6.293204517319474e-18
0,0,2.3807796547810463e-37
-1,0,1.7390797537483555e-38
0,0,9.896985787022506e-31
-1,0,3.812004307734413e-33
0,0,2.5549205181327333e-07
0,0,2.7238471855443807e-36
0,1,0.9999999939665167
0,1,0.9862075999373869
0,0,8.348985257541485e-25
0,0,2.5590846358987305e-13
0,0,2.712781892743208e-21
0,0,1.2165542693901602e-46
0,1,0.9685511617237953
-1,0,3.783304997240585e-43
-1,0,6.647952482243084e-51
0,1,0.9998805588889411
-1,0,3.812004307734413e-33
0,0,7.460039003719166e-24
-1,0,2.384110981042134e-80
-1,0,4.673274891444642e-77
0,0,7.460039003719166e-24
0,0,7.04310952149158e-19
0,1,0.9999999999999545
-1,0,1.4254462634599134e-47
0,0,8.475414395904684e-05
0,0,9.832726107204305e-07
0,0,4.320465640164111e-05
-1,0,1.1672150720246813e-55
0,0,2.7194156625397087e-30
-1,0,1.4560229419066967e-42
0,0,2.4170367846121562e-17
-1,0,2.256890077924134e-47
-1,0,3.7189629088152106e-63
-1,0,4.7463929535232734e-51
-1,0,8.843218392768287e-30
0,0,2.5758064538338843e-37
0,0,1.3910261329170488e-05
-1,0,3.715936421412409e-60
0,0,4.2558397068601e-25
0,1,0.996541059690446
0,0,4.245457968865787e-16
-1,0,3.802705266256765e-24
-1,0,1.845029437868835e-49
0,0,1.210626159433425e-28
0,0,1.534699816373066e-29
-1,0,5.015100382593375e-47
0,0,3.245437899334121e-23
0,1,0.999999999999936
-1,0,2.655202393814093e-63
0,0,4.71174242251871e-24
0,0,9.351469515282643e-29
-1,0,3.786386353759154e-46
0,0,2.875710124768479e-29
-1,0,1.0378554198669982e-36
0,0,2.565342558222492e-22
0,0,6.0011977073207086e-12
0,0,4.225503836575871e-44
0,0,1.2376019765855888e-26
-1,0,1.2978213232575506e-32
0,0,1.5488616054856388e-25
0,0,5.481433398871872e-44
0,0,1.2396187560376748e-32
0,1,0.9998805588889411
0,0,1.3816971881576809e-18
0,0,8.398632434772676e-09
0,0,3.617412516379185e-09
0,0,0.002571865734129096
0,0,6.710841139969479e-10
0,0,1.9399824734357346e-27
0,0,3.389528996122073e-14
-1,0,1.2322909369575776e-48
0,0,3.607758370665844e-37
0,0,6.308593764115123e-27
0,0,4.75135129667565e-17
-1,0,1.1001884622354663e-44
0,0,4.2523763097849655e-22
0,0,0.0030423243084490926
0,0,7.048845863513023e-22
0,0,1.9399824734357346e-27
-1,0,6.534891772949791e-71
0,1,0.9999998246885874
0,0,1.3989955583210893e-26
0,0,6.654897299073648e-17
0,0,2.567431931143798e-25
-1,0,7.030033887615479e-50
0,0,2.8998845448087845e-22
-1,0,2.971599160633231e-64
0,0,4.715579955638108e-27
0,0,9.430081872665136e-22
0,0,5.8404415543596574e-33
-1,0,2.5842082927809394e-49
-1,0,9.296189715418824e-45
-1,0,3.33383068570062e-74
-1,0,1.6308513831059392e-46
0,0,2.7378147002431125e-17
0,0,1.1732003907905576e-36
0,0,5.326192787153291e-24
0,1,0.9999999999997922
0,0,7.379803202771979e-22
-1,0,4.266246832099989e-34
-1,0,1.6445610007823005e-39
0,0,8.321840839764251e-13
-1,0,1.7273925515591176e-51
0,0,1.4524711049631427e-33
0,0,8.888565202746492e-11
0,0,1.1684344090910377e-21
-1,0,7.946808723394632e-50
0,0,9.770598770304933e-29
-1,0,9.351469515282643e-29
0,0,1.244961377612252e-10
0,0,1.045728360315677e-26
0,0,5.585355147879335e-30
0,0,6.671171020458928e-26
0,0,1.8330517342265654e-25
0,0,9.288624487758152e-42
0,0,4.277644770719945e-06
0,0,4.0278132150805935e-29
-1,0,4.762970133711148e-26
-1,0,1.5434709023740468e-50
-1,0,5.027364185125254e-56
0,0,1.3055388188342253e-16
-1,0,9.359085927803079e-32
0,1,0.9999999999995923
0,0,3.4263811405988076e-16
-1,0,6.687484537200293e-35
-1,0,1.313000208439796e-37
-1,0,1.2396187560376748e-32
-1,0,1.7348374251838137e-29
0,0,2.288472118363293e-15
0,0,5.330530766479859e-27
0,0,2.332800199726855e-10
0,0,8.814467112572634e-18
0,1,0.9999999993247561
0,0,1.3850759563141635e-27
0,0,2.1693859854557384e-25
0,0,1.1094371058245837e-37
0,0,4.0212602237762793e-23
0,0,2.3095895115515735e-11
0,0,1.2376019765855888e-26
-1,0,2.17469094833014e-34
0,0,3.045942935957553e-34
0,0,5.370966987634598e-17
0,0,1.7362503835925713e-32
0,0,3.2039928348604347e-21
0,1,0.9992385207630187
0,0,3.8409213248163756e-23
0,0,5.379719442836943e-23
0,0,2.8686950886958535e-20
0,0,5.951169690075005e-19
-1,0,1.700782113473643e-77
0,0,3.6048223813783205e-34
-1,0,3.191553299810033e-37
0,0,5.632307975376277e-23
0,1,0.9999999999995923
0,0,8.335401999115264e-19
-1,0,1.810700611665783e-63
0,0,4.46655560995002e-34
0,0,1.6312264862209458e-09
-1,0,2.4233849306978964e-57
0,0,1.5463417079406335e-19
-1,0,2.5647526494531952e-59
0,0,1.1013377794972062e-10
-1,0,1.0465800658752501e-29
0,0,1.3119316904986356e-34
0,0,4.0179877271934834e-20
0,0,8.924821187411594e-26
0,0,3.191553299810033e-37
0,0,0.17071943780194804
-1,0,1.6335089964752571e-52
0,0,1.7465749979406465e-16
0,1,0.9999999996557989
0,0,3.392289637221622e-17
-1,0,9.288624487758152e-42
0,0,1.8300694777430902e-19
0,0,3.4089007651225375e-35
0,0,4.7746173831635154e-35
0,1,0.9979104483238262
0,0,3.2322536041989854e-08
0,0,1.4745909316856036e-13
0,0,2.4338294556188213e-35
0,1,0.9511043990131253
0,0,0.2876778230149282
0,0,9.85678050452192e-16
0,0,2.048142520747752e-20
0,0,7.920971871456832e-38
0,0,4.742530344824412e-48
0,0,0.44205127039921216
-1,0,2.2716372669978404e-71
0,0,1.464681183540055e-26
0,0,1.309797262584376e-28
-1,0,4.280162597680134e-46
-1,0,9.167897726556148e-77
0,0,6.340942965422647e-08
-1,0,2.419442240327248e-51
0,0,5.326192787153291e-24
0,0,3.4033547043003824e-29
-1,0,2.439781082019711e-44
-1,0,7.035759580035607e-53
0,0,3.337313388610796e-40
-1,0,8.843218392768287e-30
0,0,1.4634892278094616e-23
-1,0,4.000744952498749e-42
-1,0,5.221638231803245e-72
0,0,4.721325600188462e-39
0,0,7.901649373361628e-29
0,1,0.9992385207630187
0,0,1.3816971881576809e-18
0,0,3.0409873840223374e-28
0,0,1.2315712887348495e-08
0,0,1.1013377794972062e-10
0,0,0.000669543714908849
-1,0,9.838481250097315e-47
0,0,2.1658565349228067e-19
0,0,4.2523763097849655e-22
0,1,0.9992385207630187
0,0,1.1801768278888284e-20
0,0,1.171291669718219e-30
0,0,3.0590706180177383e-12
0,0,2.1693859854557384e-25
0,0,1.2185367497830813e-52
0,0,2.7105742342034227e-18
0,0,1.837534233635172e-34
-1,0,5.944959258633646e-53
0,0,7.908084963096478e-32
-1,0,1.171291669718219e-30
0,0,7.066082936981593e-31
0,0,2.712781892743208e-21
0,1,0.9999999999992002
-1,0,1.538452733375293e-38
-1,0,4.7048933608496854e-64
-1,0,8.206995344464125e-45
0,0,2.0464757449046067e-17
0,0,1.4611082255951764e-17
0,0,1.3119316904986356e-34
-1,0,9.744522974049765e-57
0,0,4.762970133711148e-26
0,0,5.675033411334533e-13
0,0,5.028520509584165e-19
0,1,0.9645951737984841
0,0,5.3753414338266377e-20
-1,0,6.221532068333993e-59
-1,0,2.5647526494531952e-59
0,0,9.298327031225707e-08
-1,0,4.7668493898325065e-29
0,0,3.5960287415663755e-25
-1,0,5.343565914676839e-36
0,0,4.0049241903411934e-08
0,0,7.025928484666469e-10
0,0,3.1974792610078003e-06
0,0,0.04324379515729852
0,0,1.4448000994747344e-21
0,0,2.167620541831387e-22
0,0,1.5488616054856388e-25
0,0,9.399422559248497e-10
0,0,1.7249788304040985e-08
0,0,2.171152866966102e-28
0,0,2.3929879662454438e-18
-1,0,1.3087313511965429e-25
0,0,1.8469568571046376e-15
0,0,1.8315599989987084e-22
0,0,3.587256553047487e-16
0,1,0.7830138077937304
0,1,0.9999999999998745
0,0,2.9022463893209224e-25
-1,0,1.6405492422101055e-30
0,0,6.2661978873922655e-40
0,0,4.26277496571918e-31
-1,0,4.685780312616949e-49
-1,0,6.626338502348728e-39
0,0,5.61856846690496e-14
0,0,3.8284336306748464e-11
0,0,5.965722533357284e-28
0,0,3.2375209456260595e-14
0,0,2.4037355195891725e-27
0,1,0.7830138077937304
-1,0,4.168901052313315e-70
0,0,2.5549205181327333e-07
-1,0,2.4278923476750363e-26
0,0,1.8300694777430902e-19
-1,0,1.7897680813377374e-58
0,0,3.4263811405988076e-16
-1,0,3.798736896746676e-58
0,0,8.335401999115264e-19
0,0,0.0003414075220388876
0,1,0.9999999999995923
0,1,0.9987383846518522
0,0,1.3816971881576809e-18
0,0,3.0590706180177383e-12
0,0,2.72883898486737e-05
-1,0,1.2312881001214309e-45
-1,0,1.840528654583933e-40
0,0,7.108101405035189e-15
0,0,6.541718480344854e-37
-1,0,3.792556597779789e-52
0,0,4.011450721321668e-14
-1,0,1.84202769443709e-43
0,0,7.484372371684152e-36
-1,0,1.7970684499811737e-73
0,0,1.1684344090910377e-21
0,0,5.679655507945882e-16
-1,0,5.970581385083449e-31
-1,0,2.2716372669978404e-71
0,0,4.762970133711148e-26
-1,0,1.2152847161294544e-80
0,0,3.6716579604222524e-26
0,0,2.78957835948438e-38
0,1,0.9999999999996556
0,1,0.9999915562555295
-1,0,1.5539137264402565e-37
-1,0,5.208900515216572e-63
-1,0,1.0858890156454254e-79
0,0,1.045728360315677e-26
-1,0,5.603573618581876e-42
-1,0,1.1722456417676111e-33
-1,0,2.7194156625397087e-30
-1,0,2.4155059644585473e-45
0,0,3.4208066391673977e-10
0,0,7.516629200866322e-14
0,0,0.000669543714908849
-1,0,8.39670121276177e-46
0,1,0.7830138077937304
-1,0,2.991704422858857e-51
0,1,0.9999999999995175
-1,0,1.3578865535782878e-75
0,0,5.074922318097523e-15
0,0,7.131286812904309e-27
0,0,1.2335782558518951e-14
0,1,0.9993565019537479
0,0,5.235611042479899e-44
0,0,2.6901672238004486e-28
0,0,8.308294840773101e-07
0,0,8.335401999115264e-19
0,0,6.93461059941292e-45
-1,0,1.8251853841521008e-47
0,0,7.048845863513023e-22
0,0,6.860025997988707e-43
0,0,4.291616072430402e-18
-1,0,5.006037046657345e-10
-1,0,5.307655350413329e-49
-1,0,1.0905690789492775e-57
0,0,7.961589528581696e-19
0,0,1.309797262584376e-28
-1,0,1.7348374251838137e-29
-1,0,1.4444678630465088e-58
0,0,1.6516488794511164e-17
-1,0,7.434074866363372e-49
0,0,0.40099927641806093
-1,0,1.9003523469032475e-72
-1,0,2.657364954117994e-66
0,0,5.941487522317673e-13
0,0,2.178234795303713e-40
0,0,0.007035147419301393
0,0,1.464681183540055e-26
0,0,1.6325550601623422e-12
-1,0,5.3609957103631824e-48
0,0,8.910301081212357e-20
0,1,0.999999999998143
0,0,2.9022463893209224e-25
0,0,2.4239423240288167e-20
0,0,1.4670680081983107e-32
0,0,1.7348374251838137e-29
-1,0,2.1285325691897113e-76
0,0,1.6202640969898513e-22
0,0,1.6432226590795316e-36
0,0,2.7378147002431125e-17
-1,0,3.3887495630313975e-51
-1,0,4.5114431673065613e-33
0,0,1.8439519744864257e-09
0,0,1.1114993872453482e-06
0,0,3.614455619298259e-06
0,0,2.567431931143798e-25
-1,0,6.513645378700078e-59
0,1,0.5259972233889277
-1,0,7.848547625925323e-42
-1,0,3.932704896069457e-62
0,0,1.7465749979406465e-16
0,0,1.9144356469824538e-16
-1,0,6.637136694002233e-45
0,1,0.9992385207630187
0,0,7.447902003289706e-18
0,0,2.0636792740812146e-10
-1,0,9.318922388002037e-54
0,0,3.5989575687722334e-28
0,1,0.9998805588889411
-1,0,5.545542415039804e-49
0,1,0.9998805588889411
0,0,1.4599191775333057e-14
-1,0,3.6048223813783205e-34
-1,0,4.473834248596477e-40
0,0,2.851737230883852e-36
-1,0,1.3140695966477724e-40
0,0,6.0060854522486336e-15
0,0,1.730605445398026e-20
-1,0,5.985181697244789e-40
0,0,1.6641776436588818e-07
0,1,0.9998805588889411
0,0,7.9745636272587315e-25
-1,0,1.6295241982730549e-43
0,0,4.0179877271934834e-20
-1,0,7.024312854756739e-47
0,0,6.346107821770395e-11
0,1,0.8102720095590155
0,0,5.899136257426872e-32
0,0,1.5476011438320488e-22
0,0,6.31887416323833e-33
0,1,0.8348283043580801
0,0,4.52984510361254e-48
0,0,6.288083115288434e-15
0,0,4.787391699239578e-07
0,0,1.7249788304040985e-08
-1,0,1.2396187560376748e-32
-1,0,4.734814555027112e-42
-1,0,7.835778547123054e-36
-1,0,2.8827423152369464e-38
-1,0,4.9338244790217234e-70
-1,1,0.9999999999997089
-1,0,2.02646563980194e-64
-1,0,2.1817844172824416e-46
-1,0,1.0448773478730175e-23
-1,0,4.459288813177357e-28
-1,0,1.0491393469030375e-38
-1,0,2.165358489248956e-56
0,0,7.048845863513023e-22
-1,1,0.9999999999992002
0,0,9.343859300989404e-26
0,1,0.9401158554375478
0,0,1.1684344090910377e-21
0,0,2.4180293347943972e-11
0,1,0.9987383846518522
0,0,1.6298963422219067e-06
0,0,2.4318488082263972e-32
0,0,4.277644770719945e-06
-1,0,4.210797269766108e-69
-1,0,2.5258235217116905e-48
0,1,0.9993565019537479
0,0,8.308294840773101e-07
0,0,5.366596101361117e-14
-1,0,1.1094371058245837e-37
0,0,1.6325550601623422e-12
0,0,9.905046501580615e-34
-1,0,1.519693772591193e-76
-1,0,5.980310963802781e-37
0,0,8.924821187411594e-26
0,0,3.2348862549912824e-11
0,0,9.864808473422628e-19
0,0,0.40099927641806093
0,0,7.048845863513023e-22
0,0,2.397871823094267e-18
0,0,2.5237680096623396e-45
0,0,2.048142520747752e-20
0,0,2.5549205181327333e-07
-1,0,4.7502587081684027e-54
-1,0,1.6165922038149602e-59
0,0,1.8469568571046376e-15
0,0,1.4575439623153605e-08
-1,0,8.306391222856199e-44
0,0,7.102316840877256e-12
-1,0,7.428025025457241e-46
-1,0,4.681967030410083e-46
0,0,6.705375374063721e-07
0,0,1.8424479774331652e-06
-1,0,1.9463103635912954e-39
-1,0,2.28794587684177e-52
0,0,5.020339432303906e-13
0,0,3.38677060151433e-11
0,0,7.863145668055775e-11
0,1,0.9998805588889411
-1,0,6.276409198767929e-46
0,0,2.5522549449936187e-41
0,1,0.9999994299082272
0,0,2.0619994296887393e-07
0,0,3.6233074160254164e-15
0,0,4.500437907671498e-24
0,0,6.705375374063721e-07
0,1,0.9999999999999105
0,0,7.888793901454449e-23
0,1,0.9999915562555295
-1,0,3.0484237394158803e-37
-1,0,1.2152847161294544e-80
0,1,0.9996718776349768
0,0,4.719420614280746e-30
0,0,5.0831923429082335e-21
0,0,8.881330911417573e-08
0,0,2.299678149428189e-33
-1,0,1.02353250477566e-68
-1,0,2.130266177162592e-79
-1,0,1.9238101222751823e-34
0,0,1.0482855586037235e-35
-1,0,2.30155114889863e-36
0,0,7.955110396897695e-16
0,0,2.569523005779067e-28
0,0,1.7348374251838137e-29
-1,0,3.4089007651225375e-35
0,0,2.0670422183575884e-16
0,1,0.9783369542741867
-1,0,5.848613842075371e-76
0,0,2.419998726815268e-14
-1,0,1.0832400871077055e-70
0,0,5.0696263076042e-49
-1,0,2.252700129114206e-78
-1,1,0.999999999998143
0,0,9.374337367722121e-38
0,0,1.8256051876014938e-10
0,1,0.9998805588889411
0,0,3.7471741345326087e-53
0,1,0.9999999999999545
-1,0,3.6018887813952376e-31
0,0,2.72883898486737e-05
0,1,0.9994562134587761
0,0,2.171152866966102e-28
0,0,1.8360388505548685e-31
-1,0,2.3053017255402817e-42
-1,0,8.735389544057673e-68
-1,0,1.4397715750640876e-46
-1,0,7.369075806681844e-62
0,0,2.9140844977087644e-40
-1,0,6.709297964975058e-47
-1,0,3.5521809452199655e-63
0,0,1.6352154498233975e-18
-1,0,4.165508405807483e-67
-1,0,5.343565914676839e-36
0,0,3.150796355328396e-35
0,0,2.7194156625397087e-30
-1,0,2.3924376909686207e-55
-1,0,4.0179877271934834e-20
0,0,9.988312458251908e-27
0,0,5.044922681183829e-31
-1,0,1.1615273855283039e-37
-1,0,3.815109038738394e-36
-1,0,9.160436902756637e-74
-1,0,4.000744952498749e-42
-1,0,6.626338502348728e-39
0,0,1.437429159935157e-40
0,0,1.0482855586037235e-35
0,0,0.0225206881308616
0,0,1.7437334332038353e-10
0,0,7.81030267911309e-24
-1,0,1.4524711049631427e-33
0,0,2.567431931143798e-25
-1,0,2.858710798630123e-45
0,0,1.0510906014108175e-07
0,1,0.9511043990131253
0,0,1.476993905135692e-19
0,0,1.5151013107752998e-27
-1,0,3.75939677398511e-65
-1,0,1.3009949834469345e-41
-1,0,8.864843380473486e-39
-1,0,1.3862040474487271e-30
0,0,2.4622947128911927e-40
-1,0,9.905046501580615e-34
0,0,1.3023539047547187e-07
0,0,8.335401999115264e-19
-1,0,1.700782113473643e-77
0,0,6.563056444238275e-49
-1,0,7.927423198623883e-41
0,0,7.472195782440466e-30
-1,0,2.1233402055275958e-67
0,0,1.1058300777413428e-25
-1,0,7.301697741941043e-66
0,0,5.044922681183829e-31
0,0,1.2355884783030694e-20
0,0,3.2348862549912824e-11
0,0,5.936652343620128e-10
0,0,0.2876778230149282
0,0,8.881330911417573e-08
0,0,3.384014337398337e-08
-1,0,3.223627462613011e-36
-1,0,7.733934817005848e-71
-1,0,8.676684781620711e-81
0,0,3.148232241162206e-32
0,0,3.023705443043534e-07
0,0,9.217028933845396e-21
-1,0,1.3556773600773454e-69
0,0,3.2157637135027312e-27
-1,0,9.389613661181497e-44
0,0,7.547289130884932e-29
0,0,9.880884031966044e-25
0,0,3.038512632260806e-25
0,0,2.4318488082263972e-32
0,0,0.4839107504998532
0,0,7.102316840877256e-12
0,1,0.9999999997923528
0,0,0.0030423243084490926
-1,0,4.7668493898325065e-29
0,0,1.3087313511965429e-25
-1,1,0.9999999999988798
-1,0,4.734814555027112e-42
0,0,1.5322029591420078e-23
-1,0,7.908084963096478e-32
-1,0,4.6580810299037905e-65
0,0,5.869040622255591e-51
-1,0,1.1112450295357047e-43
-1,0,9.80649414782779e-35
-1,0,5.954647083882141e-59
0,0,1.9483056267653263e-05
-1,0,9.913113781281077e-37
0,0,5.906365316063573e-29
0,0,6.31887416323833e-33
0,0,2.7260656543929215e-39
0,0,1.7494211929484372e-22
-1,0,1.2113335537993578e-68
0,0,3.793428908954019e-15
0,0,1.5618819828570632e-18
0,0,1.7277898623931465e-14
-1,0,2.2800954630180686e-09
-1,0,1.8311388258880687e-59
0,1,0.9994562134587761
0,1,0.8348283043580801
-1,0,3.1739675639830485e-62
-1,0,7.295755629374689e-63
0,0,2.7083683722534117e-15
-1,0,7.874148242393679e-54
0,0,2.041483509804702e-08
0,0,4.0049241903411934e-08
0,0,5.049031576818981e-34
0,0,2.274944161020272e-31
-1,0,9.65542535624315e-61
0,0,2.7238471855443807e-36
-1,0,1.0365851432611419e-39
-1,0,3.218382829457698e-30
-1,0,3.0230110463245424e-44
0,0,1.932101534217952e-12
0,1,0.9083862650298209
0,0,2.4278923476750363e-26
0,0,0.001483572592804717
0,0,7.037377847698305e-16
-1,0,3.5747713607009416e-41
0,1,0.999999999754253
0,0,1.1124058959796477e-09
0,0,6.288083115288434e-15
0,0,4.835482496950456e-06
-1,0,5.655281859513757e-38
0,0,4.0179877271934834e-20
0,0,0.0005657986584485379
0,0,2.0564967849631063e-35
0,0,2.5570020553427884e-10
-1,0,4.000744952498749e-42
0,0,8.814467112572634e-18
0,0,2.875710124768479e-29
0,0,2.2940682915239396e-24
0,0,7.838941445480228e-45
0,0,0.19590697142702915
0,0,1.750846029275574e-25
0,0,1.6392141652714866e-27
-1,0,6.52957368612996e-68
0,0,6.288083115288434e-15
0,1,0.9998805588889411
0,0,5.3392173273628344e-33
-1,0,8.299631491980926e-41
0,0,2.4298697726823984e-29
-1,0,4.998795169954212e-35
0,0,0.08144701269379574
-1,0,7.927423198623883e-41
0,0,1.238609955831449e-29
0,0,0.1281449658119556
-1,0,5.3522737174611924e-42
-1,0,5.5726974413457614e-67
0,0,9.298327031225707e-08
0,0,2.4688836752616387e-12
0,1,0.9942793861958276
0,1,0.9999999999803639
0,0,7.05458687756448e-25
0,0,1.3186590962312202e-15
-1,0,2.5108924973905008e-64
0,1,0.6084988841346733
0,0,9.321065797051221e-17
0,0,9.840744151173174e-10
0,0,2.8593682378088187e-08
0,0,1.6255491206274863e-34
0,0,4.2593059247390175e-28
-1,0,1.9399824734357346e-27
0,0,2.02858259727413e-30
0,0,1.2325743713820692e-11
-1,0,3.4033547043003824e-29
0,0,6.705375374063721e-07
0,0,7.020205869379454e-07
0,0,7.35109960937303e-53
0,0,2.854059861259195e-39
-1,0,5.303335987071985e-46
-1,1,0.9999999999998517
0,0,7.04310952149158e-19
-1,0,1.6432226590795316e-36
-1,0,1.4421178073611107e-52
0,1,0.7530330563243364
0,0,7.137094971940741e-30
-1,0,2.0548232104301038e-32
0,0,4.75135129667565e-17
0,0,8.308294840773101e-07
0,0,1.5513856094215994e-31
-1,0,1.7941447359713e-67
-1,0,3.4144558637304897e-41
-1,1,0.9999999999995923
-1,0,1.437098618478178e-77
0,0,4.26277496571918e-31
0,0,1.6869917467305263e-47
-1,0,2.130266177162592e-79
-1,0,7.727640950443674e-68
-1,0,1.2927734738035964e-63
-1,0,3.1449468566892876e-66
0,0,7.847130434275824e-11
0,0,3.3978176665600345e-23
-1,0,9.888931632263629e-28
0,1,0.9783369542741867
0,0,4.2558397068601e-25
0,0,3.997489151218388e-39
0,0,6.308593764115123e-27
0,1,0.9999999999997089
0,0,1.034481119849306e-24
0,0,1.5577136286633073e-46
0,0,7.108101405035189e-15
-1,0,8.171775881077619e-67
-1,0,2.558496166159374e-50
0,0,1.837534233635172e-34
-1,0,6.524259927162587e-65
-1,0,3.226252983289404e-39
0,0,0.002173999232643639
-1,0,7.792602726892727e-61
0,0,2.72883898486737e-05
0,0,5.03671491863485e-25
-1,0,7.927423198623883e-41
-1,0,2.5068074378748294e-58
0,0,2.1425618532556473e-17
-1,0,4.945889531467599e-79
0,0,0.08144701269379574
0,0,7.060332567451291e-28
0,0,1.1665334419623471e-15
0,0,2.573710265736436e-34
-1,0,3.353655312642099e-58
-1,0,7.727640950443674e-68
-1,0,3.5254377582644595e-73
0,1,0.9998805588889411
0,1,0.9999999859919191
0,0,5.326192787153291e-24
0,0,2.4219697227718518e-17
-1,0,7.478281598730571e-33
-1,0,1.2948801599818284e-69
-1,0,2.183561396838995e-49
-1,0,2.5758064538338843e-37
0,0,9.7128413511435e-45
-1,0,4.4156866165438274e-75
-1,0,9.65542535624315e-61
0,0,2.0498106541157928e-23
0,0,1.3076663072461031e-22
0,0,3.4005850584630104e-26
0,1,0.9999999999978024
0,0,1.1665334419623471e-15
0,0,1.7465749979406465e-16
-1,0,4.979352458529527e-66
0,0,1.6338847135184283e-15
-1,0,2.063204724822749e-47
-1,0,9.288624487758152e-42
0,0,1.033214973196716e-27
-1,0,1.313000208439796e-37
-1,0,2.264251666341438e-59
-1,0,7.089131287813501e-43
-1,0,1.2988783488468895e-35
0,0,4.4967754568839054e-21
0,0,1.750846029275574e-25
0,0,3.207919147300771e-18
-1,0,2.297806674202361e-30
0,0,2.7172026054463096e-27
0,0,8.895804598284825e-14
0,0,4.5041033413845324e-27
0,0,1.733425616638832e-26
0,1,0.9994306961340124
0,0,1.5463417079406335e-19
-1,0,2.4155059644585473e-45
-1,0,3.350926112108043e-55
0,0,2.0252822247369162e-24
0,0,5.326192787153291e-24
-1,0,8.165125700000763e-64
-1,0,1.0491393469030375e-38
0,0,7.071837989966978e-34
-1,1,0.999999999999754
0,1,0.9997227345096903
-1,0,2.6989420879682804e-40
0,0,1.5488616054856388e-25
0,0,6.716306866666559e-13
0,0,9.822474678134604e-41
0,0,4.048467287056211e-10
0,0,6.710841139969479e-10
-1,0,7.740233809680226e-74
0,0,4.5151175643805775e-36
0,0,1.2335782558518951e-14
-1,0,7.78626111645825e-58
0,0,5.3578647099187223e-08
-1,0,3.0583671749029367e-49
0,1,0.9998586465460247
0,1,0.9998586465460247
-1,0,4.050832893410165e-50
0,0,1.834544684415435e-28
-1,0,1.242650089107622e-41
0,0,3.8058024235489005e-27
0,0,5.028520509584165e-19
0,0,2.3077099172696056e-08
0,0,2.297806674202361e-30
-1,0,5.2741141452572364e-71
0,0,9.872842980795741e-22
0,0,1.3165137215302193e-09
0,0,2.0619994296887393e-07
0,0,0.0009375332382084733
-1,0,1.2788691610966072e-61
-1,0,8.655518789885445e-72
0,0,4.694495711258202e-18
0,0,1.3108640421160316e-31
0,0,1.042328463608328e-14
-1,0,1.285131438636361e-79
-1,0,1.0385131470534105e-08
0,0,8.888565202746492e-11
0,0,6.0060854522486336e-15
0,0,1.9384037181049167e-24
-1,0,8.191758939858734e-76
0,0,2.1929723084679308e-27
-1,0,6.687484537200293e-35
0,1,0.999999999999754
0,0,3.423592755874988e-13
0,0,3.221004078581996e-33
-1,0,5.975444194157522e-34
0,0,2.2940682915239396e-24
0,0,2.1693859854557384e-25
0,0,7.882374010761638e-20
0,0,6.361626437402961e-20
0,0,3.22951900331595e-05
0,0,8.77664074753732e-40
-1,0,6.324020643394645e-36
0,0,7.048845863513023e-22
-1,0,3.374983186435948e-36
-1,0,3.2288806423515285e-42
-1,0,2.5278807078965357e-51
0,0,5.020339432303906e-13
-1,0,9.913113781281077e-37
0,0,3.793428908954019e-15
0,0,3.825317909950347e-08
0,0,8.286128528935902e-35
-1,0,2.994141051132742e-54
0,0,4.288123560593319e-15
0,0,1.476993905135692e-19
0,0,8.321840839764251e-13
0,0,1.9116527937124721e-56
0,0,1.0579588503135048e-31
-1,0,1.6980150510987818e-71
-1,0,7.727640950443674e-68
-1,0,2.4298697726823984e-29
-1,0,5.853377313273342e-79
-1,0,1.840528654583933e-40
0,1,0.9998805588889411
0,0,9.328657446911647e-20
0,0,2.8951666204187995e-16
0,0,1.3066021300271093e-19
0,0,1.7376644928016494e-35
-1,0,2.55641406515253e-47
-1,0,1.6308513831059392e-46
-1,0,1.6405492422101055e-30
0,0,3.22951900331595e-05
0,0,2.897524622362823e-19
0,0,7.037377847698305e-16
0,0,6.371993257853701e-26
0,0,9.972062120614941e-21
0,0,0.1104725811709537
-1,0,1.213307526584722e-74
0,0,2.189404484514647e-21
0,0,2.7172026054463096e-27
-1,0,1.4300958247324608e-59
0,0,1.1226582700732792e-05
0,0,3.617412516379185e-09
0,1,0.9999999106361657
0,0,1.3873330573701548e-33
0,0,2.565342558222492e-22
-1,0,7.375077635714741e-65
-1,0,2.4155059644585473e-45
0,0,3.392289637221622e-17
0,0,1.8439519744864257e-09
-1,0,1.2396187560376748e-32
-1,0,9.145533465044529e-68
-1,0,4.560493154956784e-35
-1,0,4.408502580329785e-69
0,0,9.422407683732956e-19
0,0,1.0414802179865633e-11
0,0,0.013708596884222312
0,0,0.019095830652564257
-1,0,2.712158079824741e-58
0,0,2.3057787916287177e-05
0,0,1.4757919293275348e-16
0,0,0.00010501250477290796
-1,0,6.174692226045827e-69
0,0,9.880884031966044e-25
0,1,0.9999999999990534
0,0,1.2480057755523227e-19
-1,0,4.0278132150805935e-29
-1,0,2.55641406515253e-47
0,0,9.85678050452192e-16
0,0,2.0431462613329723e-11
-1,0,8.678680472098775e-44
-1,0,9.814481160423866e-38
0,0,4.523310923200747e-05
-1,0,1.3615201817408373e-47
0,0,4.507771760452391e-30
-1,0,4.66947178613395e-74
0,0,4.738670879511787e-45
0,0,5.040817129362813e-28
0,0,1.5501230937367589e-28
-1,0,4.1587313933434144e-61
0,0,7.466114918780165e-27
-1,0,1.8136513049068993e-69
0,0,2.7194156625397087e-30
-1,0,3.3311176184233344e-71
0,0,1.5476011438320488e-22
-1,0,1.4324262895574716e-65
0,0,1.8484611324816868e-18
0,0,1.8315599989987084e-22
0,0,2.4443189953032195e-13
0,0,2.5460289487252314e-32
0,0,4.2523763097849655e-22
0,0,4.2489157312181336e-19
0,0,5.627724410131389e-20
-1,0,1.9510698228531035e-48
0,0,3.389528996122073e-14
0,0,1.2185367497830813e-52
0,0,4.2523763097849655e-22
-1,0,1.636170940655352e-58
0,0,8.265915264033926e-26
0,0,1.4536540868561307e-36
-1,0,2.3724935198237685e-62
-1,0,3.0063539929500583e-69
-1,0,1.5447280001046604e-53
0,0,3.0360398944491674e-22
0,0,8.873316656119891e-05
-1,0,2.0079369481918803e-68
0,0,4.284633890939777e-12
-1,0,2.831409883831435e-55
0,0,9.832726107204305e-07
0,0,2.183561396838995e-49
0,0,4.048467287056211e-10
-1,0,7.035759580035607e-53
0,1,0.8933691021372158
0,0,7.05458687756448e-25
-1,0,4.5114431673065613e-33
0,0,3.4180216238487823e-07
-1,0,4.26277496571918e-31
0,0,1.0440270279832206e-20
-1,0,1.9447264586313445e-36
0,0,7.968073937269382e-22
0,0,3.2157637135027312e-27
-1,0,1.7039455127650956e-46
0,0,1.941562514602094e-30
0,0,3.1974792610078003e-06
0,0,2.3095895115515735e-11
0,0,3.389528996122073e-14
0,0,5.0790556472839706e-18
-1,0,8.648474939429124e-69
-1,0,4.434717744585261e-53
0,0,2.3171229965379114e-23
-1,1,0.9999999999999243
0,0,2.873369875435543e-26
-1,0,4.9338244790217234e-70
0,1,0.9214744111588262
0,0,2.1623328265769424e-13
0,0,1.3794492562940689e-12
-1,0,5.3392173273628344e-33
0,0,2.1658565349228067e-19
-1,0,1.3626290876023268e-50
-1,0,9.846494314958708e-50
0,1,0.9998805588889411
0,0,5.975444194157522e-34
-1,0,1.3780097115544431e-46
0,0,3.389528996122073e-14
0,0,3.808902103356619e-30
0,0,1.733425616638832e-26
0,0,0.08144701269379574
0,0,0.013708596884222312
-1,0,1.042088776826831e-51
-1,0,1.6281980935014953e-40
-1,0,6.286637150358493e-52
-1,0,7.901649373361628e-29
0,0,5.0707923525835785e-12
0,0,9.96394686882897e-18
0,0,2.691253105112919e-37
0,0,8.419170313673506e-18
0,0,4.089153165870218e-09
0,0,5.970581385083449e-31
0,0,2.419998726815268e-14
-1,0,4.654290289338776e-62
0,1,0.9999999999997089
-1,0,1.9447264586313445e-36
-1,0,1.0321367463792418e-61
0,0,4.216927060170485e-29
0,0,0.0002059897396796882
0,1,0.9883209532807314
0,0,9.30590102566265e-11
0,0,5.96086763575867e-25
0,0,3.2322536041989854e-08
-1,0,1.9253769916830642e-37
0,0,1.2365948176319885e-23
-1,0,4.665671775785643e-71
0,0,4.79519546368602e-13
-1,0,1.2416388220063035e-38
0,0,0.0005657986584485379
0,0,3.5989575687722334e-28
-1,0,5.294707802806309e-40
0,0,1.0528035551061259e-13
0,0,1.8469568571046376e-15
-1,0,9.830474706258167e-44
-1,0,3.0353417473139436e-59
0,1,0.999999999999754
-1,0,5.057259410427577e-40
-1,0,1.1436340858557504e-63
0,0,3.16107371273346e-47
-1,0,1.2999362353429834e-38
0,0,2.1693859854557384e-25
-1,0,6.69293123633942e-38
-1,0,4.276679406666676e-43
-1,0,4.734814555027112e-42
0,0,7.888793901454449e-23
0,0,1.0491393469030375e-38
0,0,2.852888329648118e-45
-1,0,6.164646401598894e-63
-1,0,2.88039634311617e-35
0,0,2.266617028176299e-25
0,0,8.272647534337216e-29
-1,0,3.0279373042628576e-50
0,0,4.7590940345236434e-23
0,0,3.5931022978364907e-22
-1,0,5.074922318097523e-15
0,0,3.0335691689485574e-19
-1,0,2.6753441687911963e-53
0,0,9.430081872665136e-22
0,0,2.0498106541157928e-23
0,0,2.548102591453871e-35
0,0,9.407078036513417e-13
-1,0,1.2819964761370286e-70
0,1,0.9999999999998517
0,0,0.0002437761885866907
-1,0,2.4021963168390008e-70
-1,0,4.280162597680134e-46
0,1,0.9990989279903378
-1,0,1.612648672606137e-50
0,0,3.443159205401834e-34
-1,0,1.8004109387199298e-42
0,1,0.9999999999915423
0,0,5.946326635562243e-16
-1,0,9.846494314958708e-50
0,0,6.995777451273967e-32
-1,0,1.1028788359108285e-53
-1,0,1.822215925710872e-41
0,0,4.045171014695277e-07
-1,0,3.9689948185585506e-58
0,1,0.9998805588889411
-1,0,7.908084963096478e-32
0,0,8.836021792608121e-27
0,0,1.3895938365675664e-39
0,0,1.1040309638061715e-19
0,0,4.014717893764462e-17
-1,0,3.798736896746676e-58
0,0,1.6432226590795316e-36
-1,0,5.617276459021372e-51
0,1,0.9998805588889411
0,1,0.9783369542741867
-1,0,1.6295241982730549e-43
-1,0,2.712158079824741e-58
0,0,4.266246832099989e-34
0,0,8.75876495592436e-40
0,0,2.892810537413019e-13
0,0,3.578504482923117e-07
0,0,8.881330911417573e-08
-1,0,2.9892697775100403e-48
0,0,1.4694587223937558e-38
0,0,1.1085342472838436e-34
0,1,0.9998327148965551
0,0,9.422407683732956e-19
0,0,7.516629200866322e-14
0,0,2.4259165318937102e-23
0,0,2.878052280144555e-32
-1,0,4.998795169954212e-35
0,0,4.2593059247390175e-28
-1,0,1.4682628787079896e-35
-1,0,7.301697741941043e-66
-1,0,2.996579663946795e-57
0,1,0.9975279983946974
0,0,8.82883104903205e-24
0,0,4.078240041262729e-37
0,0,5.951169690075005e-19
-1,0,9.281065416670235e-39
0,0,9.79449155106624e-38
-1,0,5.603573618581876e-42
0,0,1.7423140818364473e-07
-1,0,1.809227065753809e-60
0,0,0.0003414075220388876
-1,0,2.7172026054463096e-27
0,0,2.048142520747752e-20
0,1,0.9999999999998244
0,0,0.0007922964240672709
0,0,9.273512497145126e-36
0,0,5.281791839576714e-31
0,0,4.2523763097849655e-22
-1,0,1.470655540048266e-41
0,0,1.6325550601623422e-12
0,0,2.171152866966102e-28
-1,0,1.0914573055508697e-60
0,0,1.1067307338399106e-28
0,1,0.9999999928594738
0,0,7.108101405035189e-15
0,0,1.1772978927039708e-11
0,0,5.931817588179307e-07
0,0,7.108101405035189e-15
-1,0,4.7541276113221883e-57
-1,0,1.0346607080704875e-70
0,0,9.140192657942795e-28
0,1,0.9996718776349768
0,0,9.343859300989404e-26
0,0,1.3933123116193668e-11
0,0,5.61399608254021e-11
0,0,3.226252983289404e-39
0,0,3.6018887813952376e-31
0,0,1.1753686901971918e-05
-1,0,1.7404961673706858e-41
0,0,9.988312458251908e-27
0,0,7.935698323405924e-07
-1,0,1.151371691751895e-50
0,0,1.6378801748168368e-24
0,0,2.051480146114337e-26
-1,0,1.7433324563983726e-47
-1,0,7.867740270319934e-51
0,0,6.282965881008664e-12
-1,0,8.676684781620711e-81
0,0,7.528878198208516e-20
0,0,1.0510906014108175e-07
-1,0,1.2135865947241277e-37
-1,0,2.4338294556188213e-35
-1,0,1.9431438426512584e-33
-1,0,1.3918582999001594e-45
-1,0,9.229925940284032e-64
0,1,0.9998805588889411
0,0,1.0448773478730175e-23
0,0,1.1684344090910377e-21
-1,0,1.2332945905657682e-51
0,1,0.9999999999998244
-1,0,1.0941263282714585e-69
-1,0,4.681967030410083e-46
0,0,4.0212602237762793e-23
0,0,1.0536610231400569e-16
0,0,5.970581385083449e-31
0,0,1.8484611324816868e-18
-1,0,5.944959258633646e-53
0,0,4.245457968865787e-16
-1,0,2.571615783514225e-31
-1,0,1.313000208439796e-37
0,0,1.3955828345480955e-17
0,0,7.835778547123054e-36
-1,0,9.814481160423866e-38
0,0,2.4338294556188213e-35
0,0,3.0665511937142283e-21
-1,0,7.882374010761638e-20
-1,0,4.786293114511911e-44
-1,0,1.512288503454244e-58
0,1,0.9999999999998244
-1,0,5.659887869242068e-41
0,0,1.7423140818364473e-07
-1,0,1.3670737500192242e-62
0,0,7.05458687756448e-25
0,0,4.0310937141455423e-32
-1,0,4.168901052313315e-70
0,0,4.288123560593319e-15
0,0,7.882374010761638e-20
-1,0,8.678680472098775e-44
-1,0,4.470193447833645e-37
0,1,0.9996116960617352
0,0,1.2325743713820692e-11
0,0,3.831551742877566e-14
-1,0,7.848547625925323e-42
-1,0,1.3020545938605258e-44
0,0,1.5501230937367589e-28
0,0,7.472195782440466e-30
-1,0,2.1583184246612324e-44
0,0,5.334872278923794e-30
-1,0,1.822215925710872e-41
0,0,7.05458687756448e-25
0,0,3.434759928360063e-25
0,0,5.641486308319674e-29
-1,0,2.978865835780189e-73
-1,0,5.3392173273628344e-33
0,0,4.2558397068601e-25
0,0,3.207919147300771e-18
0,0,1.1114993872453482e-06
-1,0,5.641486308319674e-29
0,0,2.4259165318937102e-23
0,1,0.9999999999986742
0,0,6.282965881008664e-12
0,0,6.26109846332325e-37
0,0,2.419998726815268e-14
-1,0,1.0482855586037235e-35
0,0,2.0360352355286525e-36
0,0,2.5632548856303504e-19
-1,0,1.0429375180855304e-54
0,0,9.281065416670235e-39
-1,0,7.805301446961855e-67
-1,0,2.807806291764087e-62
0,0,2.5826991605843896e-09
0,1,0.6852339549890726
0,0,5.03671491863485e-25
0,0,7.472195782440466e-30
0,0,2.176462150528882e-37
0,0,3.6018887813952376e-31
-1,0,6.216468993253129e-56
-1,0,7.94034162031168e-47
-1,0,2.280507253248423e-40
0,0,1.7598210305497768e-06
0,1,0.9994562134587761
0,0,8.362590651061912e-31
0,0,2.4542892422502834e-28
0,0,4.755221089700783e-20
0,0,4.4967754568839054e-21
0,0,7.908084963096478e-32
0,0,8.821646157274373e-21
0,1,0.9999999994294435
0,0,4.2350997625793924e-07
0,0,3.16107371273346e-47
0,0,3.802705266256765e-24
-1,0,2.1342284028128434e-48
0,0,4.46655560995002e-34
0,1,0.9979104483238262
-1,0,4.172296461999457e-73
0,0,4.048467287056211e-10
0,0,0.000404024767464273
-1,0,2.0548232104301038e-32
0,0,3.226252983289404e-39
-1,0,7.030033887615479e-50
-1,0,1.2165542693901602e-46
-1,0,3.3311176184233344e-71
0,0,1.7249788304040985e-08
-1,0,5.217388869086269e-69
-1,0,6.201304476545959e-47
0,1,0.9999999978041865
0,0,9.321065797051221e-17
0,1,0.999999999999946
-1,0,1.1482989083581427e-78
-1,0,8.313156459272358e-47
-1,0,1.392991914992902e-48
-1,0,2.2624090211436402e-56
-1,0,1.3545741115231133e-66
0,0,3.1974792610078003e-06
0,0,7.020205869379454e-07
-1,0,2.0426764333227763e-48
-1,0,6.2661978873922655e-40
-1,0,9.913113781281077e-37
0,0,0.08144701269379574
-1,0,1.641885406517557e-33
0,0,9.955838221224878e-15
-1,0,1.1741559174199063e-39
0,0,1.8330517342265654e-25
0,1,0.7530330563243364
0,1,0.9998749515923812
0,0,1.4142059272238143e-28
0,0,3.6233074160254164e-15
-1,0,9.296189715418824e-45
0,0,9.336255279878986e-23
0,0,7.908084963096478e-32
0,0,9.313480325265302e-14
-1,0,1.3813794624468024e-55
-1,0,2.30155114889863e-36
0,0,1.8484611324816868e-18
0,0,6.045330995761677e-39
0,0,4.534577228969644e-14
-1,0,1.0823585476683216e-67
-1,0,1.941562514602094e-30
-1,0,1.5184570476838378e-73
-1,0,4.484774452301124e-49
0,1,0.6478195940673581
0,1,0.9994562134587761
0,0,4.500437907671498e-24
-1,0,8.798102927914407e-49
0,0,5.012169152926518e-07
0,0,2.547056648874155e-41
0,0,1.4733909111973786e-10
0,0,5.028520509584165e-19
0,0,3.5660510276497356e-32
-1,0,9.374337367722121e-38
0,1,0.7830138077937304
0,0,4.2523763097849655e-22
0,0,5.627724410131389e-20
-1,0,3.020005510055211e-10
-1,0,1.4730521004371203e-47
0,0,6.250912061522801e-31
0,0,8.814467112572634e-18
0,0,8.308294840773101e-07
-1,0,2.1817844172824416e-46
0,0,9.374337367722121e-38
-1,0,8.819617591376968e-58
0,0,2.6901672238004486e-28
-1,0,8.247182788323067e-63
0,0,6.288083115288434e-15
-1,0,1.1693860540114773e-24
0,0,2.878052280144555e-32
0,0,5.61856846690496e-14
0,0,1.5577136286633073e-46
0,1,0.9999999998245457
0,0,1.7147819081187295e-24
-1,0,1.2864739576252513e-45
0,0,1.1142186588305453e-15
0,0,4.799100966102376e-16
0,0,1.4548380322424268e-39
-1,0,1.0914573055508697e-60
0,0,3.7965185110096325e-18
0,0,5.646081082101814e-32
0,0,8.398632434772676e-09
-1,0,1.941562514602094e-30
-1,0,1.634839426773155e-55
0,0,2.286609762586424e-12
0,0,5.815377909401755e-55
-1,0,8.22706452805082e-54
0,0,4.284633890939777e-12
-1,0,2.1233402055275958e-67
0,0,5.040817129362813e-28
0,0,1.3218837125956576e-24
-1,0,1.3151398558313454e-43
0,0,1.3910261329170488e-05
0,0,2.1693859854557384e-25
0,0,4.0278132150805935e-29
0,0,2.4358117161724606e-38
0,0,9.273512497145126e-36
0,0,5.330530766479859e-27
0,0,0.0002059897396796882
0,0,4.0278132150805935e-29
-1,0,3.537750648817801e-48
0,0,1.0448773478730175e-23
0,1,0.9998805588889411
0,1,0.9975279983946974
0,0,6.045330995761677e-39
0,0,9.414739740046072e-16
0,0,3.1974792610078003e-06
0,1,0.9998805588889411
-1,1,0.9999999999997089
0,0,4.2272390293857294e-38
0,0,5.049031576818981e-34
-1,0,1.7926846632103807e-64
-1,0,4.507771760452391e-30
0,0,7.816663870476151e-27
0,0,1.1049301545955912e-22
-1,0,7.920971871456832e-38
0,1,0.9999999999939615
-1,0,4.0105282753307606e-51
-1,0,9.359085927803079e-32
0,0,8.917558178998357e-23
-1,0,1.040393365861044e-45
-1,0,8.662568377286757e-75
0,0,4.482155414377611e-09
0,0,4.52984510361254e-48
0,0,0.041384726703904556
-1,0,2.2800954630180686e-09
-1,0,6.286637150358493e-52
0,1,0.9083862650298209
0,0,5.040817129362813e-28
-1,0,5.940121258162209e-50
-1,0,9.359085927803079e-32
-1,0,8.641436821249569e-66
0,0,1.0440270279832206e-20
-1,0,5.015100382593375e-47
-1,0,3.2019635993788986e-49
-1,0,1.45720881663437e-45
-1,0,5.261248418401995e-62
-1,0,4.7463929535232734e-51
0,0,6.282965881008664e-12
-1,0,5.225891055462544e-75
0,0,1.2480057755523227e-19
0,0,2.3090584140709314e-48
-1,0,5.949801199470532e-56
0,0,7.108101405035189e-15
-1,0,1.9100970930399043e-53
0,0,2.065360061963513e-13
-1,0,3.7441246888694135e-50
-1,0,3.1993578453729615e-46
0,0,4.0212602237762793e-23
0,0,0.00010501250477290796
-1,0,3.94232183542897e-71
0,0,2.0464757449046067e-17
-1,0,9.752459513506505e-60
0,0,4.284633890939777e-12
0,0,3.58142031762407e-10
0,0,9.972062120614941e-21
-1,0,1.5472452679732114e-59
0,0,8.821646157274373e-21
0,0,4.822600869849647e-34
0,0,1.9499303994023235e-08
-1,0,8.191758939858734e-76
0,0,4.787391699239578e-07
0,0,5.334872278923794e-30
0,0,9.366708543598662e-35
0,0,2.1443068875412507e-20
0,1,0.7830138077937304
0,0,4.5271995604720655e-08
0,0,1.6242262507692079e-31
-1,0,1.2175451060874158e-49
-1,0,6.916103494848479e-73
-1,0,2.4358117161724606e-38
-1,0,7.434074866363372e-49
0,0,6.660317457159918e-20
0,0,2.1822862362576766e-09
0,0,4.9470271162587674e-42
0,0,3.3694923073180935e-30
0,0,3.8058024235489005e-27
0,0,2.5758064538338843e-37
0,0,1.5631540757051585e-21
-1,0,8.721177630876798e-62
-1,0,2.577904349196013e-40
0,0,1.834544684415435e-28
0,0,9.848759068762597e-13
0,0,7.3978495911386e-31
0,0,3.638086693922522e-30
-1,0,1.1028788359108285e-53
-1,0,9.199917387390106e-52
0,0,8.398632434772676e-09
-1,0,2.252700129114206e-78
-1,0,1.3670737500192242e-62
-1,0,6.631735400392461e-42
0,0,6.682042270578171e-32
0,0,2.7355866700355753e-14
-1,0,4.7707318054588183e-32
0,0,7.528878198208516e-20
0,0,6.716306866666559e-13
0,0,3.834672394516415e-17
0,0,4.2523763097849655e-22
-1,0,3.218382829457698e-30
0,0,4.014717893764462e-17
-1,0,5.294707802806309e-40
-1,0,1.437098618478178e-77
-1,0,2.8657014193665344e-54
0,0,3.1974792610078003e-06
0,0,3.0409873840223374e-28
0,0,2.2959367219807674e-27
-1,0,5.343565914676839e-36
0,0,0.24581950490426316
0,0,5.066665722410725e-09
0,0,1.5657013704574054e-27
0,0,0.24581950490426316
0,0,8.198430812686105e-79
0,0,0.013708596884222312
0,0,1.0448773478730175e-23
-1,0,5.388486160922092e-29
-1,0,1.1643677558907325e-46
-1,0,2.978865835780189e-73
-1,0,5.617276459021372e-51
0,0,6.612842331133317e-39
0,0,1.1494984845594908e-44
0,0,7.453968033230256e-21
0,0,6.346107821770395e-11
0,0,2.2828843849904702e-06
0,0,4.0278132150805935e-29
-1,0,1.3825045429291863e-58
-1,0,5.20042597134901e-57
0,0,0.0002437761885866907
0,0,1.7320149570218684e-23
0,0,1.1891293867522834e-10
0,0,4.75135129667565e-17
0,0,1.1693860540114773e-24
0,0,0.17071943780194804
-1,0,4.742530344824412e-48
0,0,1.5501230937367589e-28
0,0,6.705375374063721e-07
0,0,1.8285801694718732e-16
0,0,6.313731871281273e-30
-1,0,1.9494820446510812e-45
0,0,1.803344864049101e-48
0,0,0.000404024767464273
0,1,0.999999999998431
0,0,1.0440270279832206e-20
-1,0,3.777149804974997e-37
-1,0,1.6335089964752571e-52
0,0,9.343859300989404e-26
-1,0,2.384110981042134e-80
-1,0,1.632179648879886e-49
0,0,7.020205869379454e-07
0,0,1.1504347068971367e-47
-1,0,5.940121258162209e-50
0,0,2.0670422183575884e-16
0,0,1.3175859730924498e-12
0,0,7.453968033230256e-21
-1,1,0.9999999999994289
-1,0,4.175694637116057e-76
0,0,7.066082936981593e-31
0,0,1.548225830337177e-31
-1,0,3.519702099300059e-67
0,0,6.2560031891591265e-34
0,0,5.330530766479859e-27
0,0,1.0448773478730175e-23
0,0,1.648961753639555e-11
0,0,7.447902003289706e-18
0,0,1.9368262475632567e-21
0,0,3.6048223813783205e-34
-1,0,4.9631634703840834e-54
0,0,2.3807796547810463e-37
0,0,4.050832893410165e-50
-1,0,4.0475363306255544e-47
-1,0,2.3053017255402817e-42
-1,0,1.7021673351398417e-80
-1,0,2.5522549449936187e-41
0,0,1.8285801694718732e-16
-1,0,7.746537932642273e-77
0,1,0.996541059690446
-1,0,2.2777160407559435e-43
-1,0,3.519702099300059e-67
-1,0,2.046005151227194e-54
0,0,1.5606109252365476e-15
0,0,1.1076321234882641e-31
-1,0,5.019184989112468e-50
0,0,1.1142186588305453e-15
0,1,0.9993565019537479
0,0,7.767267233127525e-49
-1,0,1.4794007944386367e-25
-1,0,9.130654274260077e-62
0,0,4.045171014695277e-07
0,0,2.4318488082263972e-32
0,0,2.888103287861588e-07
-1,0,1.1094371058245837e-37
-1,0,6.15962962000289e-60
-1,0,1.1681657238418925e-58
0,1,0.9957177404184739
-1,0,4.0040034055041814e-45
0,0,0.0030423243084490926
-1,0,7.319553133144161e-75
0,0,2.4278923476750363e-26
0,0,3.0335691689485574e-19
0,1,0.9998805588889411
0,0,1.9384037181049167e-24
0,0,1.5606109252365476e-15
0,0,1.6312264862209458e-09
0,1,0.9932368483549618
-1,0,3.54929018477239e-60
-1,0,2.854059861259195e-39
-1,0,1.304176404426511e-50
0,0,1.6281980935014953e-40
0,0,1.9399824734357346e-27
-1,0,1.791225778654813e-61
0,0,3.392289637221622e-17
0,0,3.4180216238487823e-07
-1,0,1.3813794624468024e-55
-1,0,7.472195782440466e-30
0,0,2.550177923084855e-38
0,0,3.395052526757133e-20
0,1,0.9998805588889411
0,0,7.00717767564494e-38
-1,0,1.8266719275011704e-50
0,0,9.351469515282643e-29
0,0,1.3805727646996069e-15
0,0,4.9470271162587674e-42
-1,0,1.1643677558907325e-46
0,0,6.361626437402961e-20
0,0,2.273092814283566e-28
-1,0,5.239875246456633e-47
0,1,0.9998805588889411
-1,0,6.653366984042856e-54
-1,0,3.2019635993788986e-49
0,0,4.790191366304773e-47
0,1,0.9975279983946974
0,0,1.1124058959796477e-09
0,1,0.999999999996922
-1,0,9.92118763147067e-40
-1,0,1.1094371058245837e-37
-1,0,1.1634201948551128e-43
0,0,0.0003414075220388876
-1,0,3.391509569312631e-54
-1,0,2.165358489248956e-56
-1,0,8.71408034733711e-59
-1,0,4.230681953112067e-41
0,0,1.1133119090666612e-12
0,0,5.0707923525835785e-12
0,1,0.9999999999999545
0,0,9.30590102566265e-11
0,0,4.277644770719945e-06
0,0,4.0179877271934834e-20
0,1,0.9982338331721738
0,0,1.2957098519971428e-26
0,0,2.7311359730587322e-08
0,1,0.9816338355075707
0,0,5.330530766479859e-27
-1,0,1.9206802077709e-28
0,0,5.053143818991641e-37
0,0,1.840528654583933e-40
0,0,1.834544684415435e-28
-1,0,4.7463929535232734e-51
0,0,5.0326160462808525e-22
-1,0,2.4155059644585473e-45
-1,0,5.316304633827571e-55
0,0,7.060332567451291e-28
-1,0,1.6405492422101055e-30
-1,0,7.313596489882591e-72
-1,0,3.411677183783317e-38
0,0,1.941562514602094e-30
-1,0,1.0252004395100904e-74
0,0,3.987737636156297e-30
-1,1,0.9999999999995175
-1,0,1.9510698228531035e-48
-1,0,2.1583184246612324e-44
-1,0,6.329171315161075e-39
0,1,0.9083862650298209
0,0,5.665797289302094e-07
0,0,1.0536610231400569e-16
0,0,0.002571865734129096
0,0,0.029901125253882894
0,0,1.1049301545955912e-22
0,0,2.1929723084679308e-27
0,0,1.244961377612252e-10
0,0,6.67660443286578e-29
-1,0,2.380232186844663e-74
0,0,2.3077099172696056e-08
0,0,3.207919147300771e-18
-1,0,1.2757494748598091e-52
0,0,1.6503047696414617e-14
-1,0,5.664497630388201e-44
0,0,9.359085927803079e-32
0,0,1.545083296976562e-16
-1,0,1.6295241982730549e-43
0,1,0.9990989279903378
-1,0,2.701140272571971e-43
-1,0,3.4172368068055896e-44
-1,0,5.2484140763295925e-53
0,0,4.791293137271496e-10
0,0,2.746744982308341e-29
-1,0,2.659529275744074e-69
0,0,1.1040309638061715e-19
-1,0,5.82485457063504e-61
0,0,0.011607933220961063
-1,0,1.605728159251801e-72
-1,0,3.045942935957553e-34
0,0,1.2396187560376748e-32
0,0,1.7348374251838137e-29
0,1,0.999540481540717
-1,0,6.698382371605761e-41
-1,0,4.701064524468073e-61
-1,0,1.2312881001214309e-45
-1,0,1.5472452679732114e-59
-1,0,1.3545741115231133e-66
0,0,3.787257231396363e-09
-1,0,1.0361668962988945e-30
-1,0,2.4338294556188213e-35
-1,0,9.359085927803079e-32
0,0,2.7039620249643428e-09
0,0,2.6934450273356185e-40
-1,0,5.834346674907289e-67
0,1,0.9999999999998941
-1,0,1.5472452679732114e-59
0,0,7.048845863513023e-22
0,1,0.9511043990131253
-1,0,1.4595834644245115e-51
0,0,5.655281859513757e-38
-1,0,1.7273925515591176e-51
0,0,1.6462518977627758e-05
-1,0,8.783788984118497e-43
0,0,5.3392173273628344e-33
0,0,3.4180216238487823e-07
0,0,8.76949832818233e-37
-1,0,1.2302860793926403e-42
0,0,2.2828843849904702e-06
-1,0,1.2778284189594794e-58
-1,0,5.956016689069616e-22
0,0,5.675033411334533e-13
-1,0,5.906365316063573e-29
-1,0,3.783304997240585e-43
-1,0,7.012884752558738e-41
0,0,1.9368262475632567e-21
0,1,0.9998805588889411
-1,0,1.5459861216930845e-56
-1,0,2.1513012488975897e-32
-1,0,4.050832893410165e-50
0,0,1.932101534217952e-12
0,0,1.6298963422219067e-06
-1,0,2.2587282281548178e-50
0,0,3.2053085466773564e-15
-1,0,1.9463103635912954e-39
0,0,1.5250014320591752e-51
0,0,1.0491393469030375e-38
0,0,4.2523763097849655e-22
-1,0,1.822215925710872e-41
0,0,1.0431774000827103e-17
-1,0,1.3780097115544431e-46
-1,0,1.458395657211412e-48
-1,0,1.2788691610966072e-61
0,0,5.044922681183829e-31
0,0,6.303459838334123e-24
-1,0,2.241723015802496e-60
-1,0,7.920971871456832e-38
-1,0,7.035759580035607e-53
-1,0,1.1001884622354663e-44
0,0,3.7965185110096325e-18
-1,0,2.573710265736436e-34
-1,0,2.4278923476750363e-26
-1,0,8.790943042663647e-46
0,0,4.2385508818428615e-10
0,0,7.370770739111957e-25
0,1,0.9583694221824719
0,0,0.009825961931031822
0,0,2.8686950886958535e-20
0,0,2.4259165318937102e-23
-1,0,2.573710265736436e-34
0,0,3.0409873840223374e-28
0,0,5.96086763575867e-25
-1,0,8.389867987728837e-43
-1,0,7.848547625925323e-42
0,0,2.4135402287004693e-42
-1,0,4.929809338779943e-67
0,0,1.1160343744958126e-21
0,0,8.308294840773101e-07
0,0,1.2302860793926403e-42
0,1,0.9999999767798534
0,0,7.460039003719166e-24
0,0,0.00014707774493512014
-1,0,5.655281859513757e-38
0,1,0.5677175264052801
0,0,1.8207330086505324e-38
0,0,1.4599191775333057e-14
0,0,1.0510906014108175e-07
-1,0,6.698382371605761e-41
0,0,5.049031576818981e-34
0,1,0.9999999999993241
-1,0,1.0482855586037235e-35
0,0,4.7436211555359496e-11
-1,0,2.2716372669978404e-71
0,0,0.3612910141493116
0,0,9.96394686882897e-18
0,1,0.9214744111588262
0,1,0.999999999999754
-1,0,4.5041033413845324e-27
0,1,0.9998805588889411
0,0,1.9510698228531035e-48
-1,0,7.077597730221838e-37
-1,0,2.9812920075184005e-76
0,0,3.0615621134779745e-15
-1,0,2.3053017255402817e-42
0,0,8.850420854282638e-33
0,0,9.872842980795741e-22
0,0,1.037010814413511e-33
0,0,3.218382829457698e-30
-1,0,8.857629181925211e-36
0,1,0.9999999999999105
0,0,1.7203752326482014e-36
0,0,1.1494984845594908e-44
0,0,4.685780312616949e-49
-1,0,1.360412178305582e-44
0,0,2.419998726815268e-14
0,0,3.0409873840223374e-28
-1,0,2.599575289540275e-33
0,0,3.1974792610078003e-06
0,0,3.2322536041989854e-08
0,1,0.9999999999956888
-1,0,1.3615201817408373e-47
0,0,1.6405492422101055e-30
0,0,9.888931632263629e-28
0,0,3.0360398944491674e-22
-1,0,7.490468105338219e-39
-1,0,7.403874855313194e-34
0,0,1.3165137215302193e-09
-1,0,2.5237680096623396e-45
0,0,1.244961377612252e-10
0,0,2.4160614872056266e-08
0,0,1.1629426353078377e-49
0,0,1.280205138165953e-27
0,0,1.7320149570218684e-23
0,0,7.94034162031168e-47
0,0,7.829401800259734e-33
-1,0,6.334326181951797e-42
-1,0,9.85451390615333e-53
0,0,7.528878198208516e-20
0,0,4.7707318054588183e-32
0,0,0.0013126465350361259
0,0,1.9238101222751823e-34
-1,0,7.914525794371943e-35
-1,0,2.4233849306978964e-57
-1,0,4.0040034055041814e-45
0,0,5.675033411334533e-13
0,1,0.5564240532003618
0,0,9.243362234609597e-24
-1,0,4.203946575252904e-63
0,0,3.587256553047487e-16
-1,0,1.822215925710872e-41
0,0,3.389528996122073e-14
-1,0,4.697238803988491e-58
0,0,0.03678605105793915
-1,0,7.345117293628129e-50
0,0,7.05458687756448e-25
-1,0,3.032871589964606e-56
-1,0,1.3108640421160316e-31
0,0,4.302110684310445e-27
-1,0,1.5397057440001177e-41
0,0,0.06969986277062833
0,1,0.9999999999999545
0,0,1.8162914943183442e-29
-1,0,2.573710265736436e-34
-1,0,1.171291669718219e-30
0,0,0.002173999232643639
0,0,2.712781892743208e-21
0,0,5.3392173273628344e-33
0,0,8.836021792608121e-27
0,0,5.040817129362813e-28
0,0,5.632307975376277e-23
0,0,9.273512497145126e-36
0,0,2.1658565349228067e-19
-1,0,2.6797038734853426e-59
0,1,0.9997657107404381
0,1,0.9999999928594738
0,0,3.191553299810033e-37
0,1,0.9999999999997922
0,0,7.901649373361628e-29
0,1,0.999540481540717
0,0,1.1772978927039708e-11
-1,0,9.3819724052295e-41
-1,0,1.5434709023740468e-50
-1,0,9.192430506030582e-49
0,1,0.9975279983946974
0,0,5.020339432303906e-13
0,0,2.5460289487252314e-32
-1,0,5.669111146007705e-47
0,0,0.25442472219196505
-1,0,1.0321367463792418e-61
0,0,4.602576135368264e-31
0,0,1.3850759563141635e-27
-1,0,9.296189715418824e-45
-1,0,3.0279373042628576e-50
0,0,3.045942935957553e-34
0,0,5.573979195783326e-30
0,0,0.00014707774493512014
0,0,2.7172026054463096e-27
0,0,6.0060854522486336e-15
0,1,0.9999999999973992
0,0,3.2348862549912824e-11
-1,0,8.71408034733711e-59
0,0,5.931817588179307e-07
-1,0,7.914525794371943e-35
0,0,1.7598210305497768e-06
-1,0,1.435929109404802e-74
0,0,7.823030242785213e-30
0,1,0.9998586465460247
0,0,8.740986728399387e-25
0,0,3.632167762433703e-24
0,0,3.031100454121295e-16
-1,0,8.355785185161845e-28
0,0,1.4794007944386367e-25
0,0,0.24581950490426316
0,0,2.0360352355286525e-36
0,0,9.359085927803079e-32
-1,0,9.30376110466694e-48
0,0,1.7423140818364473e-07
0,0,2.7039620249643428e-09
0,0,1.394447110968193e-14
0,0,0.14817349570441543
0,0,4.0616726947501898e-22
0,0,0.0013126465350361259
0,0,4.6895967005955524e-52
-1,0,8.71408034733711e-59
-1,0,1.92694513724586e-40
0,0,1.1058300777413428e-25
0,1,0.9999993253060184
0,1,0.9999999939665167
-1,0,7.496568803732968e-42
0,0,0.0013126465350361259
0,0,1.3955828345480955e-17
0,0,3.5960287415663755e-25
0,0,7.497730858498214e-05
-1,0,1.213307526584722e-74
0,0,5.965722533357284e-28
-1,0,6.329171315161075e-39
-1,0,4.91778351251712e-58
0,1,0.999999999999946
0,0,2.7172026054463096e-27
0,0,2.593233859549622e-24
-1,0,1.6472409551592448e-45
-1,0,2.4155059644585473e-45
0,0,2.2495524236767072e-35
0,0,4.281147042883472e-09
-1,0,2.058171722558276e-38
0,1,0.9999999999997922
0,1,0.9998805588889411
0,0,6.2178988190785385e-19
-1,0,6.631735400392461e-42
-1,0,3.580596759789287e-47
0,1,0.9975279983946974
0,0,1.3154406156419533e-06
-1,0,5.883392629144921e-60
0,0,1.1763397953151616e-08
0,1,0.9583694221824719
0,0,9.286947265075156e-11
0,0,1.5513856094215994e-31
-1,0,8.671617772694442e-41
-1,0,8.260622285915626e-69
-1,0,1.2948801599818284e-69
0,1,0.9998586465460247
-1,0,4.017063777996954e-57
0,0,7.11968467100295e-21
0,1,0.9982338331721738
-1,0,8.69282313248452e-50
-1,0,6.687484537200293e-35
-1,0,4.66947178613395e-74
0,0,2.065360061963513e-13
0,0,1.3828225274154256e-21
0,0,1.3910261329170488e-05
0,0,5.024428305830088e-16
-1,0,5.225891055462544e-75
0,0,1.3933123116193668e-11
0,0,1.462298242090953e-20
-1,0,1.8390308346475755e-37
0,0,8.888565202746492e-11
0,0,5.304555758592075e-09
0,1,0.9993565019537479
0,0,1.3850759563141635e-27
-1,0,2.871031530594612e-23
0,0,1.6378801748168368e-24
-1,0,1.603115743505866e-66
0,0,3.646983181211733e-39
0,0,1.045728360315677e-26
-1,0,5.61270512640593e-48
0,0,3.2053085466773564e-15
0,0,2.0464757449046067e-17
0,0,7.9745636272587315e-25
0,0,4.709808351245023e-30
-1,0,1.634839426773155e-55
-1,0,6.513645378700078e-59
-1,0,2.999020262917093e-60
0,0,8.82883104903205e-24
-1,0,2.183561396838995e-49
-1,0,4.742530344824412e-48
-1,0,1.4421178073611107e-52
-1,0,1.6139621129719564e-53
0,0,1.8300694777430902e-19
0,1,0.9963792435860239
0,0,9.939640618272312e-09
-1,0,2.1548069803331313e-38
-1,0,1.0896815751854072e-54
0,0,6.293204517319474e-18
-1,0,1.894173876535436e-60
0,0,8.38304032356608e-40
-1,0,6.687484537200293e-35
0,0,4.7590940345236434e-23
0,0,1.332996019026508e-17
-1,0,4.495741408909597e-58
-1,0,3.6048223813783205e-34
0,0,7.908084963096478e-32
0,0,9.351469515282643e-29
-1,0,2.17469094833014e-34
0,0,1.7437334332038353e-10
0,0,0.05953719298058312
0,0,1.8640000685378623e-11
-1,0,1.5262434871160443e-54
0,0,2.0619994296887393e-07
0,0,2.4259165318937102e-23
0,0,3.2157637135027312e-27
0,0,3.240157782010534e-17
0,0,1.9610746412487687e-29
-1,0,1.5551793294497508e-40
0,0,8.903049889243346e-17
0,0,2.1658565349228067e-19
-1,0,7.740233809680226e-74
0,0,9.872842980795741e-22
0,0,1.3839487832187658e-24
0,0,2.288472118363293e-15
0,0,3.092329903464274e-14
0,0,5.281791839576714e-31
0,1,0.9999999999999243
0,0,6.015872887916066e-21
-1,0,6.687484537200293e-35
0,0,2.6753441687911963e-53
0,0,1.1013377794972062e-10
-1,0,1.458395657211412e-48
0,0,5.0790556472839706e-18
0,0,6.346107821770395e-11
0,0,3.2157637135027312e-27
-1,0,2.7077455742382554e-52
0,1,0.999999999998143
-1,0,3.050906563393238e-40
0,0,2.1822862362576766e-09
-1,0,3.619526259804063e-49
0,0,2.1658565349228067e-19
-1,0,9.846494314958708e-50
-1,0,5.027364185125254e-56
0,0,0.05953719298058312
0,1,0.9999999999999545
-1,0,9.937355064727951e-46
0,0,4.500437907671498e-24
0,0,4.2593059247390175e-28
-1,0,6.631735400392461e-42
-1,0,4.172296461999457e-73
0,0,0.0030423243084490926
0,1,0.9999461360071845
0,0,6.716306866666559e-13
0,0,5.96086763575867e-25
0,0,3.4579988462871955e-12
-1,0,3.3618562584609986e-67
0,0,4.787391699239578e-07
-1,0,1.5472452679732114e-59
0,1,0.969919102690353
0,0,9.720752087135981e-48
0,0,5.313200019137595e-15
-1,0,1.7231787328725944e-42
0,0,7.096536933930317e-09
0,0,2.2828843849904702e-06
-1,0,7.089131287813501e-43
-1,0,3.3887495630313975e-51
0,0,1.545083296976562e-16
-1,0,1.0429375180855304e-54
0,0,7.472195782440466e-30
-1,0,6.90485144227261e-67
0,0,4.943001231727108e-39
0,0,2.297806674202361e-30
-1,0,8.313156459272358e-47
-1,0,1.2353043507598115e-57
-1,0,2.2860839493247897e-49
0,0,6.0011977073207086e-12
0,0,0.007035147419301393
-1,0,5.888184426328327e-63
0,0,6.241825639057942e-71
0,0,7.472195782440466e-30
0,0,7.381084353006928e-68
0,0,2.1640939635609214e-16
0,0,1.8469568571046376e-15
0,0,4.7707318054588183e-32
0,0,6.967357969343674e-17
-1,0,4.269721526182412e-37
-1,0,3.340031502104686e-43
-1,0,7.440129634632307e-52
-1,0,4.937842889441058e-73
-1,0,7.829401800259734e-33
0,0,4.934959288777231e-33
0,0,3.8058024235489005e-27
0,0,4.4894594943768996e-15
0,0,5.941487522317673e-13
0,0,1.8315599989987084e-22
0,1,0.9999999999998517
-1,0,2.2716372669978404e-71
0,0,1.827092073197547e-13
0,0,1.6325550601623422e-12
0,0,1.5413139677462272e-07
-1,0,1.6980150510987818e-71
0,0,3.4180216238487823e-07
0,0,2.2023752744634825e-05
-1,0,3.39427182351281e-57
-1,0,2.5522549449936187e-41
-1,0,4.697238803988491e-58
0,0,3.626258460663223e-18
-1,0,8.676684781620711e-81
0,0,2.4278923476750363e-26
0,0,8.807293910168616e-15
0,0,3.031100454121295e-16
-1,0,1.6432226590795316e-36
-1,0,1.6255491206274863e-34
0,0,1.5476011438320488e-22
0,0,1.9206802077709e-28
0,0,6.2983300905356005e-21
-1,0,4.0475363306255544e-47
0,0,1.1504347068971367e-47
0,0,0.2876778230149282
-1,0,8.369401659752582e-34
0,0,1.3175859730924498e-12
0,0,1.3910261329170488e-05
-1,0,1.02353250477566e-68
-1,0,8.165125700000763e-64
0,0,2.1693859854557384e-25
-1,0,3.1449468566892876e-66
0,1,0.999802026962188
0,0,2.0498106541157928e-23
0,0,3.018092803088923e-38
0,0,2.044810325481518e-14
0,0,6.67660443286578e-29
0,0,1.1214992939806215e-39
0,0,3.4208066391673977e-10
0,0,0.00014707774493512014
-1,0,1.8266719275011704e-50
0,0,1.1124058959796477e-09
0,0,7.037377847698305e-16
0,0,4.0310937141455423e-32
-1,0,3.223627462613011e-36
0,1,0.9999997925218902
0,0,1.7362503835925713e-32
0,0,1.045728360315677e-26
0,0,1.2195292011344601e-55
0,0,1.8192512983862577e-35
0,0,2.17292118753352e-31
0,0,3.6018887813952376e-31
-1,0,7.434074866363372e-49
0,0,5.632307975376277e-23
-1,0,6.67660443286578e-29
-1,0,2.807806291764087e-62
0,0,3.4180216238487823e-07
-1,0,2.863369315105641e-51
0,0,3.834672394516415e-17
0,0,1.309797262584376e-28
0,0,7.478281598730571e-33
0,0,1.0448773478730175e-23
0,0,4.2558397068601e-25
0,0,4.4894594943768996e-15
0,0,3.7903418211983894e-12
0,0,6.682042270578171e-32
0,0,1.0482855586037235e-35
0,1,0.9999999999999243
0,0,1.3910261329170488e-05
-1,0,2.521714170386181e-42
-1,0,6.5508720357872715e-80
0,0,2.4239423240288167e-20
0,0,1.3805727646996069e-15
-1,0,3.1791398186219792e-68
-1,0,1.2225114077033248e-64
-1,0,2.8563843833277154e-42
0,1,0.9999963631396123
0,0,1.721776412156956e-39
-1,0,6.968567518169492e-63
0,0,3.423592755874988e-13
-1,0,9.822474678134604e-41
-1,0,7.30764469412992e-69
0,0,4.2951114287841025e-21
0,0,1.2416388220063035e-38
0,0,4.7668493898325065e-29
0,0,2.065360061963513e-13
0,0,3.8284336306748464e-11
0,0,3.392289637221622e-17
0,0,2.051480146114337e-26
-1,0,5.608137513935301e-45
0,0,6.308593764115123e-27
0,0,3.0360398944491674e-22
0,0,3.4089007651225375e-35
-1,0,1.3873330573701548e-33
-1,0,8.790943042663647e-46
0,1,0.9999999999988798
0,0,4.75135129667565e-17
-1,0,1.9463103635912954e-39
0,1,0.9999999999994289
0,0,7.888793901454449e-23
0,0,2.3095895115515735e-11
0,1,0.9999999999990534
-1,0,4.5187949541097945e-39
-1,0,1.1532479514973866e-56
0,0,1.3805727646996069e-15
0,0,0.0015531210928189873
0,0,8.873316656119891e-05
0,0,3.587256553047487e-16
0,0,5.632307975376277e-23
-1,0,4.945889531467599e-79
0,0,9.96394686882897e-18
-1,0,8.850420854282638e-33
0,1,0.9999999615097016
0,0,6.2983300905356005e-21
0,0,7.882374010761638e-20
-1,0,2.28794587684177e-52
0,0,9.832726107204305e-07
0,0,4.507771760452391e-30
0,0,1.7348374251838137e-29
0,0,4.048467287056211e-10
-1,0,4.2203615851941506e-32
-1,0,7.760946240686562e-46
0,0,3.0665511937142283e-21
-1,0,3.1585012348666055e-44
0,0,3.2131467289810357e-24
-1,0,8.319927205713574e-50
-1,0,2.30155114889863e-36
-1,0,2.875710124768479e-29
-1,0,6.687484537200293e-35
-1,0,1.171291669718219e-30
-1,0,1.8910921782840298e-54
-1,0,4.9338244790217234e-70
0,0,0.4724623189424665
0,1,0.9999999999997922
-1,0,5.002866496504259e-38
0,0,3.1974792610078003e-06
0,0,1.1646355662276748e-09
0,0,5.016253883786649e-10
-1,0,7.415940109697541e-40
0,0,2.40569326978843e-30
-1,0,1.0378554198669982e-36
0,1,0.9998327148965551
0,0,3.2027000705472315e-12
0,0,6.649481551905007e-14
0,1,0.9999999999998745
-1,0,1.8207330086505324e-38
0,0,1.849966633033214e-21
0,0,4.2593059247390175e-28
0,0,3.7965185110096325e-18
-1,0,1.147364424130683e-75
0,0,9.94773617232932e-12
-1,0,1.2416388220063035e-38
0,0,0.009825961931031822
0,0,3.2157637135027312e-27
-1,0,5.2484140763295925e-53
-1,0,2.8850901980618946e-41
0,1,0.9920058436002613
-1,0,3.546401776822081e-57
0,0,6.716306866666559e-13
0,1,0.9996116960617352
0,1,0.9993565019537479
0,0,1.729197080832945e-17
-1,0,1.556445963244256e-43
-1,0,6.658785895746253e-57
0,0,4.5114431673065613e-33
-1,0,6.568401801477762e-52
-1,1,0.9999999999988798
0,0,1.1031325047771163e-16
0,0,0.19590697142702915
0,0,9.955838221224878e-15
0,0,1.4670680081983107e-32
0,0,3.240157782010534e-17
0,0,3.031100454121295e-16
0,0,1.0908199164963026e-20
0,0,9.888931632263629e-28
-1,0,2.2860839493247897e-49
0,0,1.648961753639555e-11
0,0,1.5390737271404369e-47
0,0,6.984395774329696e-26
0,0,1.205430883707339e-50
-1,0,3.9689948185585506e-58
0,1,0.9998805588889411
0,0,4.2558397068601e-25
0,0,6.371993257853701e-26
-1,0,4.408502580329785e-69
0,0,4.0616726947501898e-22
-1,1,0.999999999998431
0,0,1.1684344090910377e-21
0,0,7.522751206468562e-17
0,0,4.2523763097849655e-22
0,0,0.0013126465350361259
0,0,3.617412516379185e-09
0,0,8.475414395904684e-05
0,0,7.823030242785213e-30
-1,1,0.9999999999939615
0,0,1.394447110968193e-14
-1,0,4.431108776784878e-50
0,0,8.895804598284825e-14
0,0,1.1049301545955912e-22
0,1,0.999540481540717
0,0,2.565342558222492e-22
0,0,1.9368262475632567e-21
0,0,5.53652017659843e-43
0,0,6.671171020458928e-26
-1,0,9.913113781281077e-37
0,0,9.229925940284032e-64
-1,0,5.006941138993312e-41
0,0,1.6516488794511164e-17
-1,0,1.6938728961810846e-62
0,0,4.284633890939777e-12
0,0,2.4239423240288167e-20
-1,0,1.1019813144820102e-50
0,0,7.5105121767817e-11
0,0,9.30590102566265e-11
0,0,3.825317909950347e-08
0,1,0.7830138077937304
0,0,8.405472868634772e-12
-1,0,5.985181697244789e-40
-1,0,3.3618562584609986e-67
0,0,3.8377955878059175e-20
0,0,2.869853032469877e-29
-1,0,6.31887416323833e-33
-1,0,6.271301464746202e-43
0,1,0.7203891326023106
0,0,1.371294850329539e-28
0,0,6.346107821770395e-11
-1,0,8.145207610611285e-55
0,1,0.9999999999244293
0,0,2.176462150528882e-37
-1,0,1.0346607080704875e-70
-1,0,8.812440197519765e-55
-1,0,8.836021792608121e-27
0,0,1.3862040474487271e-30
0,1,0.9999984335483707
0,0,0.14817349570441543
0,1,0.9426474162673102
0,0,3.7965185110096325e-18
0,1,0.999802026962188
-1,0,3.350926112108043e-55
0,0,4.7474846528831225e-14
0,1,0.9999999999999545
0,0,3.053391409535392e-43
0,0,6.206355200710775e-50
0,0,7.453968033230256e-21
0,0,9.880884031966044e-25
0,1,0.995161999928704
0,0,8.272647534337216e-29
0,0,1.730605445398026e-20
0,0,5.934215476081268e-16
-1,0,4.1587313933434144e-61
-1,0,1.5434709023740468e-50
0,0,5.646081082101814e-32
-1,0,1.3119316904986356e-34
-1,0,1.600507577991244e-60
-1,0,5.303335987071985e-46
0,0,1.834544684415435e-28
-1,1,0.9999999999992002
0,0,1.8424479774331652e-06
0,0,1.3044763729624926e-13
0,1,0.999802026962188
0,0,1.1763397953151616e-08
-1,0,5.521744298939026e-71
-1,0,1.806283570463279e-54
-1,0,2.2716372669978404e-71
0,0,2.519662002521949e-39
0,0,7.447902003289706e-18
-1,0,6.271301464746202e-43
0,0,9.704937052898433e-42
0,0,4.538270467848025e-17
0,0,7.856746033196594e-08
0,0,9.399422559248497e-10
-1,0,5.646081082101814e-32
0,0,1.7437334332038353e-10
0,1,0.9083862650298209
0,0,1.2843809477940155e-39
-1,0,1.356781507185163e-72
0,0,8.82883104903205e-24
0,0,3.258675867605883e-38
-1,0,6.169667269170348e-66
0,0,1.0770843559247784e-49
-1,0,2.4358117161724606e-38
0,0,9.872842980795741e-22
0,0,5.062516872573175e-06
0,0,1.9368262475632567e-21
0,1,0.9999999999939615
-1,0,8.676684781620711e-81
-1,0,1.4560229419066967e-42
0,0,3.3978176665600345e-23
0,0,0.03678605105793915
0,0,0.1104725811709537
-1,0,1.7362503835925713e-32
0,0,8.843218392768287e-30
0,1,0.9998805588889411
-1,0,4.4884271287316484e-52
0,0,4.014717893764462e-17
0,0,2.6064636687313277e-05
0,1,0.9998805588889411
0,0,6.710841139969479e-10
-1,0,4.556781831283434e-32
0,0,1.941562514602094e-30
-1,0,2.4318488082263972e-32
0,1,0.9998805588889411
0,0,3.808902103356619e-30
0,0,5.330530766479859e-27
0,0,1.7362503835925713e-32
-1,0,1.3556773600773454e-69
-1,0,7.066082936981593e-31
0,0,1.2446750948956284e-47
0,1,0.9992385207630187
-1,0,3.345474372292546e-49
0,1,0.9996718776349768
0,0,6.705375374063721e-07
0,0,9.343859300989404e-26
0,0,4.5041033413845324e-27
-1,0,1.6335089964752571e-52
0,0,4.7232644009922426e-33
0,0,1.6378801748168368e-24
0,0,1.1130558994148668e-49
0,1,0.8933691021372158
0,0,1.4658741100727708e-29
-1,0,1.2988783488468895e-35
0,0,1.085254878359865e-39
0,0,7.460039003719166e-24
-1,0,2.55641406515253e-47
0,0,7.901649373361628e-29
0,1,0.9999999999992002
-1,0,3.226252983289404e-39
0,0,1.084371699285859e-36
0,0,4.0179877271934834e-20
-1,0,1.1464307003853933e-72
0,1,0.9970757539106617
0,0,1.1013377794972062e-10
0,1,0.9998327148965551
-1,0,1.4730521004371203e-47
-1,0,4.979352458529527e-66
-1,0,2.396336375090696e-61
-1,0,4.050832893410165e-50
-1,0,9.744522974049765e-57
-1,0,1.9147679972648578e-62
0,1,0.9426474162673102
0,0,1.4730521004371203e-47
0,0,3.7441246888694135e-50
-1,0,1.822215925710872e-41
0,0,8.910301081212357e-20
0,0,1.7362503835925713e-32
0,1,0.969919102690353
0,0,3.043464151374046e-31
0,0,1.2972885948707666e-38
-1,0,2.5190825981432357e-76
-1,0,8.836021792608121e-27
0,0,1.3154406156419533e-06
-1,0,1.392991914992902e-48
0,0,6.716306866666559e-13
0,0,1.0966115035603886e-32
-1,0,8.655518789885445e-72
0,0,2.5826991605843896e-09
0,0,5.627724410131389e-20
0,0,1.733425616638832e-26
-1,0,8.213679626757244e-48
0,0,6.250912061522801e-31
-1,0,8.77664074753732e-40
0,0,8.29813284306692e-10
0,1,0.5145458140906868
0,0,1.730605445398026e-20
0,0,0.0005657986584485379
-1,0,1.2988783488468895e-35
0,0,9.96394686882897e-18
0,0,1.935250060765139e-18
0,0,4.266246832099989e-34
-1,0,2.0426764333227763e-48
-1,0,6.144603757831867e-51
-1,0,4.778506125521921e-38
0,1,0.9999999974012914
-1,0,9.30376110466694e-48
0,0,9.939640618272312e-09
-1,0,2.3821707944827585e-77
0,0,1.648961753639555e-11
-1,1,0.999999999999754
0,0,1.9499303994023235e-08
-1,0,1.933675156665907e-15
0,0,0.06969986277062833
-1,0,1.1741559174199063e-39
0,1,0.9959089985382366
0,0,1.3794492562940689e-12
-1,0,6.5189504925254865e-62
-1,0,4.654290289338776e-62
0,0,4.291616072430402e-18
0,0,1.3076663072461031e-22
0,0,1.1753686901971918e-05
0,0,5.675033411334533e-13
-1,0,1.242650089107622e-41
0,1,0.9999984335483707
-1,0,1.2073952375813435e-56
0,0,3.392289637221622e-17
0,0,1.2272849072118267e-33
-1,0,7.071837989966978e-34
0,0,4.762970133711148e-26
-1,0,8.850420854282638e-33
0,1,0.9888388702745163
-1,0,2.7077455742382554e-52
0,1,0.9998805588889411
-1,0,1.2376019765855888e-26
0,0,2.273092814283566e-28
-1,0,4.050832893410165e-50
-1,0,4.203946575252904e-63
0,0,1.0519467847681646e-10
0,1,0.9999999999997089
0,0,1.3839487832187658e-24
-1,0,4.734814555027112e-42
-1,0,5.51725071027713e-68
-1,0,1.2906702150674437e-57
0,0,1.5488616054856388e-25
0,0,1.1703384740101137e-27
0,0,5.527512616754819e-37
-1,0,3.166224955726774e-53
0,1,0.7203891326023106
-1,0,3.032871589964606e-56
0,0,2.384659341124866e-43
-1,0,2.388545349753177e-49
0,0,3.4089007651225375e-35
-1,0,3.557969531272754e-69
0,0,0.0225206881308616
0,0,3.22951900331595e-05
-1,0,2.657364954117994e-66
0,0,3.831551742877566e-14
-1,0,8.362590651061912e-31
-1,0,8.233765155922897e-57
-1,0,5.911175823617494e-32
0,1,0.8762257613636502
0,0,5.321858338068995e-21
0,0,0.3612910141493116
0,0,2.1822862362576766e-09
-1,0,9.404914848682069e-50
0,0,1.4524711049631427e-33
0,0,1.9499303994023235e-08
0,0,3.5718622162012146e-38
-1,0,1.806283570463279e-54
0,0,3.8377955878059175e-20
0,0,0.14817349570441543
0,0,8.503780474914629e-17
0,0,8.376218215747831e-37
0,0,1.0966115035603886e-32
0,0,7.497730858498214e-05
-1,0,2.0564967849631063e-35
-1,0,9.880884031966044e-25
0,0,1.6365472699619638e-21
-1,0,1.632179648879886e-49
0,0,5.965722533357284e-28
-1,0,1.7302074871115532e-57
0,0,1.4721916509832738e-07
-1,0,7.428025025457241e-46
-1,0,1.5184570476838378e-73
0,0,5.028520509584165e-19
0,0,1.4634892278094616e-23
0,0,2.273092814283566e-28
0,0,1.6445610007823005e-39
-1,0,5.61270512640593e-48
0,1,0.9992385207630187
0,0,1.092597501887347e-26
-1,0,7.30764469412992e-69
-1,0,1.2312881001214309e-45
0,0,4.534577228969644e-14
0,1,0.991633642291994
0,1,0.9989337726694621
0,0,1.8439519744864257e-09
-1,0,2.0564967849631063e-35
0,0,1.2999362353429834e-38
-1,0,8.620356813741767e-57
0,0,0.016183188969680833
0,0,2.4239423240288167e-20
0,0,7.528878198208516e-20
-1,0,8.812440197519765e-55
0,0,2.0464757449046067e-17
-1,0,1.304176404426511e-50
0,1,0.999540481540717
0,0,1.2165542693901602e-46
0,0,2.1693859854557384e-25
-1,0,4.168901052313315e-70
-1,0,3.82755327019883e-48
0,0,0.1281449658119556
0,0,3.5989575687722334e-28
0,0,0.14247520701452804
0,0,1.9368262475632567e-21
0,1,0.9999999999978024
0,0,8.685748923800583e-47
-1,0,2.297806674202361e-30
0,0,6.250912061522801e-31
-1,0,7.030033887615479e-50
0,1,0.9999999999995175
-1,0,4.241027558202691e-50
0,0,0.026543175832596553
0,1,0.9982338331721738
-1,0,5.815377909401755e-55
0,0,4.2593059247390175e-28
0,1,0.999999999999936
-1,0,2.5647526494531952e-59
-1,0,4.007264512394356e-48
0,0,1.6281980935014953e-40
0,0,9.328657446911647e-20
0,0,4.4967754568839054e-21
-1,0,1.2292848741071109e-39
0,0,1.7203752326482014e-36
0,0,9.313480325265302e-14
0,0,2.3057787916287177e-05
0,0,7.856746033196594e-08
-1,0,1.0474324651162831e-32
-1,0,1.1751122222889715e-42
-1,0,1.43476055207646e-71
0,0,1.7390797537483555e-38
-1,0,4.050832893410165e-50
0,0,3.181176846452595e-25
-1,1,0.9999999999992002
0,0,1.5488616054856388e-25
0,0,6.288083115288434e-15
0,0,5.044922681183829e-31
0,0,1.1058300777413428e-25
-1,0,5.049031576818981e-34
-1,0,7.030033887615479e-50
-1,0,7.4461893342774e-55
-1,0,6.534891772949791e-71
0,0,0.00028849212691758126
-1,0,2.439781082019711e-44
0,0,1.729197080832945e-17
-1,0,1.5551793294497508e-40
0,0,2.5632548856303504e-19
0,0,0.08144701269379574
0,0,3.2157637135027312e-27
0,0,5.281791839576714e-31
0,0,9.343859300989404e-26
0,0,1.4745909316856036e-13
0,1,0.9744636507167992
0,0,4.2558397068601e-25
0,0,3.0335691689485574e-19
0,0,1.3208079652698235e-21
-1,0,2.5278807078965357e-51
-1,0,1.9034491354002638e-78
0,1,0.9583694221824719
0,0,2.871031530594612e-23
-1,0,1.1643677558907325e-46
0,0,3.5660510276497356e-32
0,0,1.3044763729624926e-13
0,0,8.279385287815929e-32
0,0,1.4658741100727708e-29
0,0,1.1076321234882641e-31
0,0,3.129621941686615e-48
0,0,1.470655540048266e-41
-1,0,4.913781426393847e-55
-1,0,3.5521809452199655e-63
-1,0,3.557969531272754e-69
-1,0,1.4619619819085933e-57
-1,0,4.0137946964766426e-54
-1,0,4.050832893410165e-50
0,0,1.1067307338399106e-28
0,0,4.302110684310445e-27
-1,0,7.434074866363372e-49
0,0,1.1655841184927064e-12
0,0,5.91356185943883e-41
-1,0,8.198430812686105e-79
-1,0,3.932704896069457e-62
-1,0,1.43476055207646e-71
0,0,1.037010814413511e-33
0,0,1.6338847135184283e-15
0,0,1.1792164014500074e-17
0,0,0.008315245403464249
0,0,5.670415072970668e-10
0,0,1.3066021300271093e-19
0,0,2.569523005779067e-28
0,1,0.999540481540717
0,0,6.288083115288434e-15
0,0,6.644070211624141e-11
0,0,9.94773617232932e-12
0,1,0.9987383846518522
-1,0,2.9691808769217926e-61
0,0,2.72883898486737e-05
-1,0,4.2073705281705957e-66
-1,0,2.3821707944827585e-77
-1,0,4.5114431673065613e-33
0,0,1.0237679235012946e-31
0,0,1.3794492562940689e-12
-1,0,9.175364626909386e-80
-1,0,3.348199132594045e-52
-1,0,8.69990310283943e-53
0,0,8.873316656119891e-05
0,0,3.2322536041989854e-08
-1,0,1.2302860793926403e-42
0,0,1.3165137215302193e-09
0,0,7.05458687756448e-25
0,1,0.9995189166142138
-1,0,5.0696263076042e-49
0,0,7.460039003719166e-24
0,0,0.06969986277062833
-1,0,3.221004078581996e-33
0,0,6.324020643394645e-36
-1,0,5.292534436491751e-46
0,1,0.9999999999992002
0,0,2.7149913493360288e-24
0,0,1.146694386446416e-35
0,0,6.531075527946368e-31
-1,0,2.875710124768479e-29
0,0,7.037377847698305e-16
0,0,6.282965881008664e-12
-1,0,5.970581385083449e-31
0,0,3.523378973712656e-33
-1,0,2.8383337435854758e-64
-1,0,9.68691969802016e-73
0,1,0.9999999978041865
0,1,0.9999999988806987
-1,1,0.9999999999998244
0,0,3.1585012348666055e-44
0,1,0.9999999999859805
0,0,2.871031530594612e-23
-1,0,3.0353417473139436e-59
0,0,1.9399824734357346e-27
-1,0,5.970581385083449e-31
-1,0,9.720752087135981e-48
0,0,6.698382371605761e-41
0,0,4.5419667147272617e-20
0,0,3.223627462613011e-36
0,0,3.374983186435948e-36
0,0,8.857629181925211e-36
0,1,0.9998248619036794
0,0,2.866360548190573e-17
0,0,3.777149804974997e-37
0,0,2.2922013815935168e-21
